# Resource object code (Python 3)
# Created by: object code
# Created by: The Resource Compiler for Qt version 6.11.1
# WARNING! All changes made in this file will be lost!

from PySide6 import QtCore

qt_resource_data = b"\
\x00\x00\x04]\
\x89\
PNG\x0d\x0a\x1a\x0a\x00\x00\x00\x0dIHDR\x00\
\x00\x00 \x00\x00\x00 \x08\x06\x00\x00\x00szz\xf4\
\x00\x00\x00\x19tEXtSoftware\
\x00Adobe ImageRead\
yq\xc9e<\x00\x00\x03&iTXtXML\
:com.adobe.xmp\x00\x00\
\x00\x00\x00<?xpacket beg\
in=\x22\xef\xbb\xbf\x22 id=\x22W5M\
0MpCehiHzreSzNTc\
zkc9d\x22?> <x:xmpm\
eta xmlns:x=\x22ado\
be:ns:meta/\x22 x:x\
mptk=\x22Adobe XMP \
Core 5.6-c145 79\
.163499, 2018/08\
/13-16:40:22    \
    \x22> <rdf:RDF \
xmlns:rdf=\x22http:\
//www.w3.org/199\
9/02/22-rdf-synt\
ax-ns#\x22> <rdf:De\
scription rdf:ab\
out=\x22\x22 xmlns:xmp\
=\x22http://ns.adob\
e.com/xap/1.0/\x22 \
xmlns:xmpMM=\x22htt\
p://ns.adobe.com\
/xap/1.0/mm/\x22 xm\
lns:stRef=\x22http:\
//ns.adobe.com/x\
ap/1.0/sType/Res\
ourceRef#\x22 xmp:C\
reatorTool=\x22Adob\
e Photoshop CC 2\
019 (Windows)\x22 x\
mpMM:InstanceID=\
\x22xmp.iid:A8E8AA2\
0AEB911EB9F43924\
943430DAB\x22 xmpMM\
:DocumentID=\x22xmp\
.did:A8E8AA21AEB\
911EB9F439249434\
30DAB\x22> <xmpMM:D\
erivedFrom stRef\
:instanceID=\x22xmp\
.iid:A8E8AA1EAEB\
911EB9F439249434\
30DAB\x22 stRef:doc\
umentID=\x22xmp.did\
:A8E8AA1FAEB911E\
B9F43924943430DA\
B\x22/> </rdf:Descr\
iption> </rdf:RD\
F> </x:xmpmeta> \
<?xpacket end=\x22r\
\x22?>\xafw\xf7\x08\x00\x00\x00\xcdIDATx\
\xdab`\xa0\x0c\xdc\x85\xe2\x01\x03\xff\xa1\x98l\xc0\xc4\
0\xc0\x80\x85B\xfd\xf7h\xe1(X\xbc*Q\xd1L\
%R\xd2\xcb]h\xbcR\xcb\x11JhfR_\x03\
-<\xa4D\xc5,F\xf5(5\x06\xe2\xdd@\xfc\x0e\
)\x1b\xbe\x83\x8a\x19\xd3:\xd7\xacB\xb2\x14\x17\xdeM\
+\xcb\xef\x22Y\xb2\x0a\xcd\xb7\xc6h\x8e\xa3z\xe9\xb8\
\x1b)\xa8\x8d\x09D\xcf;j\x87\x84\x0b\x92\xcf\x5ch\
\xa0\x9e\xe8x_Ec=\x04\xe3\xde\x85\x8cP\xbbK\
j\xe2\xbaK\xc5\x1a\x0f\x97>\x14\xfb\x06\xbc6\x1c\xf0\
( &\x04\xceB\xe94\x12\x1c\x90\x86\xa6whg\
\xc3\x01/\x88\x06EQ\x8c\x1e\x12\x03R\x19\xd1\xb5:\
\x1e\xd0\x06\xc9\x807\xc9\x06\xbcQ:\xe0\xcd\xf2\xd1\xbe\
\xe1\xc8\xea\x1b\x02\x04\x18\x00I\x1d\x8c\x88\xf9\xa8n\xcc\
\x00\x00\x00\x00IEND\xaeB`\x82\
\x00\x00\x01_\
\x89\
PNG\x0d\x0a\x1a\x0a\x00\x00\x00\x0dIHDR\x00\
\x00\x00\x14\x00\x00\x00\x14\x08\x03\x00\x00\x00\xbaW\xed?\
\x00\x00\x00TPLTEGpL\x00\x00\x00\x00\x00\
\x00\x00\x00\x00\x00\x00\x00\x00\x00\x00\x00\x00\x00\x00\x00\x00\
\x00\x00\x00\x00\x00\x00\x00\x00\x00\x00\x00\x00\x00\x00\x00\x00\
\x00\x00\x00\x00\x00\x00\x00\x00\x00\x00\x00\x00\x00\x00\x00\x00\
\x00\x00\x00\x00\x00\x00\x00\x00\x00\x00\x00\x00\x00\x00\x00\x00\
\x00\x00\x00\x00\x00\x00\x00\x00\x00\x00\x00\x00\xa7\xf4\xa8\xfd\
\x00\x00\x00\x1btRNS\x00\xe9\x15\xfb\xc7X\x9a\xe1\
\x06\x90\xb7P\xf4\x0d\xbc\xee\x22:\xd2\xaeJ\x7fdi\
/@\xaa\x11\x86)\x18\x00\x00\x00\x9fIDATx\
\xdae\xd0\xc7\x0e\xc30\x0c\x03P\xc6\xdb\xd9\xce\xea\xe0\
\xff\xffg\x95\xbaH\x05\xe4]\x22\x0a\xca\xc1\xc4%\x04\
\xdc\xf5=\xb4\x01\xa7\x18U\x80\xa1\x83\x98&\x08G\x83\
Sj\xd9&9\x19d\x1c9&To>\xe1s\xf6\
(\x5cq)Xh-\x17\xbc\xa0,\xf4\x80\x97\xad\xe2\
\xd9\xd5\x8f\xaf94M3\x07[\x03\xf3,1 \xc7\
\x18\xf5Rb\xae\xa1\xab\xff\x1d\xec\xa08\x1e\xc0\x83\x0e\
\xca&[\xe1\xa0.G\x16l\xfb\xbe\xa1\xb0E\x95\xdc\
\xf7\x1d\xc6\xc8\xb8\xd2\xa5Z\x88m\xff\x85\x8c\xd6\xfcN\
uu\xe9V\xf2M\xce\xd7\xf8\x01\x09\xca\x07J\xd6\xd8\
\xf5\x0b\x00\x00\x00\x00IEND\xaeB`\x82\
\x00\x00\x047\
\x89\
PNG\x0d\x0a\x1a\x0a\x00\x00\x00\x0dIHDR\x00\
\x00\x00\x18\x00\x00\x00\x18\x08\x06\x00\x00\x00\xe0w=\xf8\
\x00\x00\x00\x19tEXtSoftware\
\x00Adobe ImageRead\
yq\xc9e<\x00\x00\x03&iTXtXML\
:com.adobe.xmp\x00\x00\
\x00\x00\x00<?xpacket beg\
in=\x22\xef\xbb\xbf\x22 id=\x22W5M\
0MpCehiHzreSzNTc\
zkc9d\x22?> <x:xmpm\
eta xmlns:x=\x22ado\
be:ns:meta/\x22 x:x\
mptk=\x22Adobe XMP \
Core 5.6-c145 79\
.163499, 2018/08\
/13-16:40:22    \
    \x22> <rdf:RDF \
xmlns:rdf=\x22http:\
//www.w3.org/199\
9/02/22-rdf-synt\
ax-ns#\x22> <rdf:De\
scription rdf:ab\
out=\x22\x22 xmlns:xmp\
=\x22http://ns.adob\
e.com/xap/1.0/\x22 \
xmlns:xmpMM=\x22htt\
p://ns.adobe.com\
/xap/1.0/mm/\x22 xm\
lns:stRef=\x22http:\
//ns.adobe.com/x\
ap/1.0/sType/Res\
ourceRef#\x22 xmp:C\
reatorTool=\x22Adob\
e Photoshop CC 2\
019 (Windows)\x22 x\
mpMM:InstanceID=\
\x22xmp.iid:A3BE0B8\
4AEB911EBB8D0D88\
C6EB5CEE6\x22 xmpMM\
:DocumentID=\x22xmp\
.did:A3BE0B85AEB\
911EBB8D0D88C6EB\
5CEE6\x22> <xmpMM:D\
erivedFrom stRef\
:instanceID=\x22xmp\
.iid:A3BE0B82AEB\
911EBB8D0D88C6EB\
5CEE6\x22 stRef:doc\
umentID=\x22xmp.did\
:A3BE0B83AEB911E\
BB8D0D88C6EB5CEE\
6\x22/> </rdf:Descr\
iption> </rdf:RD\
F> </x:xmpmeta> \
<?xpacket end=\x22r\
\x22?>\x82 \xf1\x09\x00\x00\x00\xa7IDATx\
\xdab` \x0d\xec\x86b\xa2\x01\x0b\x89\x16(\x91\xa8\
\x9ed\x0b\xee1P\x08\xde\x01\xf1*\x0a\xf4\xaf\x82\x9a\
\x81W\xc1\x7f2-!Z/AW\xd0\xc2\xf7\x1dP\
\x03\xfeC\xf1;\xa8\x18\xc5@\x09\xc9\xe0\xbbH\xc9\xf4\
.\x92EJ\x94X\x003(\x14\x8b\x5c(\x92\xc5d\
\x07\x0b.\xc3\xd1-\xe9 \xd7\xf5\xc4\xb8\xee\x0c>u\
LP\x05\xef\xa04z\xf8\xef!\xc2\x82\xb3X\xe2\x01\
n&\x13\xc3\x00\x02b\x83\xe8.\xa1 \xc2\x05VC\
\xbdN(\x92\x95\xa0j\x07_2\xa5KF\xa3IQ\
A\xd3\xc2\x8e\xe6\xc55\xcd+\x9c\xd1J\x1f\x03\x00\x04\
\x18\x00.1O\xef.\x97{\x81\x00\x00\x00\x00IE\
ND\xaeB`\x82\
\x00\x00\x05i\
\x89\
PNG\x0d\x0a\x1a\x0a\x00\x00\x00\x0dIHDR\x00\
\x00\x00@\x00\x00\x00@\x08\x06\x00\x00\x00\xaaiq\xde\
\x00\x00\x00\x19tEXtSoftware\
\x00Adobe ImageRead\
yq\xc9e<\x00\x00\x03&iTXtXML\
:com.adobe.xmp\x00\x00\
\x00\x00\x00<?xpacket beg\
in=\x22\xef\xbb\xbf\x22 id=\x22W5M\
0MpCehiHzreSzNTc\
zkc9d\x22?> <x:xmpm\
eta xmlns:x=\x22ado\
be:ns:meta/\x22 x:x\
mptk=\x22Adobe XMP \
Core 5.6-c145 79\
.163499, 2018/08\
/13-16:40:22    \
    \x22> <rdf:RDF \
xmlns:rdf=\x22http:\
//www.w3.org/199\
9/02/22-rdf-synt\
ax-ns#\x22> <rdf:De\
scription rdf:ab\
out=\x22\x22 xmlns:xmp\
=\x22http://ns.adob\
e.com/xap/1.0/\x22 \
xmlns:xmpMM=\x22htt\
p://ns.adobe.com\
/xap/1.0/mm/\x22 xm\
lns:stRef=\x22http:\
//ns.adobe.com/x\
ap/1.0/sType/Res\
ourceRef#\x22 xmp:C\
reatorTool=\x22Adob\
e Photoshop CC 2\
019 (Windows)\x22 x\
mpMM:InstanceID=\
\x22xmp.iid:B1077EF\
6AEB911EB951EB28\
88B752292\x22 xmpMM\
:DocumentID=\x22xmp\
.did:B1077EF7AEB\
911EB951EB2888B7\
52292\x22> <xmpMM:D\
erivedFrom stRef\
:instanceID=\x22xmp\
.iid:B1077EF4AEB\
911EB951EB2888B7\
52292\x22 stRef:doc\
umentID=\x22xmp.did\
:B1077EF5AEB911E\
B951EB2888B75229\
2\x22/> </rdf:Descr\
iption> </rdf:RD\
F> </x:xmpmeta> \
<?xpacket end=\x22r\
\x22?>{M\xb1#\x00\x00\x01\xd9IDATx\
\xda\xec[\xed\x8d\xc3 \x0c\xe5\xbaAW`\x85\xae\x90\
\x15\xb2\x02+t\x96\xac\x90\x1b!7\xc2u\x84\xae\xe0\
\x1b!\x97\x93\xf8\x81\x10!\xe5\x82\xc1\xf4a\x09\xa9_\
!\xf6\xab\x1f\xc6\xc6Q\xaa\x9e\x98m\xacv\x18\x05(\
\xe4\x00@\xb5\x94\xf8\xa8\x08\xc0*A\x97\x8b\x02\x97\x0e\
@\x07\xa0\x9e\xfc\xec\xbc\x86\x91f\xc2`k\xf1:\xbb\
\xben\xbc\x96\x0e\x82\xf1t%\x0e\x00\xa4\x82`\x02z\
\x12\xd7\xc4\xd2@`\xd7Q2\x08\xc5tcs\xb1\x96\
(j\x1a\x00\xc0\x94t9i\x14\x10\x1d\xa6\xaf\xdb\x18\
\xb7\xb1\xec\xb8-\xd9\xefF\xfb\xdb\xb7\x11m\x0d[\x13\
\xc7\xdf5\xb7\xd6\x8d\x9f\xfeax\x08\x88&\xffu\xca\
`\xbcK\x8ff\xbca\x88\x18O\xd6+\x06\x8f\xe7W\
\xfb\xd9|\x00\xdc\xd0\xea?O\x89+\xb4\x89\x00!\x1a\
\x84g@\xe1\xf9\xc4|\xdf\x81\xf9\x9eR\x8d\x9f\x03\xca\
NL\x0b\xe9,\x91\xf7\x9c\xab\xf7\x22\x9d\x0aK\x81-\
2I\x0d\x8f\xbaP2\x12J\xc6D\xec\x18\xef\x05\x13\
$\x7f\x91\xbd\x9f\x9d\xf0\x92\x89\xff\xae|2\x02\xe0\xcf\
}\x93\x00\x80\xf6\xde\x7f1\x02\xf0\xc8\x0d@\xac\xa2\xf2\
*\x97\xfdk4sF\x99J\xb7C\xfb\xe8`\x0f\x9e\
\x0a\x00\xb7\xa4\xde/j\x1f\xfc\xd1X\x0e\x0aPA\x0a\
h\x0e\x0a\xe4\x0eM##\x00c\xee\xbc \x07\x05\x1e\
\x07a1\xf7\x96;vo\x11\x00p{@V\x008\
B\x13\xdcV\x18>\x19\xaa\x95\x0e\x8b\xab\x11B\x17D\
\xf6B\xe2YeC\xa0\x8a-\x89\xedQ\x01\xaa(\x1a\
\x03\xe1\x95\xb2\xf8\xa4\x1a/\x8b\xbbi*\xec\xc1\xc8\xd1\
\xea\x0dq4\xe6{\x03\xec\xe1\xa8\xbfc|\x8b\xe3q\
\xe8\x06\x09\xe8\x16\x19\xe8&)\xe869\xf8FI\xf8\
VY\xf8fi\xf8vyxEK\x84\xaf\xfe\xdc\xa0\
\xea\xcf\x0d\xd6\x91\x0e@\x07\xa0\x9e\xf4\xe7\x06%\x84\xc1\
_\x01\x06\x00\xe9\x99\x1b,\x191\xa4!\x00\x00\x00\x00\
IEND\xaeB`\x82\
\x00\x00\x01\x9a\
\x89\
PNG\x0d\x0a\x1a\x0a\x00\x00\x00\x0dIHDR\x00\
\x00\x00\x18\x00\x00\x00\x18\x08\x03\x00\x00\x00\xd7\xa9\xcd\xca\
\x00\x00\x00cPLTEGpL\x00\x00\x00\x00\x00\
\x00\x00\x00\x00\x00\x00\x00\x00\x00\x00\x00\x00\x00\x00\x00\x00\
\x00\x00\x00\x00\x00\x00\x00\x00\x00\x00\x00\x00\x00\x00\x00\x00\
\x00\x00\x00\x00\x00\x00\x00\x00\x00\x00\x00\x00\x00\x00\x00\x00\
\x00\x00\x00\x00\x00\x00\x00\x00\x00\x00\x00\x00\x00\x00\x00\x00\
\x00\x00\x00\x00\x00\x00\x00\x00\x00\x00\x00\x00\x00\x00\x00\x00\
\x00\x00\x00\x00\x00\x00\x00\x00\x00\x00\x00\xc8\x01\xbcb\x00\
\x00\x00 tRNS\x00\x85\xe0t\x0a\x90\x05\xefk\
\xdd\x9b\xe6\x95D+6z\x1d$!K1\xa0\xe9\x17\
\xc1_;\xc7\xb6\xa1\xce\x17:\x16\xfb\x00\x00\x00\xc6I\
DATx\xda\x95\xd2\xd9\xae\xc3 \x0c\x04\xd0\x81\x10\
BHR\xb2/]\xe7\xff\xbf\xf2RY\xd1\x85\xaa/\
=/\x96=\x92A\x08$\x94\xc2w$\xbe\xabk\xe4\
F'u\xdb\xa4\xba\x09\xc2\xd1\xe3Mk\xbc\xadt\x10\
\xb6\xa5\xb78\x9b\x95\xa5\xc5\xa9e\x01,\xf3\xbc\x00=\
K$\xdc>\x1d\x8c\x8eap\xc8\x98\x8a*\x04\xc5\xca\
\x22\xf7\xe2\x82\xe8\xc6;2\x97ss\xc9\x0b\x84\xaa\x22\
3\x9f\xfd\xc2\xceT\x91B\xaf\xeb\xba\xfe\x0fB\x0c\xe2\
@\xf7\x9f\xab<Gd\xee\xbc!\xeax\xe0\xc3\xc6\xb6\
\xeb<\x1b\xe4\x8ai\x7f0z\xecc\x81\xc4\x93\xb1\x1d\
C\x18\x81\x9e\x1e'\xb3\xca\xd1\xd6\xca\xbby\x03\xe1d\
\x8e\xa6\x81$\x0eb\xb8\x22\x0dp\x1d\x90\xd3\xfa\xd7\xcf\
P\xa47\xfd\x03\xc7!\x0b\xcb#B\x1dN\x00\x00\x00\
\x00IEND\xaeB`\x82\
\x00\x00\x04]\
\x89\
PNG\x0d\x0a\x1a\x0a\x00\x00\x00\x0dIHDR\x00\
\x00\x00\x14\x00\x00\x00\x14\x08\x06\x00\x00\x00\x8d\x89\x1d\x0d\
\x00\x00\x00\x19tEXtSoftware\
\x00Adobe ImageRead\
yq\xc9e<\x00\x00\x03&iTXtXML\
:com.adobe.xmp\x00\x00\
\x00\x00\x00<?xpacket beg\
in=\x22\xef\xbb\xbf\x22 id=\x22W5M\
0MpCehiHzreSzNTc\
zkc9d\x22?> <x:xmpm\
eta xmlns:x=\x22ado\
be:ns:meta/\x22 x:x\
mptk=\x22Adobe XMP \
Core 5.6-c145 79\
.163499, 2018/08\
/13-16:40:22    \
    \x22> <rdf:RDF \
xmlns:rdf=\x22http:\
//www.w3.org/199\
9/02/22-rdf-synt\
ax-ns#\x22> <rdf:De\
scription rdf:ab\
out=\x22\x22 xmlns:xmp\
=\x22http://ns.adob\
e.com/xap/1.0/\x22 \
xmlns:xmpMM=\x22htt\
p://ns.adobe.com\
/xap/1.0/mm/\x22 xm\
lns:stRef=\x22http:\
//ns.adobe.com/x\
ap/1.0/sType/Res\
ourceRef#\x22 xmp:C\
reatorTool=\x22Adob\
e Photoshop CC 2\
019 (Windows)\x22 x\
mpMM:InstanceID=\
\x22xmp.iid:D60D887\
8AEC211EBAFECA88\
E9C5683B0\x22 xmpMM\
:DocumentID=\x22xmp\
.did:D60D8879AEC\
211EBAFECA88E9C5\
683B0\x22> <xmpMM:D\
erivedFrom stRef\
:instanceID=\x22xmp\
.iid:D60D8876AEC\
211EBAFECA88E9C5\
683B0\x22 stRef:doc\
umentID=\x22xmp.did\
:D60D8877AEC211E\
BAFECA88E9C5683B\
0\x22/> </rdf:Descr\
iption> </rdf:RD\
F> </x:xmpmeta> \
<?xpacket end=\x22r\
\x22?>4\x91\xe1\xaf\x00\x00\x00\xcdIDATx\
\xdab` \x0e\x9c\x87b\x82\x80\x85H\x03E\x89T\
\xc7\xc0\x8c\xc4\x0e\x05\xe2( \xde\x87E\xdd\x7f \xde\
\x89\xc3\x95-@,\x0c\xc4\xd7\xd0%&@5.a\
 \x1e,\x81\xea\x99\x80O\xc1o\x12\x0c\xfcM\xa2\x03\
\xc0\xde\xf9\x08u\x05\x08\x7f\x86\x8a\x91\x05\xae@\x0d\x01\
\x85[.\x14\x9f\x87\x8a]!\xd50Xx&c\x91\
K&\x14n\xd8\xc0g\x02\xe9\xee<T\x0d\x06`\x82\
J>\x01\xe2B$q\x1eh2\xc1\x05vB\xd5\xc0\
@!\xd4\x8c\xf3L\x0ct\x02d{\x99n\x91B\xf5\
d\x83\x9c\xb0?S\x92\xb0\xa9\x9a\xf5\xa8R8 \x17\
_\xbc@|\x0b\x88s\xb0h\x04\xa53m,1\xbf\
\x0e\x88Y\x81\xf84\xb6\xe2\x0b\x1fx\x02\xc5T+\xb1\
_\x13k3@\x80\x01\x00MtH\xe8\xdb\x11M\x8f\
\x00\x00\x00\x00IEND\xaeB`\x82\
\x00\x00\x01\xec\
\x89\
PNG\x0d\x0a\x1a\x0a\x00\x00\x00\x0dIHDR\x00\
\x00\x00 \x00\x00\x00 \x08\x03\x00\x00\x00D\xa4\x8a\xc6\
\x00\x00\x00ZPLTEGpL\x00\x00\x00\x00\x00\
\x00\x00\x00\x00\x00\x00\x00\x00\x00\x00\x00\x00\x00\x00\x00\x00\
\x00\x00\x00\x00\x00\x00\x00\x00\x00\x00\x00\x00\x00\x00\x00\x00\
\x00\x00\x00\x00\x00\x00\x00\x00\x00\x00\x00\x00\x00\x00\x00\x00\
\x00\x00\x00\x00\x00\x00\x00\x00\x00\x00\x00\x00\x00\x00\x00\x00\
\x00\x00\x00\x00\x00\x00\x00\x00\x00\x00\x00\x00\x00\x00\x00\x00\
\x00\x00\x8d\xaa\xb5&\x00\x00\x00\x1dtRNS\x00\x09\
\x069\xd70\xe6\x10\x12!\xef\x17\x0c\x9c\x1b\xdf%\xb0\
\x84A\xf8\x95\xa6v\xbf\x8f^\xcal+\x5c\xce\xa1\x00\
\x00\x01$IDATx\xda\xa5\x93\xdb\x8e\x83 \x14\
E\x0fwDP\xbc\xb6\xd3v\xff\xffo\x8e\xd0:\x15\
I\xfa\xd0Y\x89\x11\xd9\x0brN\x04*\xf1!x\xfa\
\x84\x05\xecG\xc1\x00\xe6+aR\xb5\xa0\xc4!\x87k\
\xcf5t3\xde\x86\xe8\xd1?\x0d\x7f\xbf\xfbg\xbeM\
\xa9C\xf1\x12}G\x07\x9a\x1e\xd2\x17\xc5I8\x9b\xcc\
\xa6I\xafv.\xf3\xbc\xc7\xc0i\x1a\xb01L\xc4\x07\
Y5\xc3\x88F\x00Z\x03\x18\xd3gE\xca\x97H\xa4\
\x96l\xd4\x08\xe0F\x99\x1b\xa0\xa8\xe6\x8ae\x1f\x06\x0c\
\x87\xeab\xb3\xd1\x91\x07\x1az\x11\x01N]\x9a\x8fv\
\xb3\x13\x9a\x9a\xed\xf9cFG\x1a\x89@\x0b\x12r\x13\
\xdcQhI\x22\xf1C\xccZc\xac'\x06\xc4=W\
\x989yk\xb6\xe0\xd0\xee\x80\xb0\x0fW\xacT\xa3\x80\
\x07e\x1e\xb9\xcd\x9a\x0b\xb0\x0a\xe6\xa7\x15\xb8PM\x9b\
\x8cL\xce\xed9\xef\xf4\x95\x93\x08\x0epA\x11\xbb\xea\
\xf6\x9cC\xa7E\xdc{\x9e\xb6s\xe8\xdb\x22\xef!m\
\xf9\xf7\x0bC8H\xf3:8\xd2\xec\x86\x13o\x01\xda\
\x9f\x0f\xadqx\x0b\xa4b}\xec\xa3\xfa\xfaf\xfd\xef\
\xf2\xb2qdT\xf0\x0b\x828\x15\xbd/\x98fo\x00\
\x00\x00\x00IEND\xaeB`\x82\
\x00\x00\x05}\
\x00\
\x00g\xcex\xda\xed\x1b=k\x1cG\xf4\x099\x16&\
\xe0\x93\xc0\x85\x03\x81\x13\x07\x01\x95\x025)\x02:\xc2\
\xfd\x85\xf3\x1f\x10,i\x02Q\x13w9\x19\x1br]\
\xd4^\xe5\xc6\x84 \xf5!p\x10\xce\x95\x9b\x83k\xdc\
.(\xc4 \x15aYq\xcd\x09\x1f\xfb\xb2owF\
\x19&\xbb\xb7_3\xfb\xe1\xd9\x87\x9e\xe7vf\xde{\
\xf3\xde\xbcyofv\x0d\xb0\x05\x9f\xc1\xee.\xf8\xe5\
>|\xf7\x00\xe0\x19\x00<y\x12>\xff\xf1\x10\xe0O\
\xbf\xee\xe9\xd3\xf0y\xfc\x08\xe0\xc7\xcf\x01\xf6\xf7\xc3\xe7\
\xdf|:\xcf\xef\xdb\xef\x87\xcf\x07\xdf\x02\xfc\xfa\x15\xc0\
\x81\xcf\xc3o\xf2k\xc2\xfa\x00\x1e@V\x981\xcc\x0b\
Y\xe8\xef|<I\xd1\xef\x84\xf5M[\x1f%\xe74\
\xa1\xcf\xd0\xc7\x1b\x1f\x91\xe1\x0d\xab\x83\x94\xe3#\x9aK\
\x1f\x1f3\xbcdui\xf4\xbba\xfde\xb8dm2\
\xfc\xce\x90\x032\x992<fm2]Zz\x88\xa1\
/:~\xd5\xf6\xcb;\x7fY\xfc\xe7$\xa7_e\x91\
S\xca\xfa\xf3F!.\x96!\xae\xba\x00n\x07`\xb9\
\x008\x9a\xfb\xf8O\xf8\x9b\xea\xa8\x8d\xf7\xe3t\x14g\
\xfc\xf0\x13\x94<\xce\xf4\x1f\xe6\x1e\xef\x82\xa1*\xf8\xc0\
0\x0b\x90\x9f\xbc\x8ai;\xdd\xe0\x83\xafb|\xec\x9c\
\xf9\xe0\x9b\x0ccx\xc3h\xce7\xb4\x7f\xcc\xc0\xefc\
F\xf9\xa4\xcbRX?\xcb\x0d6I\x82\xf7\x8c\x07\xcd\
\xeb\xf7\x0c\x17\xac\xee}F^\xe7\x1b\xe2\xc0I\x82\xcd\
\xa2`\x99\xe0o\x0b\xd6'\xae\xed\x83\xb4\xe6I\xfex\
\x03\xbf\xb1\x14CO\x19\x8f\x85\x06~\xaa\xf5-c>\
T\xfb\x8b\xe8\xcf\xb7\x05\xfcY\xe5zS\x1d\x0fT\xc7\
+\xd5\xf1TI\xbc\xc7\xd7n\x80\x8b\xd7\x87\xf0\xce;\
\x84k\xef\x07\xf0v\x5cXo\xbb\xb0\xbau\xe1\xee\xce\
\x85/\xee\xce\x02\xa4\xdfTGm\xd4\x87\xfa\x12\x0d\xd1\
r>\x94\xaf\xfc-5\x1c\x8a\xfb\xe3G\x85\xf5\x992\
\xd4\x056C]Pt\xfc\x8e\x8f\x17\x05\xe8/\x18\x8f\
M\xed\x98SFZ\xda\xa41\xe8\xd0}\xcc\xe8y|\
r\x12\xe2~Z\xe8\x09|ma~mAN\xaf\xa0\
?bL\x1c\x19\x0ar\xf3\xda\x04\x13b\xd40E\x8e\
,\xba\x96\x92\xfa\xcd\x99\x1d\xe7\x11g\xa5I\x0a\xfe\x13\
)\x87\xcb<u\xf3/j\x9fy\xce9\xd6=\xbf\xba\
\xfd\xb3\x8c\xf5\xa5#>\xe8\x8co\xba\xe3\xb3\xee\xfc\xd2\
\xe6w9\xc8\x5c\xe3=^\xe35\xfc\x8d\xef`\x89\x0b\
\xc0\x17\x08\x1e\x8c\xc0\xfbf\x04\xeb\x9f\x8ea\x8d\xc7\xf0\
%~\x1d \xfd\xa6:j\xa3>\xd4\x97h\x88\x96x\
\x88<\x0f\xd8\x1de_\xdc\x87\xed6\xce\xae\x89f\x8c\
\x88\xc1&\xc9\xd7a\x7f\xce\xb3\xa7\x90g/\xe3\xbe\x00\
\x15\x8e\xa1'\xf1T\xdd_\x87>=\x85s\xabz>\
\x8fX\xac\x93\xf3\xe6\x94\xb5\xe9\x84\xa9 3\x0e\xa7\x1a\
\xd7\x1a\x0a\xb9\xf4H\xb2\xc9\x85\xd0nk\xd2\xdbI\xb0\
\xf1\x910/\xaa\xec0\x10\xf4\x1ah\xe8\xaf\xea|\xa9\
j\xbf\x147\xef\x83\x1c6\xb33\xfa\x95\xad0\xc7\xc4\
\xd1\xc9\xf2\xaa\x96_\xb5\xfd\xeb\xee\x7fU\xaf\xbf\xaa\xe3\
O\x1d\xe2\xaf<\xafU\xe4\x9f2\xf3o\x95\xfb\x8f\xaa\
\xf7_U\xef?\xab\xde\x7f\xb7\xe7?\x83\xce\x7f\xe8\x8d\
P\xc4[\xc4_\x5c\xc4\x0e\xe1\x0a\xb1\x8bn\x07\xf1j\
\x07\xf1\xedK\xc4\x9f\xff\x0a[\xba\xab\x00;\xc7k\x97\
\x90?\x07m\xd4\x87\xfa\x12\x8dOK-\x9c\x1f\xf1\x96\
\xe5\x1d\xb0;\x8a3\xf1\x9e\xa2\x0fu\x02K\x98g\x0b\
\xcc\x039\xcf\x98\x06r~o\xf5o\xf5o\xf5o\xe3\
\x9f)\xd0\x94\xfc\xd7\xb4<\xadz\xbc\x8e\xb4N\x9b2\
W\xaa\xd6\x95\x13\x11\xab\xac\x06\xe8\xaeJ\x7f+\xe6>\
\xc2\xaa\xb9\xee*\xc7Xg\x1b\x9456]\xfe\xd5\xa4\
\xf5i5@\x7f\xabD\x7f\xab\x9b\xff\xd797\xedA\
\xf8\x0d\xd34\xc6g\xf9]\xeb\x90\xf5\xfdT\x80\xdf+\
cF,\xe3\xbd\xafn\xc8\xa3w\xd9\xf7\xfe\xba\xe6\xdc\
Q\xa0\xbb\xb86\x9a\xe2\x0b\x83\x04=&\xac\xcf\x9e\x14\
\x1b\x06\xacm\x93\xdd\x06\x0d\xd5\xdd\xc9\x18\x9b\xad\x0dv\
\xa8\xb3\x0d\xec\x88\xf1\x16\xfd\xfeQ\xe6g\xd7T\xf7\xa8\
\xb1N\x14\xf0\x9d(\xb6iY~\xaf2nG\xe5\x91\
:\xc5\xc3i\x09\xfbb\xa7\xa6yq\xaf\xa4\xf3G\xd4\
\xf9\xab\x0e\xfb\xc4\xe7%\x9e\x89d\x1fx^\xc3\xb87\
\xd1(kR\xc38(\xe7\xbc\xa1FYC\x0d\xb9\xd0\
\xda\xb0\xdf\xb2r\xf8dO\xa3\xfe\xbd\x1ck-I?\
'a\xbf\x9a\x04e\xbf\xc7\xc9*/I?\xd3\xf5/\
\xea\xffX\xa2\xff\xefi\xf0\x7f\xd3\xe3\x9f\xea\xbd\x9f\xce\
\xfc7\xaea\xfe+s\xffc\xd7p\xff\xd33|\xff\
k\xfa\xf9\xa7\xaa\xf3o\xdd\xee\x81L\xbe\xff\xd0u\xff\
5o\xd0\xfd\x17\x8f\x85\x0e\x98{\xff\xc9c\x81\x03\xf9\
\xee\xbf/\xa0\xd9\xf7\xdfI~`\xc2\xfb\x8f\xa4\xd8e\
\xc2\xfb/\xd9\x17L}\xff)\x9f\xdd>\x85\xf7\xdf&\
\x7f\xff`\xf2\xf7/&\x7f\xffd\xf2\xf7o\xa6\x7f\xff\
h\xfa\xf7\xaf\xa6\x7f\xffl\xfa\xf7\xef\xa6\x8f\xb3\x8c\xbc\
\xd5\xfe\xff\xbfV\xffV\xffV\xff6\xfe\x99\x03\xb5\xc8\
\x7f\x88\xb8>\xc6\x00\xf2\x95\x1d\xfa\xc7E\xdc\xa1\xf2\x0a\
q\x9b\xca\x19\xe2\x16\x95g\xc1_\xf00\xa3r;\xe8\
\x12tv\xef\x89g\xdb!\xbf`0\x88\x1e\xc0\x88\xca\
\x15@7\xe0\xbdu\x16t\xbb\xea\xaeB\x19#o\x87\
\xc9\x08\x08_\x04\x7f\x88/\x11\xdf2\x193&\xe3\xea\
\xff%\x84\xa5/\xabCc\x10\xca\xb0>\x8e\xee?\xbe\
\x5c\x0e\x97\xcb\xc7\xc1\xc7\xc5\xc7\xc9\xc7\xcd\xf5\xe0zq\
=\x99\xde\xdc\x0e\x5c\x16\xb7\x13\xb7\x1b\xb7#\xb7+\xb7\
s\xe7\x9e\xb8\xd0\xfc\xfd\x0b\x1a\xd8\x81/\
\x00\x00\x04\x0d\
\x89\
PNG\x0d\x0a\x1a\x0a\x00\x00\x00\x0dIHDR\x00\
\x00\x00\x10\x00\x00\x00\x10\x08\x06\x00\x00\x00\x1f\xf3\xffa\
\x00\x00\x00\x19tEXtSoftware\
\x00Adobe ImageRead\
yq\xc9e<\x00\x00\x03&iTXtXML\
:com.adobe.xmp\x00\x00\
\x00\x00\x00<?xpacket beg\
in=\x22\xef\xbb\xbf\x22 id=\x22W5M\
0MpCehiHzreSzNTc\
zkc9d\x22?> <x:xmpm\
eta xmlns:x=\x22ado\
be:ns:meta/\x22 x:x\
mptk=\x22Adobe XMP \
Core 5.6-c145 79\
.163499, 2018/08\
/13-16:40:22    \
    \x22> <rdf:RDF \
xmlns:rdf=\x22http:\
//www.w3.org/199\
9/02/22-rdf-synt\
ax-ns#\x22> <rdf:De\
scription rdf:ab\
out=\x22\x22 xmlns:xmp\
=\x22http://ns.adob\
e.com/xap/1.0/\x22 \
xmlns:xmpMM=\x22htt\
p://ns.adobe.com\
/xap/1.0/mm/\x22 xm\
lns:stRef=\x22http:\
//ns.adobe.com/x\
ap/1.0/sType/Res\
ourceRef#\x22 xmp:C\
reatorTool=\x22Adob\
e Photoshop CC 2\
019 (Windows)\x22 x\
mpMM:InstanceID=\
\x22xmp.iid:C1A3B72\
DAEC211EBB749AED\
2D3A1BD68\x22 xmpMM\
:DocumentID=\x22xmp\
.did:C1A3B72EAEC\
211EBB749AED2D3A\
1BD68\x22> <xmpMM:D\
erivedFrom stRef\
:instanceID=\x22xmp\
.iid:C1A3B72BAEC\
211EBB749AED2D3A\
1BD68\x22 stRef:doc\
umentID=\x22xmp.did\
:C1A3B72CAEC211E\
BB749AED2D3A1BD6\
8\x22/> </rdf:Descr\
iption> </rdf:RD\
F> </x:xmpmeta> \
<?xpacket end=\x22r\
\x22?>P\x8f\x0b}\x00\x00\x00}IDATx\
\xdab`\xc0\x0f\x0e@1N\xc0\xc4@E\xf0\x13\x88\
\x0b\x89P\x97\x0cUK\xbc\x04\x16\x8b\x92\x09)\x0a\x05\
\xe2\x17@\xfc\x1f\x8a_@\xc5\x88\x02\xc9PM\xab\x81\
\x98\x0f\x8aWC\xc5\x92\x891\xe0\x05T\x03:X\x0d\
\x95C\x01\x8c@\xbc\x0d\xca\xf6\x82\xd2 \x9b\xf8\x81\xf8\
\x13\x16C\xfeC\xf50\xc0\xf4\x91\x12\x8d|\xc4*$\
\xc9\x0b4\x09D\xb2\xa3\x91\x94\x84THv\x0a#\xc1\
\x22:\xe5F\x80\x00\x03\x00\x06H*pz\xd4Z\x89\
\x00\x00\x00\x00IEND\xaeB`\x82\
\x00\x00\x01\x10\
\x89\
PNG\x0d\x0a\x1a\x0a\x00\x00\x00\x0dIHDR\x00\
\x00\x00\x10\x00\x00\x00\x10\x08\x03\x00\x00\x00(-\x0fS\
\x00\x00\x00?PLTEGpL\x00\x00\x00\x00\x00\
\x00\x00\x00\x00\x00\x00\x00\x00\x00\x00\x00\x00\x00\x00\x00\x00\
\x00\x00\x00\x00\x00\x00\x00\x00\x00\x00\x00\x00\x00\x00\x00\x00\
\x00\x00\x00\x00\x00\x00\x00\x00\x00\x00\x00\x00\x00\x00\x00\x00\
\x00\x00\x00\x00\x00\x00\x00\xba\x13\xe2]\x00\x00\x00\x14t\
RNS\x00}\xd3\x1d\x1eKS\x04<f.pE\
\xcb\xde'\x98\x97\x09[\xc3\xcbf\xca\x00\x00\x00lI\
DATx\xda\x85\x8f\xdb\x0e\xc20\x0cC\xd3\xad\x97\
t\x1b\x0c\xb6\xf3\xff\xdfJ\x0a\x96@\x02\x09?$\xf6\
ypS\x93h2\xbf\xc0\xe4\x02\xf3\xf4\x02N\x90b\
\x96\xe9&\x922\xe05\xb2\x94\xb9{\xa2|4\xdeb\
\x9c(@e\x0b\xd3X\x80\xd8\xad\x19\xe9\xd9=\xbcZ\
\xe9Ga}w\xd6\x0dX\x17W\x9e\xc7\xfb\xbb\xee\x19\
\xbat]\xea\xd70\x7f?\xf7\xad\x07dg\x04Y\x1b\
'\xf7\xc1\x00\x00\x00\x00IEND\xaeB`\x82\
\x00\x00\x06i\
\x00\
\x00%\x96x\xda\xedY}l\x14U\x10\x7fgK[\
(\xd8+\x05)X\xb8\x0a\x15+\x88 \x15\x01\x05\xae\
\x11Ac5\x1a\xbf\x81\xc4h\xaa\x821\xc4\x1a?\x12\
\x95P\x08\x9fF\x13\xb0%\x80\x05\xa9\xfa\x8f\x8d\x89Q\
\xe3W\x95\x18\x01\xd1\xfa\x15bD\xf1\x03\xf9(\xa0-\
5-W%z\xe8q\xeb\xcc\xddo\xeb\xb8\xbc\xdd\xdb\
\xdd\xbbJb\x9c\xe4\x97\xbd7of\xde\xdb}\xf3\xe6\
\xcd\x9bS*\xa0\xb2\xd5\xa0A\x8a\x9e\xa5\xaa9G\xa9\
\xd9J\xa9\xe2\xe2d{u_\xa5\xe2\xc4\x0b\x06\x93\xed\
\x05\xd9J\xad\xa4\xdf\xa5\xa5\xc9v\x13\xfd\xee\x22\xddr\
\xd2\xa1G\xe2\xc9|\xa6\xca\x1c\xe5\x97\x9e\x022E\xc7\
\x01\xaf\xd4\xc7\x86\x7f\x10\xd0\x91\xdd[\x0f!\xfcIx\
G\xd3w\x0c\xb0\xd2{\x84\x18/\x87\xa6\x8fVF\xb5\
\x10\x0c\xc2\xcb\x84,\xd1W\x04\x98D\xab\xa6^\x81\xec\
NB\x9e\xc3;o\x85\xdc$\xb4\xab\x08\xb5\xc0U\xe0\
M\x87\xcc[.\xbfcU\xc2-\x94\xfa\x18z\x12;\
!s\xbd\xc7\xb5\xf9\x1c\xfaw\x0b\xde\xbd\xe0}\xe2\xd1\
\xd6M\xd0\x9b\xab\xe9\xabF\xdfu6\xbak\x09\xad\x84\
\xfdx\x9eCh\xc0Z\xdbQ\x9cPO\x18i\xd1]\
C\xd8D8Jh't\x10\xca\x5c\xda\xab#\x8c\x82\
N;l4\xd8\xc8\xcfqx\xa7\xdb\xd0w\xb3\xc7o\
\xb8\x1bz\xb7\x0a\xde\x5c\xf0\xbe\xf0h\xebR\xf8\xb3i\
\xf3\x04`\xda:\x83\xc3\x8bK[/Ao<\xda\xf3\
\xf0\xed\xeb\xf0\x1d\x98\xa6\x89}dG\xbcg\x9a!\xf7\
\xbae\x9f\x17\x00&\xe5\x12\xde\x85\xecV\xb4\xadT\x8c\
u\xdb\xa1\xe9\xeb\x04\xac\xf4\x11\xe1$B\xad\x8e\xfa\xdb\
\xf0[\x01/:\xbd\x11O\xed\xe8\x19 %\x19\x8d\x91\
\x04\x8e5\xd6\xa8\x96-\x13\xd4\xf6\x8d\x13Tw^D\
E\xfbDT\xac\x9a\x9e\xdd\x11\x15\x88\xaa\x04\xf8w\x82\
\x17\x88$dX\x96uX\xd7\xb4S\x8e\x85\x98 \xce\
\xadDdM\x8f\x1e\x04z\x8bN\x02\xbdE\x07\x00\xbf\
4\x82p\xbbC\xffO\x80\x1d\xddI\x18\xee\xd0\x7f?\
\xf6\xd6\xd3>\xec\xaf\x87\xee}\x0e\xf6\xf3\x09\xcfAn\
\xadM^\xa0\xcb\x0d\xea\xa1\xb3\x99\xd0\xcf\xc5wz\x1e\
\xf2\x8f\x08\xde\xb9\x84K\x80Q\x82\xff(d\x1b<\xae\
\xc5\xc38g\xd8\xcd\xdf\xd6\x9c\xbfo\x10\x06\xe3\x9cI\
\xc7g;`o\x03\xe1\x0a\xc2,\x9ce\xcc;\x92\xa6\
?~\x08;34}3\xd1\xb7\xcd\xa7\xed1\xd0\xaf\
s\x90i\x80\xcch\x07\x99\xc7\xb0g\xf6\xe2<\xdf\x07\
\x1f\xb8\x06\xba\xe3\x1ct'Af6t\xf6\xc1\xc6^\
\xd8\xe4\xb5_\x89\x1c\xb1S\x80\xfd\xf4Z\xe8\x8eu\xb0\
_\x01\x99Y\x88\xf7\xd2\x06\xdb\x5c\xee\xa0;\x0e\xbaO\
:\xc8\xd4Af\x8c\xcf5\xd8\x05\xfd\x0aM\xdfT\x9f\
9\x9d5W>\x0e;+\x08\x93\x09S\x08O\x80\xd7\
\xed\x90\xeb\xa7\xa2\x05\x84\xa1\xc8\xfbvh\xf6\xd7\xfb\x84\
\x10\xa1\x04\xf9\xa9\x17Z\x07\x1b\x0f\x09\xdeE\xc8\xa7\xaf\
\x169\x0d\xd3\xa2\x141\xd1\x1a\xbf\xd6\x89x\x92\xedB\
'\xc7\x12\x13\xfb\xb8\x88\xcf\x9b|\xe4#\xe6\x18\xf3\x1d\
\xecs\x8c\x5c\xe8\xd0\xdf\x0e\xd8\xd1B\xac\x97_\xda\x0f\
\xf4\x16\x99\xbe\xd3[\xb4<\xc5\x9e?uBmF\x0f\
\xda\xda\xda\xd4\xe1\xb6\x16\xd5\xda\xb6JE?\x08\xd1\x05\
5L\x935T|Z\xad\x8a-\x0e+\xb5X%\xc0\
\xbf\x99\x17\xa7\xab#\xcb\xb0\xecA#7\xa1\xcb6\xa4\
M\xce\xc3\x82\x84R\x99\x87\x91W\x16\xe5'\xd13\x0f\
\xc3H\x0b.\xbe\xbb\xed^\xc8\xb0\xfeg\x1a\x1f\xb7\xea\
_\x06?\x0bh\xf4\x87C\xfe\x1e\xc1;\xcf\x94\xc5\x1d\
\xea\x1fg\xa6f\xfe\x9c\xa7\xddB\xb8\xd2\x12\xb3j\x08\
\x17\xe2\x9e\x9f\xea\xfd\xa7@\xe7.\xc4\xd9*\xb4\x1f\xb0\
y\xffl\x81\x00d\x1f\xb7\x88\x9a\xf7\xb1\x80\x94\x87\xbe\
\x9c\xe7\x8dx\xce\xd4\xc47\x03\xef\xd0#o3\x7ff\
n\xb4\xf0\xe6\xe9\xf6\x9f\x8d~H\xe4=3D\x9eV\
\xe5B\x7f\x1a\xf6a\xa9\xe5\xbd\xd8\xce\x0d\x96\xb5\xb5\xea\
O\xd7\xe4DUb\xfdG\xa0\x7f\x81\x8d\xfe\x97\x84p\
\x0a\xffc\x1f\xfb\xaa\x97\xfc\xdf\x97>\x9b\x88\xd7&\xb1\
\xab\x9a.\xc4\xe4\xb9\x07\xe9\xe6\x1d\xa1U\xc8Z\x9a\xc4\
\xaf\x8d\xc96\xf3\xb9\x7f\xd7\xfc\xbfu\xca\xf1\xb1+e\
\x9c\x09f4\xb6\xf2\x1eX\x06\xf4U\xff>\x0d\x14~\
4\xf04\x8c\x1f\x14\xe3\x07\xffc\xe3O\xc4=)S\
\xe3\x9fo\x93\xf3\xea\xc8\xdc\xef\x9c\xd7\x0c\xc8\xc0\xfa\x17\
\x22\xff7p\xce\xb8\xa9\xc9\x99\xf2\xbb-\xf5.e\xa9\
\x85}\x0d\x148\xccq\x0fl\xfd\x8c3\xc4\x0d\x0dS\
\xc9\xba\xbb\x01\xfb~\xfc\x9bkg\xdf\xc2\xc6\x0f*Y\
\x97\xf7Bg\x13\x0eC\xbfCS\x8b\xcb\xc5\xfa\x0cP\
\xa7\xfe\x17p\x16\xa1\x0b\xba\xfb}\x8c-\xe3r;\xee\
\xbcfm\x91\xeb\x05\xcf\xe2>g\xae\x7f\x17r\xf0\x0a\
\x11\x9b\xb8\xde\xfe\xa3\xd2\xff\xa7\xe0\x85\x06kj\x13&\
b\xa8OI\x9e\xac-\x14epO\xca\xb1_\x80/\
\xf7\xc3\xdd\x98\xcf\xc6\x17m\xe6\x90\x09\x1a/l;\xdd\
\xedj\x84\xdc\xd8\x0c\x8e\xff*lnq!\xdb\x04\xd9\
&\x97\xb6\xf3\xb0N\x85\x88cA\xb4\xfb\x0b_\x8a\xc3\
f\x99\x0b{\x17@\xf6\x0fqw\xec\x0f\x9b\xa6\xfdB\
\xb4\xf3DM\xc1\x10\xf5N\x03qC\xe6]\x9d.\xdf\
\x87\xf3\xa2\xdf\xa1c\xfa\xfe\x1e\x8d}\xc6\x1a\xec%C\
\x03\xb3\xaeh\xe6lG=\xac\xd7o\xd0\x19*\xea\x94\
\xba1\x1a\x10W\xcapO51J\xd4E\xf3\x85|\
\xc8\xc5\xd8\xa3!\x1b\x171c8l\xca1\xca<\xec\
\xcff\x91\xfb\xa6\xa2-\x90}-\x83\xfe?Y|\x83\
9\x0er\xd5Bnb\x86c\xc0Ja\xbb\x1eg\xba\
\xf4\xf9\x0d\xa2\x7fi\x06\xc7\x95\xff\xe1\xae\xb6\xf8\xcf\x11\
\xc4x\xc9[a\xc9Q\xd3!\xf6\x8f\xefT\xf2\xff2\
3_\x9f%\xe2\x91\x04\xcb\x5c.jHo\x12\xbeO\
#7+\x14\xe7\xf7/\x1a_-B\xbd{\xa4&?\
\xe0\xf36*\xe2\xc8\x00\x1f\xb9\xf57\xe2\xfc.\xf11\
\x7f\xdec\x87D\x1eu\xa6\x07_?$\xf2\x16\xbb\xf3\
\x9b\xed}\x0a\xd8\xbd_\x89\xc8\xa3\x0e\xa0\xa6\x98\x8a*\
\xc57\x1f\x92\x81\xfcs\x98\x88\x87S]~\x83J\x17\
s\xf5\x92\x7f_l\xadq\xfc\x7f\xffI\x9b\x8a\xc4\xf8\
E\xa7a|>\x177\x03\xf9\xbe\x0b\xb0\xb1\xb0!q\
\x22\x16n\x8c\xc4\xc2\x05\x91E3\x0a\xa2\xe1X(V\
2%\x1c\x0f\xe6\xd5\x1aw\xe4\x18\xc6\xb6,\xc3X\xd5\
j\x18k\xba\x8d@AdI \xc4\x88.\xe1\xdf\xcc\
K\xf4m_f\xb0,\xeb\xb0.\xdb`[l\x93m\
[\xc7\xfb\x0b\xb1*\xd4s\
\x00\x00\x04}\
\x89\
PNG\x0d\x0a\x1a\x0a\x00\x00\x00\x0dIHDR\x00\
\x00\x00 \x00\x00\x00 \x08\x06\x00\x00\x00szz\xf4\
\x00\x00\x00\x19tEXtSoftware\
\x00Adobe ImageRead\
yq\xc9e<\x00\x00\x03&iTXtXML\
:com.adobe.xmp\x00\x00\
\x00\x00\x00<?xpacket beg\
in=\x22\xef\xbb\xbf\x22 id=\x22W5M\
0MpCehiHzreSzNTc\
zkc9d\x22?> <x:xmpm\
eta xmlns:x=\x22ado\
be:ns:meta/\x22 x:x\
mptk=\x22Adobe XMP \
Core 5.6-c145 79\
.163499, 2018/08\
/13-16:40:22    \
    \x22> <rdf:RDF \
xmlns:rdf=\x22http:\
//www.w3.org/199\
9/02/22-rdf-synt\
ax-ns#\x22> <rdf:De\
scription rdf:ab\
out=\x22\x22 xmlns:xmp\
=\x22http://ns.adob\
e.com/xap/1.0/\x22 \
xmlns:xmpMM=\x22htt\
p://ns.adobe.com\
/xap/1.0/mm/\x22 xm\
lns:stRef=\x22http:\
//ns.adobe.com/x\
ap/1.0/sType/Res\
ourceRef#\x22 xmp:C\
reatorTool=\x22Adob\
e Photoshop CC 2\
019 (Windows)\x22 x\
mpMM:InstanceID=\
\x22xmp.iid:8C63A87\
5AEC211EBAB0C8B3\
528E61B56\x22 xmpMM\
:DocumentID=\x22xmp\
.did:8C63A876AEC\
211EBAB0C8B3528E\
61B56\x22> <xmpMM:D\
erivedFrom stRef\
:instanceID=\x22xmp\
.iid:8C63A873AEC\
211EBAB0C8B3528E\
61B56\x22 stRef:doc\
umentID=\x22xmp.did\
:8C63A874AEC211E\
BAB0C8B3528E61B5\
6\x22/> </rdf:Descr\
iption> </rdf:RD\
F> </x:xmpmeta> \
<?xpacket end=\x22r\
\x22?>g\xe7\x95\xa0\x00\x00\x00\xedIDATx\
\xdab`\xa0\x00\xfc\xff\xff\xff3\x083\x0c\x14\xf8\x0f\
\x05\x94\x98\xc1\xc40\xc0\x80\x85B\xfd_h\x11\xac\x9f\
\xa1X\x8f\x8af\xea\x11\x9d^\xa0\x0a\xffS\xcb\x11H\
\x96\xff'\xd6\x01\xa4i\xa0\x85\x87H\x0a2zG)\
\xd0 O \xbe\x03\xc4\xbf\xfe#\xc0/\xa8X(-\
\xf3<\x1f\x10\x9f\xffO\x18\xdc\x04\xa9\xa5\x85\xe5\x9f\x91\
,9\x8f\xec[\x10\x1b\xcdq\x9f\xa9\xea\x08\xa8\xaf@\
\xe07\xbe`\x86:\xe47,$\xa8ey.\x92\xcf\
\x92\x89P\x9fL\x8azb\x1cp\x05\x16\xec$\xe89\
\x0d\xd5s\x85\x1a\x0e\xf8J\xaao\x90B\xe1+)\x05\
\x05\xd6\x82\x87\xdc\x1a\x0f\x97>t\xfb\x06\xbc6\x1c\xf8\
(\xa0Q\x22<O\xcdD\x98<\xa0\xd9p\xc0\x0b\xa2\
AQ\x14#9\xe2\xe6\x80TFX\x82\x99\xb6\xd5\xf1\
\x806H\x06\xbcI6\x18\x1a\xa5\x03\xdb,\x1f\xed\x1b\
\x8e\xb8\xbe!@\x80\x01\x00\xc0-\xe4\xd1\xd8\xba\x8d6\
\x00\x00\x00\x00IEND\xaeB`\x82\
\x00\x00\x01f\
\x89\
PNG\x0d\x0a\x1a\x0a\x00\x00\x00\x0dIHDR\x00\
\x00\x00\x14\x00\x00\x00\x14\x08\x03\x00\x00\x00\xbaW\xed?\
\x00\x00\x00WPLTEGpL\xff\xff\xff\xff\xff\
\xff\xff\xff\xff\xff\xff\xff\xff\xff\xff\xff\xff\xff\xff\xff\xff\
\xff\xff\xff\xff\xff\xff\xff\xff\xff\xff\xff\xff\xff\xff\xff\xff\
\xff\xff\xff\xff\xff\xff\xff\xff\xff\xff\xff\xff\xff\xff\xff\xff\
\xff\xff\xff\xff\xff\xff\xff\xff\xff\xff\xff\xff\xff\xff\xff\xff\
\xff\xff\xff\xff\xff\xff\xff\xff\xff\xff\xff\xff\xff\xff\xff\x1e\
\x82\xa4W\x00\x00\x00\x1ctRNS\x00\xe9\x15\xfb\xc7\
X\x9a\xe1\x90\x07\xb7\x03P\xf4\x0d\xbc\xee\x22:\xd2\xae\
J\x7fdi/\xaa@\xfd\xfc\xf7\xee\x00\x00\x00\xa2I\
DATx\xdae\xd0\xc9\x0e\x830\x0c\x04\xd0!{\
\x024@X\xba\xcc\xff\x7fg\x83RQK\xbcK<\
\x96s\x19\x5c\x9c\xc3\xdd8Bz\xe0\xe4\xbd\x08P4\
\xa8\xa6\x09\x95\xa1\xc2)&\xa6XO\x1eu\xcc\xcc\x11\
\xcd\x9b/\xd8\x10,\x16\xae\xb8,}\xa1\xd6,\xfd\x07\
B\xa1\x05,\x0b\x04\xcb\xa1=\xb6e\xd7u\xdd\xect\
\x0b\x0cs\x8d\x0e\xc1{/\x975\x86\x16\x86\xf6\xef\xe0\
\x00\xc1\xf0\x00\x9e4\x106\x18V\x06\xe22s\xc1\xb6\
\xef\x1b\x16&4\xd1p\xed\x01\xa5\x80~\xa5\x89\xad\x10\
\x9d\xfe\x85d\xad~\xa7\xb2\xbax+\xf9&\x84k\xfc\
\x02d9\x07\xb6.\x162\xf1\x00\x00\x00\x00IEN\
D\xaeB`\x82\
\x00\x00\x04Q\
\x89\
PNG\x0d\x0a\x1a\x0a\x00\x00\x00\x0dIHDR\x00\
\x00\x00\x18\x00\x00\x00\x18\x08\x06\x00\x00\x00\xe0w=\xf8\
\x00\x00\x00\x19tEXtSoftware\
\x00Adobe ImageRead\
yq\xc9e<\x00\x00\x03&iTXtXML\
:com.adobe.xmp\x00\x00\
\x00\x00\x00<?xpacket beg\
in=\x22\xef\xbb\xbf\x22 id=\x22W5M\
0MpCehiHzreSzNTc\
zkc9d\x22?> <x:xmpm\
eta xmlns:x=\x22ado\
be:ns:meta/\x22 x:x\
mptk=\x22Adobe XMP \
Core 5.6-c145 79\
.163499, 2018/08\
/13-16:40:22    \
    \x22> <rdf:RDF \
xmlns:rdf=\x22http:\
//www.w3.org/199\
9/02/22-rdf-synt\
ax-ns#\x22> <rdf:De\
scription rdf:ab\
out=\x22\x22 xmlns:xmp\
=\x22http://ns.adob\
e.com/xap/1.0/\x22 \
xmlns:xmpMM=\x22htt\
p://ns.adobe.com\
/xap/1.0/mm/\x22 xm\
lns:stRef=\x22http:\
//ns.adobe.com/x\
ap/1.0/sType/Res\
ourceRef#\x22 xmp:C\
reatorTool=\x22Adob\
e Photoshop CC 2\
019 (Windows)\x22 x\
mpMM:InstanceID=\
\x22xmp.iid:906CD48\
DAEC211EBAE57A3B\
D2C9698E8\x22 xmpMM\
:DocumentID=\x22xmp\
.did:906CD48EAEC\
211EBAE57A3BD2C9\
698E8\x22> <xmpMM:D\
erivedFrom stRef\
:instanceID=\x22xmp\
.iid:906CD48BAEC\
211EBAE57A3BD2C9\
698E8\x22 stRef:doc\
umentID=\x22xmp.did\
:906CD48CAEC211E\
BAE57A3BD2C9698E\
8\x22/> </rdf:Descr\
iption> </rdf:RD\
F> </x:xmpmeta> \
<?xpacket end=\x22r\
\x22?>\xdes\x9b\x0f\x00\x00\x00\xc1IDATx\
\xdab` \x01\xfc\xff\xff\xff\x01\x08\x93\xa2\x87\x85\x81\
4 H\xa2z\x92-x\xcf@\x09\x00z\xff7\x10\
_\xa1@\xff\x15\x90\x19\x84\x14\xfc'\xc7\x12\xa2\xf5\x12\
t\x05-|\x0f\xd4\xb8\x0d\x88\x7f\xfeG\x80\x9fP1\
>J\xe3D\x0f\xc9\xe0\xcf@|\x15\x8a?#Y\xa4\
G\xae\xe1|H\x06Ua\x91\xafB\xb2\x98\x8f\xdc`\
\xc1j8\x16K\xb6\x91c\x01\xc8e\x9f\x89P\xf7\x1a\
\x9f:&\xa0\xe4\x0b \xfe\x01\xa2\xd1\xe4x\x80\xf8,\
\x11n\xb9\x0aU\x8bl)\xdcL&\x86\x81\x02$\x04\
\x11^u\xf8|p\x18\xe4uB\x91\x0c\x0d\x9e\xc3\x83\
/\x99\xd2<\xa3\xa1\xf9\x84zE\x05M\x0b;\x9a\x17\
\xd74\xafpF+}l\x00 \xc0\x00'4\x92\xcb\
\x8c\xbd\xbf\x97\x00\x00\x00\x00IEND\xaeB`\x82\
\
\x00\x00\x05\xdb\
\x89\
PNG\x0d\x0a\x1a\x0a\x00\x00\x00\x0dIHDR\x00\
\x00\x00@\x00\x00\x00@\x08\x06\x00\x00\x00\xaaiq\xde\
\x00\x00\x00\x19tEXtSoftware\
\x00Adobe ImageRead\
yq\xc9e<\x00\x00\x03&iTXtXML\
:com.adobe.xmp\x00\x00\
\x00\x00\x00<?xpacket beg\
in=\x22\xef\xbb\xbf\x22 id=\x22W5M\
0MpCehiHzreSzNTc\
zkc9d\x22?> <x:xmpm\
eta xmlns:x=\x22ado\
be:ns:meta/\x22 x:x\
mptk=\x22Adobe XMP \
Core 5.6-c145 79\
.163499, 2018/08\
/13-16:40:22    \
    \x22> <rdf:RDF \
xmlns:rdf=\x22http:\
//www.w3.org/199\
9/02/22-rdf-synt\
ax-ns#\x22> <rdf:De\
scription rdf:ab\
out=\x22\x22 xmlns:xmp\
=\x22http://ns.adob\
e.com/xap/1.0/\x22 \
xmlns:xmpMM=\x22htt\
p://ns.adobe.com\
/xap/1.0/mm/\x22 xm\
lns:stRef=\x22http:\
//ns.adobe.com/x\
ap/1.0/sType/Res\
ourceRef#\x22 xmp:C\
reatorTool=\x22Adob\
e Photoshop CC 2\
019 (Windows)\x22 x\
mpMM:InstanceID=\
\x22xmp.iid:880F885\
DAEC211EB83EEBB0\
BDBA32B7B\x22 xmpMM\
:DocumentID=\x22xmp\
.did:880F885EAEC\
211EB83EEBB0BDBA\
32B7B\x22> <xmpMM:D\
erivedFrom stRef\
:instanceID=\x22xmp\
.iid:880F885BAEC\
211EB83EEBB0BDBA\
32B7B\x22 stRef:doc\
umentID=\x22xmp.did\
:880F885CAEC211E\
B83EEBB0BDBA32B7\
B\x22/> </rdf:Descr\
iption> </rdf:RD\
F> </x:xmpmeta> \
<?xpacket end=\x22r\
\x22?>\xd8\xd7\xffF\x00\x00\x02KIDATx\
\xda\xec[\xbdn\xc20\x10N\xaavE\xaa:7\x8f\
\x80\xba\xb0\xf4\x01*!f\x06f\xe6\xbe\x00O\xd0\xa5\
;\x0b[\xb7\xce\xdd[\x09&\x06:\xb0 \xb1U}\
\x00\x84*\xd1@\xe5:\x92\xa5\xa6'\x9b$\xe0\x8b\xcf\
\x9cO\xb2\x14Cr?_|>\xfb|\x89\x22G$\
\x84\x18\x8a?\x1aF\xdcH\x1a\xbd\xcd\x01\xb0u\xa5G\
\xec\x10\x00\xf1O\x11I.\xf48\x8b\x98S\x00 \x00\
\xe0\x8ev\x86k6\x00\x8c\x0c\xd7\xe4\xc2\x95W\xf1\xda\
\xba\xbe ^\x93\x06\x01\x18og}\xa1\x01\x80$\x08\
\x1a\xe3\xad\x01\xa0cL\x0a\x04t\x1d)\x83P\x9bn\
hC\xcc'\x17E\x99d|\x9b\xa4\xa9\x85Eo\xc2\
\xb4T.\x91\xedQ\xb6\xa5l\x1b\xcd\xb0\xdd\xa8\xff\xb2\
{\x92S\xda\xf7\xdf*\xc3\xaaR\xf6L\xdbw\xe3_\
\xc5\xf1\xb4\x90\xad\xe1\xe3[\xff\x16\xf6(\xe3\xd5\xf5\xc5\
\xf8\xbe!4e\x94\xca6\x91\xed>\xef\xe7j~\xc8\
~\x9b\xa9{L\xd4\xa7n\xfc\x9d\xc1\xf8\xb4\xca\x0c\xad\
f\xf6\xd4+\x102?\x95m\xadQx~\x88\x0f+\
~\x9f\x1a~k\x92s\x82\x1a\xbe\x90\xa6\x16\xf8N5\
|g\xd4\x8c\xef\xe9\xc2\x98E\xfe\xba0\xda\xa3\x04\xc0\
R\xe3\xf3\x0d\xcb\xee\x95b\x01l#\xe4\xa1oF$\
\xcf\x07\x8d\x9c\x84\x02\x00\xcf\xf0\xed#\xca\xfa\x02\xb2\x9e\
\x8e\xe5i#)\xda\x02\xfd)\x22\xdeo\xa0\x7fC\x01\
\x80+\xd0\x7fA\x04`\x0c\xfa\xd7\x98\x19\x95R\xbe\xac\
y\xa6\x89\xe8\x02\x97@\xd6\xeeX\xfbb\x95\xd487\
<\xbf\x8b\xe3\xf8\xa2\x08\x80|\x1f\xfb\x90\xb3\xaa\xbc\x22\
\xfb\xc2\xd1X\xb4\xffT\xa6\xcc\x89\xcd\x0f@\x1c\xd3\x05\
\x9a\xfbd\x1f`\xc3\xc8\x86R+\xe0W\x03D\x00\x06\
@\xd6\x8aB\x14\xf8\x00\xfd\x0e\xe2\x88\xed\x14\xc8v\x02\
\xc0{\xc1\xba\xc0&\xb5\x0ad;Y\x09&5-\x85\
\x87$\x97\xc2\xec7C\x0e\xb7\xc3\xb42\xc6\xac\x13\x22\
\x88)\xb1\xb97)1\xa5t\x7fO6\xf8\xb4\x93\xa2\
%@(\x93\x16\x9fx\x9d\x16\xcf\x19\xd4e{0\x02\
|x\xc1\xf2h\x0c\x00\xd1f{8\xaaY1\xfa\x7f\
<\xce\xba@\x82u\x89\x0c\xeb\x22)\xd6er\xec\x0b\
%C\xa9l(\x96f^.\xcf^\xd1\x9a\xc2W\xf8\
n0|7\xe8\x88\x02\x00\x01\x00w\x14\xbe\x1b4\x5c\
\xd7J\xbf\x02\x0c\x00\xd3[\xf0bz`<\x14\x00\x00\
\x00\x00IEND\xaeB`\x82\
\x00\x00\x01\x9a\
\x89\
PNG\x0d\x0a\x1a\x0a\x00\x00\x00\x0dIHDR\x00\
\x00\x00\x18\x00\x00\x00\x18\x08\x03\x00\x00\x00\xd7\xa9\xcd\xca\
\x00\x00\x00cPLTEGpL\xff\xff\xff\xff\xff\
\xff\xff\xff\xff\xff\xff\xff\xff\xff\xff\xff\xff\xff\xff\xff\xff\
\xff\xff\xff\xff\xff\xff\xff\xff\xff\xff\xff\xff\xff\xff\xff\xff\
\xff\xff\xff\xff\xff\xff\xff\xff\xff\xff\xff\xff\xff\xff\xff\xff\
\xff\xff\xff\xff\xff\xff\xff\xff\xff\xff\xff\xff\xff\xff\xff\xff\
\xff\xff\xff\xff\xff\xff\xff\xff\xff\xff\xff\xff\xff\xff\xff\xff\
\xff\xff\xff\xff\xff\xff\xff\xff\xff\xff\xff4,\xc5\x1c\x00\
\x00\x00 tRNS\x00\x85\xe0t\x0a\x90\x05\xefk\
\xdd\x9b\xe6\x95+D6z\x1d$!K1\xa0\xe9\x17\
\xc1_;\xc7\xb6\xa1\xce.\x9dv1\x00\x00\x00\xc6I\
DATx\xda\x95\xd2\xd9\xae\xc3 \x0c\x04\xd0\x81\x10\
BH\x1a\xb2/]\xe7\xff\xbf\xf2RY\xd1\x85\xaa/\
=/\x96=\x92A\x08$\x94\xc2w$\xbe\xabk\xe4\
F'u\xdb\xa4\xba\x09\xc2\xd1\xe3Mk\xbc\xadt\x10\
\xb6\xa5\xb78\x9b\x95\xa5\xc5\xa9e\x01,\xf3\xbc\x00=\
K$\xdc>\x1d\x8c\x8eap\xc8\x98\x8a*\x04\xc5\xca\
\x22\xf7\xe2\x82\xe8\xc6;2\x97ss\xc9\x0b\x84\xaa\x22\
3\x9f\xfd\xc2\xceT\x91B\xaf\xeb\xba\xfe\x0fB\x0c\xe2\
@\xf7\x9f\xab<Gd\xee\xbc!\xeax\xe0\xc3\xc6\xb6\
\xeb<\x1b\xe4\x8ai\x7f0z\xecc\x81\xc4\x93\xb1\x1d\
C\x18\x81\x9e\x1e'\xb3\xca\xd1\xd6\xca\xbby\x03\xe1d\
\x8e\xa6\x81$\x0eb\xb8\x22\x0dp\x1d\x90\xd3\xfa\xd7\xcf\
P\xa47\xfd\x03\xc5\xf4\x0b\xcbR\xee\xf2\x03\x00\x00\x00\
\x00IEND\xaeB`\x82\
\x00\x00\x04b\
\x89\
PNG\x0d\x0a\x1a\x0a\x00\x00\x00\x0dIHDR\x00\
\x00\x00\x14\x00\x00\x00\x14\x08\x06\x00\x00\x00\x8d\x89\x1d\x0d\
\x00\x00\x00\x19tEXtSoftware\
\x00Adobe ImageRead\
yq\xc9e<\x00\x00\x03&iTXtXML\
:com.adobe.xmp\x00\x00\
\x00\x00\x00<?xpacket beg\
in=\x22\xef\xbb\xbf\x22 id=\x22W5M\
0MpCehiHzreSzNTc\
zkc9d\x22?> <x:xmpm\
eta xmlns:x=\x22ado\
be:ns:meta/\x22 x:x\
mptk=\x22Adobe XMP \
Core 5.6-c145 79\
.163499, 2018/08\
/13-16:40:22    \
    \x22> <rdf:RDF \
xmlns:rdf=\x22http:\
//www.w3.org/199\
9/02/22-rdf-synt\
ax-ns#\x22> <rdf:De\
scription rdf:ab\
out=\x22\x22 xmlns:xmp\
=\x22http://ns.adob\
e.com/xap/1.0/\x22 \
xmlns:xmpMM=\x22htt\
p://ns.adobe.com\
/xap/1.0/mm/\x22 xm\
lns:stRef=\x22http:\
//ns.adobe.com/x\
ap/1.0/sType/Res\
ourceRef#\x22 xmp:C\
reatorTool=\x22Adob\
e Photoshop CC 2\
019 (Windows)\x22 x\
mpMM:InstanceID=\
\x22xmp.iid:2ECC818\
3AEC311EBB080C7E\
22C84941F\x22 xmpMM\
:DocumentID=\x22xmp\
.did:2ECC8184AEC\
311EBB080C7E22C8\
4941F\x22> <xmpMM:D\
erivedFrom stRef\
:instanceID=\x22xmp\
.iid:2ECC8181AEC\
311EBB080C7E22C8\
4941F\x22 stRef:doc\
umentID=\x22xmp.did\
:2ECC8182AEC311E\
BB080C7E22C84941\
F\x22/> </rdf:Descr\
iption> </rdf:RD\
F> </x:xmpmeta> \
<?xpacket end=\x22r\
\x22?>\x97|\x1a\xd9\x00\x00\x00\xd2IDATx\
\xdab` \x02\xfc\xff\xff\xff<\x08\x13\xa3\x96\x85\x81\
8 \xca@*\x00\xba \x14\x88[p\xc8\x15\x02q\
2\x0e\xb9\x16\x90^l\x12\x13\xfeC\xc0\x12\x12\x1c\xb1\
\x04\xaag\x02>\x05\xbfI0\xf07)\x0e\x80y\xe7\
\xe3\x7f\x04\xf8\x8c+X\x881\xec\x0a\xd4\x10P\x0c\xe7\
B\xf1y\xa8\xd8\x15R\x0d\x83\x85g2\x16\xb9d\xbc\
\xe1\x86\xc3\xc0\xcf\xf8\xd2\x1d\xd4\xa5\x9f\xb1\xc91A%\
\x9f\x80\x92\x06\x928\x0f\x10\xef\xc4c\xe7N\xa8\x1a\xe4\
d\x052\xe3<\x13\x03=\x00%^\xa6O\xa4P=\
\xd9\xa0%\xec\xcfd'l\xaaf=j\x15\x0e\xc8\xe5\
\xe1Q \xfe\xc2\xc8\xc8X\x83\xad\xf8\x02R\x9f\x80r\
s\x91\xc5\x81\xfc\x18\xa0\xdc\x03 \xf3\x22\xa9a\x09J\
\xb4O\xa8Yb\xbf&\xd6r\x80\x00\x03\x00?vH\
Q[\xf7\xd7\xe9\x00\x00\x00\x00IEND\xaeB`\
\x82\
\x00\x00\x01\xf7\
\x89\
PNG\x0d\x0a\x1a\x0a\x00\x00\x00\x0dIHDR\x00\
\x00\x00 \x00\x00\x00 \x08\x03\x00\x00\x00D\xa4\x8a\xc6\
\x00\x00\x00`PLTEGpL\xff\xff\xff\xff\xff\
\xff\xff\xff\xff\xff\xff\xff\xff\xff\xff\xff\xff\xff\xff\xff\xff\
\xff\xff\xff\xff\xff\xff\xff\xff\xff\xff\xff\xff\xff\xff\xff\xff\
\xff\xff\xff\xff\xff\xff\xff\xff\xff\xff\xff\xff\xff\xff\xff\xff\
\xff\xff\xff\xff\xff\xff\xff\xff\xff\xff\xff\xff\xff\xff\xff\xff\
\xff\xff\xff\xff\xff\xff\xff\xff\xff\xff\xff\xff\xff\xff\xff\xff\
\xff\xff\xff\xff\xff\xff\xff\xff\xf5AEi\x00\x00\x00\x1f\
tRNS\x00\x063\xef\x18\xe7\x09\x12\x0f \x0c\xd9\
\xfe;\x9e$\xdf\x84\xb0\xf8\xd5\x99B+p\x91\xa8\xbf\
^\xcay\x86\x03\xee\xf5\x00\x00\x01'IDATx\
\xda\xa5\x93\xc9\x8e\xc3 \x10D\x0b0f\x89\xf7\xe08\
\xeb\xd4\xff\xffe\x8c=\x96\x1749d\xeaB\xd3\xf5\
@\x8dT`/_U\x1e\x9fdH\xf3\x11\xb0\xa4\xfd\
\x0a\xb8\xc8\x14\x90\xe5\xc6\xa7\xca\x8e3dg\xae\x84l\
\xd8\xcc\x84}\xbd\xfc\xec\x8f-\xb9\x19\xfe\x14\x89\x8d\x5c\
\xc3`\x81\x1d\xa1L\x5c\x9d3\xf3\xfd\xc1\x03{\xa2\x13\
\xb8t\x1c\xd5] \xbaS\xf2\x98\x1chIjM\xb2\
\x8d\xdbD\xd1\xbf\x0d\xc0\xd0OD*I>\xe7\xeaI\
J\xa4z\xb0_\xca\x8a\xddf\xba\xda9W;x\xd2\
-\xbd\x9a\x85\x80\x9b\x0c3\xd2Q\x1a\x8ez=uf\
\x06\xcd\xa8\x1e7\xb2(\x18\xe0\xa8\xf6@\x88}\xde\x90\
\x1bc\xad\xf1\xc8\x0b\xd6\x8b?\xf0,\xe0c\xdfl\x9e\
\xdb\xb1Z\xca;\xefH5\xb0\xb8\xce\xd5\x95\x1c\x80T\
?dU\xe6\xbe\xbc\x93W\xa42\x91\x98\x06\x9e\xfc$\
\x99N?\x04d\xa5H\xd5K\xe4\x0f\x9d\xed\xfdLS\
\xc7C\xc2{\x11\xb7\xea\x90\x8f\xaca0\xc0\x9f\x09*\
\xd5\x92\x1f\x1b~\x0b\x13\xa8\xca\x15\xa0\xf6\xc7\xd0\x1a\xc5\
\x15\x80\xac\xd3\xd8\x0f\xf2\xeb\x9f\xf5\xbf\xcf\x9b\xb7\xed!\
\xaeo#2\x16\x9e\x1d\x92\x85\xee\x00\x00\x00\x00IE\
ND\xaeB`\x82\
\x00\x00\x06\x12\
\x00\
\x00e~x\xda\xed\x5c\xcdk\x1bG\x14\x7f\xb6\xd2\x08\
'DR\x8d\x0f9\xb4\x96C\xa1\xf8PDK/\xa5\
\x14dz(\xf8\xd0\xa3[BNE\x97^r\xe8\xa5\
\x01\x1fj\x19J\x9bC?\xc0\x17\xfb\x0f\xc8\xa1\xe0\xd2\
\xdct,*\x8di\xc1\x05Aq)\x81\x1c\x5cJq\
\xa0=\xc8\x08\x83,\x0bO\xdf\xdb}\x13O\x86\x95\xb4\
\x1f3\xda]\xef\x0e\xf9e\xb53\xef{\xe7\xe3\xed\xcc\
&\x003\xf0\x02T*\x80\xd7%\xf8\xf8\x0a\xc0\x07\x00\
\xcf\xdd\xff\x88\xb8y\xd3\xbd\xbf?\x07\xf0*bi\xc9\
\xbd\xff\x0e\xe9~\x98\x07XYq\xef\x97\xdfE\xfeW\
\x00\x96I\x06\x02\xc9\x9cz\xa7\x5c\x81@E\x08\xd1&\
@\xc8\x12\x84\x1f\xe9N\x11\x0d\x1ft\x0d\xa2\xf5[?\
B\xcf'\x13h\xd6\x10O\xc5E\xa1\xdfk>\xfdh\
0\xcf.\xa2\xc4\xd8\xe5:?\xfe\x91\xae]\x8fz\x92\
\xf1\xd4\xa3\xbeEP\xee\xa9\x94<\xe8\xc8\x0e\xa1\xf3\xf9\
\xe5\x97m\xa3\xf4\x86\xb5\xdft\xfc\xc2>\xbf\x80\xfd\xa7\
\x11\xa6_\x05\xd13\xad\xf1w\xbe\xe1\xa2\xd3s\xd1\xaf\
\x02t\xcb\x00\xbd\x0e\xc0\x9b\xbf!\xfes\x7fS\x1d\xb5\
I:\xc9\x17u\x9eA\xfbf\x11\xdf3f\xc7\xd0\x11\
n ^C\x5c\x97]\x91\xf9\xb7\x10\xdf f\x14\xda\
\xebL{\x83\xef\x095\xc4C\xc4\xa7\x88\xabJ\xfd-\
\xc4\xcb\xca\xfdU\xa6y\xc8<\xb2\xfe\x1a\xe2\x1e\xe2'\
\xc4<\xa2\x80\xa8 \x16\x18\x15\xae\x9bg\x9a{\xcc\xa3\
\xfaP\xe4\xf69\xc4\x87\x88G\x88\xdf\x19\x8f\xb8n\x8e\
i\x8a\xca\x90Se\x90\xcfw\x10\x7f\x22\xb6\x11\xef3\
\xb6\xb9\xee\x0e\xd3\xe8q\x9ee~\xb2\xf3W\xa6\xbf\xa6\
\xf9\xb7\xcdm\x15E\x97|F[\x1c\xab\x05E\x8fn\
\x9b\xb4k\x81i\xb7\x94\xe7\x1b\x85?\x92\xfdQ\xe37\
\xe6\xf9\xfd\xec\xe7\xf9E\xed?\x86\xfao\xe8\xf1\x13u\
\xfc\x0e\xeb\x00_\xbd\x01\xf0\xc5G\x00M\xd4\xd2.\x00\
\x1c\x16\x01n}\x0ePh\xbb\xa0\xdfTGmDC\
\xb4\xc4C\xbc4\xcf`\x0a\x04\xaf\xab\xf3\xcc\x1cD*\
h\xef!\x01,\x15\x94}L\xb0(?\x92\xfd\xc8{\
\x868\x88\xc0\x7f@2&\xb4\x8b0:\xfc\xf2N\xb2\
\xc1\xb4\xef\x9c\x8f\xb4x\xbd\x97\xe5\x94\xebJ\x11\x9fg\
M\x91\xdbC\xfc\xc1\xe8)zj!e\x97\x149\xeb\
\x1e\xed\xeb\x8a\xdeR\x08\xf9\xadQ\xb2=t\xb4B\xc8\
'\xbbzQ\xe98\x17\xec\xeb\xb9(\xdb\xd5\xf6!\xbf\
-\xb4\x09Q\x95i[\xbe\x81\xf8\xfc\xeb\x87.\x86\xe7\
k\xb5\x7f\xda\x1e_\x1e\xb122?\xd8\x9c\xdfl\xcf\
\xcf\xb6\xd7\x97|}\xf7\xe09\x12\xcfp$\x8e\xe0o\
\xf1\x0b\xf4D\x07\xb0\x06\xcea\x03\x86\xef\xd4a\xf8\x19\
B\xd4\xe1%\xf1\x96\x03\xfa\xed\xd4a\x1b\xd1\x88\xa6p\
x\x88\x97d\xa82\x97\xf9]oE\xcd\xc3*\xc6\xfd\
\xee\x85\x99\xa3\x0c\xea\x17b\x5c\xd2{\xf9\xf5\x1b\x8f\xbf\
\x94ib~\xd5\xe6\xf3 y\x810e\x83\xa2[\xf8\
\xd4\x1f\x88\xde\x86?A\xe25\xed\xe7\xc9{vO\x10\
\x03e\xdd\x1cp\xdd\x9a\xc5\xbeNy\xc7c1\xb9<\
\x8e\x9a\xdfO\xc8y\xa8tT_9&\x1d\xa5\xbdg\
\xd2\x06\xc5\xef\xb3q1f;\xced\x1c\x0c\xe9n(\
~5L\xd3\x07\xc8_:\x01x:a\xf3%\x0fY\
'A}Qbp\x12`~\xf0\x9co\xc2\xae1\xa3\
\xf8t}q\xeb\x8f;\xfe\x96\xfa\xdf\xbe\xc1\xfew7\
\xce\xf1\x17\xf7\xfc\x93\x84\xf9W\xb1\xa1\x13\xc7\xfa\xa3\xd9\
\xb1j{\xfd\x8d3\xff\x88;\xffJ@\xfe\x19k\xfe\
\x9d\xbf\xffe\xeb\xfdO\x9co\x08\x15\xc7B|\xdb\x15\
\xa2L\xe8\x0bQ\x15\xdd\xb2\x10\xed\x82\x10\x9b\x9bB|\
\xf9\x97\xdbR\xed;(\xd7\x87]\x82\xbcw\xda\x88\x86\
h\x89\x07y\xa9E\xca#\xd9\xba\xbee\xde\xa3h\xaa\
\xfb\x14+\x90\x98\x82\xf1\xddQ\xe6\xd9\x1d\xc8XQ\xd6\
s\x11e\x8f/\xc5\xfe?Wr\xffs\xffs\xff\xf3\
\xf9/C\xfe\xa7b\xfdK\xdb:m\xda^\xad\x9f\xa6\
\xe9Y\x19\x19W\x1e\xfe'2\x06\x1e\xbe\x9b\xf2\x7fg\
\xc4~\xc4N\xc2}7fc\x92c0-\xdbl\xf5\
\xaf4\x8dO\x1b\xf3K\xda\xe6\xe7\xa4\xad\x87)\xca#\
\x16\x11_\xf3~j\xdf\xa3\xcf\xf6\xb9\x8dh\x16/Q\
\x9e'\xf7\x95\x83\x16\xe2YM\xb1\xdf~\xcf\x95c\xdd\
\xf7\xb7\xe4\xfb\x9a\xf6\xfd[\xd4rj\xf3\x1b\x00\xc3\xbe\
7\xc6\xf8A\xe7){|\xf6\xb6\xa8\xcd\x0dw\xb9m\
0\x86\xbf\x91R\xdf\x07A\xe6f\x9e\xd3\x07i\x8a\x81\
\xc7Y\xa2,\x07!\xbf\xfb,)g\xc4\xc2\xe6\x19\xa4\
!\xff\xbd\xce0\xf7\x0d\xc8\xdd\xf7\x90\xdbI\x98\xef\xb7\
\xbd\xd6/\x83\xf2\xbd\xd6\xcf\xd5\x04\xf9\xff\xc4c\xbc\x97\
\x0c\x8f\xad\x81\xad\xf8\x1a\xc8\xeb\xac\xbf\x7f\x8cx\xffZ\
L\x80\xff\x0f\xf4goQ\x97\xde\x07\x1e$\xc0\x7f}\
\x8e\xde\xb3\xa8kO_[\x12\xe0\xff\xb1f\xd3\xbaE\
]\xeb\x9a\xaecK\xe3\xca\xf78F\x9a\xa1\xc6S\xb3\
\xe8\x7fM\xd35\x8c\xea\xdf\x88\xfd\x13\xdf\xfb\x1b\xd3>\
\xc7\x09\xaao\x92\x7f\xb9\xff\x91\xfb\xbf\x98b\xff\x7f\xd1\
t\xff7`S/\xcd\xf3\x9f\x01\x9b\x0e\xa7\xb8\xfe\xb5\
\x12\xb8\xfe\xedN1\xff9I`\xfe\xf3\xf6\x94\xf2\xdf\
\xfbI\xcc\x7f\xb3\xfe\xfe\x13\xe3\xfb\xef\xed|\xff\xe3\xd2\
\xef\x7f\xfd\x93\x96\xfd/\xb6\xf9\xbd\x11\xf9\xd6\xa5\xdf\xff\
Tlo\x8c\xc99'\xed\x7fw\xd2\xbc\xff\xad\xad\x89\
\x99<\xff\xd0\xe2\xd0\xce\xe2\xf9\x97G_\xc8\xdc\xf9\xe7\
\x88}\xd2\xd4\x9f\x7fg\xf9\xfb\x87,\x7f\xff\x92\xe5\xef\
\x9f\xb2\xfc\xfd[\xd6\xbf\x7f\xcc\xbf\x7f\xcd\xfc\xf7\xcf\x99\
\xfe\xfe=\xebvNi\xdd\xca\xff\xfd_\xee\x7f\xee\x7f\
\xee\x7f>\xffe\xc7\xffD\xac\x7ft\x86\x5c\xe7\xb3\xe4\
P\xd72\xfd\xd5u\xff\xa7o:\x0a-\x08w\xdbk\
\x86\xaeM\xe7\x8fs\xe3\xec\x84\x15\xf8\xb4\xb4\xe8\xb00\
s\xbb \x87\x80<\xd2v\x04\xf7\x01\xaa\x8e\xec\x99\xa6\
CvX\xed;:\xda\xf5\xa1\xd4\xe1\x5c7\x9d?\x17\
\xd7\x02\xeb*^\xe8R\xae\xe0^QW\x99lP\xae\
n\xfd(\xbe\x0b\xb9\xba>i\x87\xb4K\xda)\xed\x96\
~\x9c\xb3_\xd2O\xf6[\xc6A\xea\x92q\x92q\x93\
q\x94>\xcb8\x97\x9f1Gz~\xff\x03\xe6\x10\x8b\
\x81\
\x00\x00\x04\x19\
\x89\
PNG\x0d\x0a\x1a\x0a\x00\x00\x00\x0dIHDR\x00\
\x00\x00\x10\x00\x00\x00\x10\x08\x06\x00\x00\x00\x1f\xf3\xffa\
\x00\x00\x00\x19tEXtSoftware\
\x00Adobe ImageRead\
yq\xc9e<\x00\x00\x03&iTXtXML\
:com.adobe.xmp\x00\x00\
\x00\x00\x00<?xpacket beg\
in=\x22\xef\xbb\xbf\x22 id=\x22W5M\
0MpCehiHzreSzNTc\
zkc9d\x22?> <x:xmpm\
eta xmlns:x=\x22ado\
be:ns:meta/\x22 x:x\
mptk=\x22Adobe XMP \
Core 5.6-c145 79\
.163499, 2018/08\
/13-16:40:22    \
    \x22> <rdf:RDF \
xmlns:rdf=\x22http:\
//www.w3.org/199\
9/02/22-rdf-synt\
ax-ns#\x22> <rdf:De\
scription rdf:ab\
out=\x22\x22 xmlns:xmp\
=\x22http://ns.adob\
e.com/xap/1.0/\x22 \
xmlns:xmpMM=\x22htt\
p://ns.adobe.com\
/xap/1.0/mm/\x22 xm\
lns:stRef=\x22http:\
//ns.adobe.com/x\
ap/1.0/sType/Res\
ourceRef#\x22 xmp:C\
reatorTool=\x22Adob\
e Photoshop CC 2\
019 (Windows)\x22 x\
mpMM:InstanceID=\
\x22xmp.iid:F515D08\
1AEC111EBB376A2A\
723BA6255\x22 xmpMM\
:DocumentID=\x22xmp\
.did:F515D082AEC\
111EBB376A2A723B\
A6255\x22> <xmpMM:D\
erivedFrom stRef\
:instanceID=\x22xmp\
.iid:F515D07FAEC\
111EBB376A2A723B\
A6255\x22 stRef:doc\
umentID=\x22xmp.did\
:F515D080AEC111E\
BB376A2A723BA625\
5\x22/> </rdf:Descr\
iption> </rdf:RD\
F> </x:xmpmeta> \
<?xpacket end=\x22r\
\x22?>A\x9c\x8fi\x00\x00\x00\x89IDATx\
\xdab`\xc0\x03\xfe\xff\xff\x7f\x00\x84\xf1\xa9ab\xa0\
\x16\x00\xda\xf4\x13\x88\x0b\x89P\x97\x0cRK\xbc\x04v\
\x8b\x92\x09)\x0a\x05\xe2\x17\xff\x11\x00\xc4\x0e%\xd6+\
\xc9PM\xab\x81\x98\x0f\x8aWC\xc5\x92\x891\x00d\
\xdbj,\xe2 C^\xa0\x8b3\x02\x05\xb7\x81\x19\x8c\
\x8c^P\x85\xff\x81\x14?\x90\xff\x09\x8b!\xff\x81\xe2\
\x8cP\xf66\x92\xa2\x11\xe4\x15b\x15\x92\xe4\x05\xea\x07\
\x22\xd9\xd1HbB*$/\x85\x91`\x11\xfdr#\
@\x80\x01\x00e\x06\xe0\xc2s\xca|\xb7\x00\x00\x00\x00\
IEND\xaeB`\x82\
\x00\x00\x01\x10\
\x89\
PNG\x0d\x0a\x1a\x0a\x00\x00\x00\x0dIHDR\x00\
\x00\x00\x10\x00\x00\x00\x10\x08\x03\x00\x00\x00(-\x0fS\
\x00\x00\x00?PLTEGpL\xff\xff\xff\xff\xff\
\xff\xff\xff\xff\xff\xff\xff\xff\xff\xff\xff\xff\xff\xff\xff\xff\
\xff\xff\xff\xff\xff\xff\xff\xff\xff\xff\xff\xff\xff\xff\xff\xff\
\xff\xff\xff\xff\xff\xff\xff\xff\xff\xff\xff\xff\xff\xff\xff\xff\
\xff\xff\xff\xff\xff\xff\xffJ\x8d\x9a\x18\x00\x00\x00\x14t\
RNS\x00}\xd3\x1d\x1eKS\x04<f.pE\
\xcb\xde'\x98\x97\x09[\xc3\xcbf\xca\x00\x00\x00lI\
DATx\xda\x85\x8f\xdb\x0e\xc20\x0cC\xd3\xad\x97\
t\x1b\x0c\xb6\xf3\xff\xdfJ\x0a\x96@\x02\x09?$\xf6\
ypS\x93h2\xbf\xc0\xe4\x02\xf3\xf4\x02N\x90b\
\x96\xe9&\x922\xe05\xb2\x94\xb9{\xa2|4\xdeb\
\x9c(@e\x0b\xd3X\x80\xd8\xad\x19\xe9\xd9=\xbcZ\
\xe9Ga}w\xd6\x0dX\x17W\x9e\xc7\xfb\xbb\xee\x19\
\xbat]\xea\xd70\x7f?\xf7\xad\x07dg\x04Y\x1b\
'\xf7\xc1\x00\x00\x00\x00IEND\xaeB`\x82\
\x00\x00\x02\xaf\
\x89\
PNG\x0d\x0a\x1a\x0a\x00\x00\x00\x0dIHDR\x00\
\x00\x00@\x00\x00\x00@\x08\x03\x00\x00\x00\x9d\xb7\x81\xec\
\x00\x00\x00ZPLTEGpL\xff\xff\xff\xff\xff\
\xff\xff\xff\xff\xff\xff\xff\xff\xff\xff\xff\xff\xff\xff\xff\xff\
\xff\xff\xff\xff\xff\xff\xff\xff\xff\xff\xff\xff\xff\xff\xff\xff\
\xff\xff\xff\xff\xff\xff\xff\xff\xff\xff\xff\xff\xff\xff\xff\xff\
\xff\xff\xff\xff\xff\xff\xff\xff\xff\xff\xff\xff\xff\xff\xff\xff\
\xff\xff\xff\xff\xff\xff\xff\xff\xff\xff\xff\xff\xff\xff\xff\xff\
\xff\xff_\xd1\x5c\xca\x00\x00\x00\x1dtRNS\x00\x9e\
\x90\xb4\x1d(8\x0cz\xf2k\x97\xca\xe4q\x84\xbeQ\
\x05\xd6\xdc\xec\xa9g[E\xf9.\x17\xd8\xf0\xcf\xd4\x00\
\x00\x01\xe7IDATx\xda\xed\x97\xebr\x83 \x10\
\x85Q\x92\x88\x0a\x8a\xe2%&\xd9\xf7\x7f\xcd\xda\xc1\x14\
\xd3C\xc3\xb6\x99\xe9Lgz~e\x88\xe7cYv\
\x11\xc5S\x15\xa6,\xcb\x93\xf8\xb9\x0aZ\xf5\x12\xa0\xfc\
\x07\xfc2@N\x5c@kc\xfe\x9a(\xe7\x01f\x22\
$\xf4\x92V\xe5\x1c@E\xab\x5c\xf1\x99\x90\x93'`\
%.\x11?I\x00\x08\x15!\x14Vk}\x8d\xf8k\
\xb0#!\x08\xfd\x99\x88J\x01\x1c\xd4\x80?A\xe0\xf8\
\x91 {\x11W\x0e\xfe8!\xdb\x00\xa7&\xb3\xce\xe9\
I-\xe1_\xf4#A\xf9_gM\x1frU\xef\xc7\
\x88&\x91P\xe6g\xb8jz\x90Y<_\x0a\x9ef\
\x02\xb5)\x0ff\x9b.\x93\x9a\xe7&\x1b\x09\x92\x97\xd0\
\xd9G\xadn[=V\xee{1\x1c\xb0\xdak\xf2]\
\xc1\x93\xf3\x01\xe3\xfe^z\x96\x7f!\xc2\x86\xf71(\
\x16@\x13Q\x89\xdd:\xbc\x0fsB\xb8~1UG\
\xab:\xe6\x16^\x0a\x812\xf1f?\xect\xbb/6\
Zo-\x11i\xb1\xea\xb6\xf7\xac\xdc 'V\xc9\xb0\
\x02\xac\x0e\xe3\x9f\x08*EIA\xe6\x9e\xc3*\x06\xe8\
\xee\xc9\xb5\xb4\xd3\xeb\x80\x91\x82\x86\xef/\xe1\x22\x8e;\
\x1dxI<\xec=\xacm\x0c\x95Ts\x0b\xa9\xf9\xa2\
\xc2;n/\x8d\xd1\xe1xd\xf1\x9a\x9d0\x03\xfc\x13\
a\xd8\x9e\xc53\xae\xe0\x01\x8ex\x82\xb5\x04\x19H\xbf\
\x00\xdd\xdc\x8bp\xc2\xa7\xb7\x00'$\x935\xe7s\x95\
\x0fD\x90\x96tO\x83\xb8\xf3\xe7\xbe\xe5O\xc3\xa3}\
\xec\xfc\xe22\xc6\xd4j\xcb\xbb\x0bv\xa3\x8a\xfb\x0e\xd7\
\x8c\xd0\xeb-y\x8b\x9a\xb41N\xb6]\xbfKn\x9d\
N\xbf}\xfez\xcf\x9f\xf8S\xd9V@`\xde\x7f\x90\
\xc0\xf7\xf3\x09s\xc4_Hk\xed\x91Gh\x83\x1f/\
\x9aH\x98\xa0\xafd\xf0\xe3U\x17\x09\x06\x1b3\x0b[\
\x0c\x00 h\x11\x91\x95\xdc\xeb~\xee\xfe\xbf\x99\xfe\x14\
\x80^\x05\x0c\xe38>\x07\xbc\x01\xb3+S\xb6\xcb\x01\
\x8d\xd8\x00\x00\x00\x00IEND\xaeB`\x82\
\x00\x00\x06_\
\x00\
\x00%\x96x\xda\xedYkl\x14U\x14>+K\x1f\
\x14\xec\x96\x82\x14,l\x85\x8a\x08\x22HE\x1e\x16\xb6\
\x11\x01c5\x1a\xdf@b4U\xc1\x18\x22\x065Q\
\x09\x85\xf04\x9a\x88\x85\x08\x96G\xd5?\x12\x13\xa3\xc6\
W\x95\x18\x01\x91\xfa\x0a1\xa2\xf8@\x1e\x05\xb4\x05\x03\
l\x95h\xd1e\xc7sv\xbf\x09'\xc3\xcc\xec\xcct\
+\xc6x\x93/3\xf7\xdcs\xbe;3\xf7\xdcs\xcf\
\xbdC\x14\xa20\xf5\xeaE|-\xa3\xc6\x1c\xa2)D\
TR\x92\xae/\xcf'J\xb2,\x12I\xd7g\x85\x89\
\x96\xf2}YY\xba\xbe\x91\xef\x8f\xb1\xed\x10\xb6\xe1K\
\xea*r)UlW\x5c\x90\x86Y\x0c\xc3\xf0\x82\xa7\
\x01\xca\x12N\x00~\xed\xba:\xc8\xf7\x03vm9\x0e\
\xf2>\x8c\xbf\x18\xef\xd9\xb4\x1d\x07\xac\xf2\x0f\x18\x09F\
\x89M[>\xa3\xc9H\x97W\x19]T[1`\xd6\
\xc3\x8c\xd7\xa0\xbb\x8d\x91\xe7\xf2\xce\x9b\xa07\x1a\xf5j\
F-p\x0dd\x13\xa0\xf3\x8e\xc7\xef(\x1c!\xc6'\
\xc6\x99e\x1btn\xf496_\xc0\xfe^%\xbb\x1f\
\xb2O}r\xdd\x02\xbb\xe96m5h\xbb\xc1\xc1v\
\x05\xa3\x99\xb1\x17\xd7\x0b\x18\xf5\x18k\xa7\xfe\x92\x8c\x95\
\x8c\x81\x16\xdbg\x18k\x19\x87\x19\xad\x8c#\x8cr\x8f\
|u\x8cA\xb0i\x05G\xbd\x83\xfe4\x97w\xba\x03\
m\xb7\xfa\xfc\x86;aw\xbb\x92M\x87\xecK\x9f\x5c\
\xe3\xe1\xcf&\xe7I\xc0\xe4:\x87Q\xe5\x91\xeb\x15\xd8\
\x8d@}\x06\xbe}\x1d\xbe\x83\xc8*\xd5<r\xe2\x91\
9\xd3\x08\xbd7-\xf3\xbc\x100\xeb\xb9\x8c\xf7\xa1\xbb\
\x09u+_\x09\xc6m\xabM\xdbQ\xc0*\xdf\xce8\
\xc5\xe8\xe5\xf0\x8c\xdd\x1d\xe4\xcd\x80\x1f\x9b\xce\x88\xa7N\
x\x1e\xc8\xac\xdb\x10O\xe1x\xc3\x1cj\xda0\x92\xb6\
\xac\x19Imyqj\xef\x1a\xa7D\x0d_\xdb\xe2\x14\
j\xa7\x14\xe4>%\x0b\xc5S:\xa2+6bk\xf2\
\xc8z\xc5K\x1d\x8dT\xeb\x16\xe5\x07^\xb7L\xcc\x05\
\xa8\x93p\x0a\xe8,\xfe}@P\xfb\x01\x8c;]\xda\
\x7f\x06\x9c\xda\xeff\xf4wi\x7f\x10s\xeb\xd9\x00\xfc\
\xcf\xc1\xf6\x01\x17\xfe\x02\xc6\x0b\xd0[\xe1\x90\x17\xd8\xe5\
\x06+a\xb3\x8e\xd1\xcd\xc3wz\x11\xfa\x8f*\xd9\x85\
\x8c+\x80AJ\xfe\x18t\xeb}\x8e\xc5#Xg$\
\xde\xbck\xb3\xfe\xbe\xc5\xe8\x8du\xa6#>{\x04|\
\xab\x19W3&c-\x93r\xa8\x83\xfe\xf81x&\
\xda\xb4MB\xdb\xe6\x80\xdcCa_\xe7\xa2S\x0f\x9d\
\xc1.:\x8fc\xce\xec\xc6z\xbe\x07>p\x1dl\x87\
\xbb\xd8\x8e\x86\xce\x14\xd8\xec\x01\xc7np\xca\xd8/E\
\x8exTA\xfc\xf4z\xd8\x0es\xe1\xaf\x80\xced\xc4\
{\xcd!\x9c\x8b]l\x87\xc3\xf6)\x17\x9d:\xe8\x0c\
\x0d8\x06;`_a\xd36.`Ng\xcd\x95O\
\x80g\x09c\x0cc,\xe3I\xc8\xda\x5cr\xfdL\x98\
\xc5\xe8\x8b\xbco\xab\xcd\xfc\xfa\x90\x11e\x94\x22?\xf5\
\xc3\xbd\x0a\x1c\x0f+\xd9e\xc8\xa7\xafU9\x8d`^\
\x86\x98h\x8d_\xabT<\x09{\xb0\xc9\xb1\xc4\xc4\xae\
\x1e\xe2\xf3\xda\x00\xf9\x88\xd9\xc7L\x17~\x89\x91\xb3]\
\xda[\x01\xa7\xf6\xd9\x18\xaf\xa0\xfe\xb4\x17\xe8\xac\xf5\xd7\
,\x9d\xc5\xbf8\xc3\x9c?\x13-\xa7\xd1\xd2\xd2B\x07\
[\x9a\xa8\xb9e\x19\xb5\x7f\x14\xa5\x04\xc5\x88[(Y\
YK\x89\xf91\xa2\xf9\x94\x82\xdc\x8b,I\xb5)\x1d\
\xd1\xddo\xe4\xa6l\x85CsJ\x1e\x16a\x94\xe9<\
,\xdc\xe1<,\xc8w\x0f\xffC\xf6\x9f\xdb\xf8\xb8\xd5\
\xfeJ\xf8Y\xc8\xc6\xbe?\xf4\xefS\xb2\x8b\x94\xeex\
\x975S\xe7i\xb71\xa6Zb\xd6\x1c\xc6\xa5\xd8\xe7\
gz\x8f\xb1\xb0\xb9\x07q\xb6\x1a\xf5\x87\x1c\xf4\xc3\x0a\
!\xe8>a\xd11\xf7c!\x8b>Y\x9e\xf3f\x5c\
'\xd9\xc47\x03\xef`d\x98OR\xd6Xd3|\
\xcc\xbf\xa8\xca{&\xaa<\xad\xda\x83m%\xe6a\x99\
\xe59\x85\xe7&\xcb\xd8Z1\xc1f|\xab\xd5\xf8\x0f\
@\xfb,\x07\xfb\xaf\x18\xb1\x0c\xfe'>\xf6\xf5\xbfk\
\xfe\x10%k\xd3\xd8QC\xb4}*\xd1\xfeB\xa2x\
\x94\xa8\xcb\xc24~kH\xd7E.\xed;f\x9e\xb6\
\x19\x82\x18S\xa5\xe3L$\xabqF\xe6\xc0\x22 \xbf\
\x93\xe3\x95\x1dz*?\xeay\x16\xfa\x8f\xa8\xfe#\xff\
\xb1\xfeGa\x9f\x94\xad\xfe/v\xc8y\xdd\xe6\xbb\xe4\
5=\xb20\xfeE\xc8\xff\x0d\xac3^\xce\xe4L\xfd\
\x9d\x96\xf3.\xb2\x9c\x85}\x03\x14\xba<\xe3.p\xfd\
\x825\xc4\xcb7\xe8\x87sw\x03\xfcA\xfc[\xce\xce\
\xbe\x03\xc7\x8f8\x97\xf7c\x7f>\xe3 \xec\x8f\xd8\x9c\
\xc5\xe5b|z\xd8\xfc\x0b8\x8fq\x0c\xb6{\x03\xf4\
\xad\xe3r+\xf6\xbc\xe6\xd9\xa2\x9c\x17\xac\xc7~\xce,\
\xc7\x90\x83W\xa8\xd8$\xe7\xed?9\xfcS\xf0\x83\xde\
6g\x13fI\xe0|J\x97\xb9\x96\xff\x13\xd9\x9a\x93\
\xba\xef\x97\xe0\xcb\xdd\xb07\x96\xb5\xf1e\x87g\xc8\x06\
F(n\xb7\xbd\xdd\x1c\xa57,\x8b\xfd\xbf\x0e\xce\x0d\
\x1et7Bw\xa3G\xee<\x8cS\x11\xe2X\x04\xf5\
\xee\xca\x97\x92\xe0,\xf7\xc0w\x09t\xffT{\xc7\xee\
\xe04\xf9\x8bP\xcfSg\x0a\x86:\xef4\x107t\
\xdeu\xd4\xe3\xfbH^\xf4\x07lL\xdf\xdfe\xc3o\
\xe0?\xccz\xc3\xbe\x98\xe7\x8af\xcev\xd8\xc7x\xfd\
\x0e\x9b\xbe\xea\x9c\xd2\xae\xd4#\xae\x94c\x9fjb\x90\
:\x17-P\xfaQ\x0f}\x0f\x86nR\xc5\x8c\xfe\xe0\
\xd4}\x94\xfb\x98\x9f\x8d*\xf7\xcd\xa4\xbb\x01\xbaod\
\xd1\xff\xc7\xa8o0\xcdE\xafF\xe9\x8d\xcar\x0cX\
\xaa\xb8WbM\xd7>\xbfZ\xb5/\xccb\xbf\xfa\x1f\
\xeer\x8b\xff\x1cB\x8c\xd7e\x89%G\xedH\xdf\xe2\
\x1f\xdf\xe3\x7f\x99\x99\xafOV\xf1H\x17\xd1\xb9J\x9d\
!\xbd\xcd\xf8\xa1\x03\xb9Y\x91Z\xbf\x7f\xb5\xf1\xd5b\
\x9cw\x0f\xb4\xc9\x0fd\xbdmWq\xa4G\x80\xdc\xfa\
[\xb5~\x97\x06x~\x99c\x07T\x1eu\xae\x0f_\
?\xa0\xf2\x16\xa7\xf5[\xf8>\x03\x9c\xde\xafT\xe5Q\
\xfbp\xa6\x98\xa9\xff*\xf5\xcd\xfbd!\xff\xec\xa7\xe2\
\xe18\x8f\xdf\xa0\xca\xc3\xb3\xfa\xc9\xbf/\xf7x\xc6\xf1\
\xff\xfe\xc7_l0K\xf1Y\xe8\xbf\x00\xff\xdf\xd6\xe1\
>\x18O\x22fh\x9cL\xc4\x1a\xe2\x89Xa|\xde\
\xc4\xc2\xf6X\x22\x9a(\x1d\x1bKF\xf2j\x8d\xbb8\
\xa4m\xeeb\x18\xcb\x9a9kh3B\x85\xf1\x05\xa1\
\xa8\xa0}\x81\xdc\x8b,\xd5\xb6e\x91!\xbab#\xb6\
\xc2!\x5c\xc2)\xdc\xd6\xfe\xfe\x06\xc7'\xcf\x9a\
\x00\x00\x09Q\
\x89\
PNG\x0d\x0a\x1a\x0a\x00\x00\x00\x0dIHDR\x00\
\x00\x00\x90\x00\x00\x00\x90\x08\x06\x00\x00\x00\xe7F\xe2\xb8\
\x00\x00\x00\x09pHYs\x00\x00\x0b\x13\x00\x00\x0b\x13\
\x01\x00\x9a\x9c\x18\x00\x00\x09\x03IDATx\x9c\xed\
\x9d]\xac^E\x15\x867j\x8bm\x13\xe5/(b\
\x04\x011\xa6!\x22Q.\x9bhI\x8f\x80z!I\
\x03\x91\xb6T\x88\x17 \xea\x9d7\xad\x1e+`\x0d\x8a\
\x91\x82b\x8czS(\xf1B\x13c\xf0F~\xb4E\
b\xa9\x10\x034A\xa5\xa5U\xb4\x82r\x83\xa4\xa7\x85\
\xf2\x98\xf1[5\xe4\xf0\xfd\xcc\xec\xd9{\xcf\xcc\xde\xef\
\x93|7\xe7o\xaf\x99y\xcf\xec\x99Yk\xd6\xaa*\
!\x84\x10B\x08!\x84\x10B\x08!\x84\x10B\x08Q\
\x22\xc0R`Ij;Da\x00\x97\x02\xbf\x07^\x03\
\x8e\x01\x8f\x00s\xa9\xed\x12\x05\x00\x5ck\xc2Y\x8c\x13\
\xd25\xa9\xed\x13\x19\x03\x9c\x0e\xfc\x87\xc9\xbc\x04\x9c\x96\
\xdaN\x91)\xc0Ff\xb3!\xb5\x9d\x22S\x80\xcd\x1e\
\x02\xda\x9c\xdaN\x91)\xc0\xbc\x87\x80\xe6S\xdb)2\
E\x02\x12QH@\x22\x0a\x09HD!\x01\x89($\
 \x11\x85\x04$\xa2\x90\x80D\x14\xc0&\x8fs\xa0M\
\xeaf1\x16`\xbd\x87\x80\xd6\xa9\xfb\xc4X\x80\x93=\
\x9c\xa9'\xa9\xfb2\x00\xb8\x00\xf8\x1e\xf0\x10\xf0\x0b\xe0\
\xba\x1c\x82\xb7\x80\xab-tc1\xaf\x02\x9f\xc9\xc0\xbe\
%\xc0\xe7\xac\xcf\x1e\x00\xeet}Y\x0d\x09\x13\x8b\x1b\
\x90\xc5<\xecf\x81\x0c\xec[\x0d\xec\x02\x8e\xdag\xa7\
\xfbZ&3\xe4\xc3c\xfa\xed\x15\x17\xc7T\x0d\x01`\
\xa55x\x12\x7f\xc8AD\x0e\xe0-\xeeSe\x00#\
\xf1\xec\x99\xd2oG\x071\x13\x01w0\x9b\xc7\x81S\
S\xdb\x9a\x0b\xc0I\xc0n\x8f~\xbb\xbd\xea;\xb6\xe6\
\xf1!\x9b\x99(\xf3\x99\xe7\xf5<X\xf5\x1d\xe0\xe7\xf8\
3h\x11\x11&\x1e\xc7\xcf\xaa\xbe\xe3\x02\xd3\x03:d\
\xb0\x22b$\x1e\xd7\xf6\x10\xd6W}\xc7\x16\xa6\xbe\xaf\
\xb1A\x8a\x88z\xe2q[\xfa7WC \xa2\x83N\
\xa8z\x0ep\x82[\xcb\x04\xf6\xcd\x9e!\xfd\x83\xc5\x88\
\xe8\xf2\xaa\xe7\x00\x9f\x94x\xda\x13\xd1\xb7\xab\x9e\x03|\
G3O{\x22\xba\xa3\x85\x01{7p%\xb0\x05\xb8\
\x17x\x0cx\x06x\x118b\x9f\x17\xedk\x8f\xd9\xcf\
|\xcd~\xe7\xcc\x16\xecq\xee\x1d\x1f\x86\xf7\xdaj@\
D\xd1W\x8b\x817\x01\x1f\x03\xee\x02\x9e&\x9e\xa7\x81\
\xef\x03\x1fu\x7f\xbb\x01\xfb>+\xf1\xb4#\xa2}\xc0\
\xb2\x88\x819\x13\xb8\x198H{\x1c\x00n\x02\xde\x15\
a\xe72`\xff\x94gh\xe6\x99!\xa2\x07&\x88g\
e\xcd\x01y\xaf\xcd6\x0bt\xc7\x82\xcdJgG\xf8\
\x0b\xc7\x89\xe8\xd7zm\xf9mc/w\x0bf`\x9b\
\x1d<\x06\xcf<\xc0\x0a`\xab9\x19Sq\x04\xb8\x05\
X^s&\xdah}\xe0\xfa\xe2\xb2!\x1ccd\x81\
\x09\xd0\xbdNr\xe1Y'\x80\xd4\xfd\x22\xfcN\xb9\xe7\
'\x04\x84\xa5\xe65\xe0\xbb.\xeb\x99\x062C\xdc\xc2\
\xd5\xb2\x8a\xe5\xce#\xc0;S\xf7\x97x\x1d\xc09\xc0\
\x9f)\x87\xfd\xc0\xf9\x1a\xc4\x0c\x00>\x04\xfc3r@\
\x9f\x03\xb6\x037\x02k\x80\xf3lG\xb8\xc4>'\xdb\
\xd7\xd6\xd8\xcf\xdc\x0d\xfc=\xf2\x99\xce\xe6\x0bS\xf7\xdf\
\xa0\x01\xde\x17!\x1e\xf7{\xb79\x01F<\xff\x22s\
=\xc4\xd8p^\xb3\xbd\x22B\xd6<\xd3\x0e\xdc\xa6\xed\
\x88\xae\x07\xde\xdaTW3\xdar\xdfPs\xe7\xe7\x5c\
$gh\xd8;\xc4^+\xbf\xabq&\xb3\xb5I\xe1\
L\x10\x92\xdb\x05\x1e\x0e\xb4\xcd-\xfe\xb5;\xeb\x0a{\
\xf5\x84\xf0\x04\xf0\x81\x0e\xed[\x09<\x19h\xe3\xad]\
\xd97h\xec\x90p\x5c\x1e\xe7I\xdc\x1d\xe3C\x8b\xb0\
s9\xb0#\xc0N\xd7\xa6K\xbb\xb6sP\xd8\xa0\x84\
\xac{no\xc2C\x1e\xe9\x96\xb95\xc0^\xb7\x86Z\
\x91\xca\xde\xdeck\x18R\xc5\x0e\xd5\x85\x91/\xcb\x97\
\x9bR\xdb\xdb\xe7\xc3B_\xc7\xe8\xf6\x9c\x1c\x8f\x8cb\
\x90v\x04,\xf6\xcfJms\xef\x00~\xe09\x00O\
\xd6\xf1~\xb7\x0d\xa3\x1d\xda\x1f=\xdbpgj{{\
\x85\x05\x83\xf9\xc4\xf3\x1c\xeer\xb7Usw\xe6\xdb\x0e\
\x9d\x0d5\x85E\x12\xd2\x87,\xf2\xc0\xd7=\xdb\xb2%\
\xb5\xad\xbd\xc0\xd6\x0f\x07<O\x98[;$lx'\
y\xd0\xa3=\xfbsZ\xc7\x15\x8b\xe5\xea\xf1\xe1\xfa\xaa\
\x10\x189d}X\x95\xda\xd6\xe2\xb1\xd8b\x1f\xa7d\
\xf6\xb3\xcf\xa2\x05\xf5\xf3%\x1dE\x14\x0b\xf0\xa7>^\
8d\x14\x9d8\x8b\xbd\xa9\xed,\x1a\xbb\xf4\xe7C\xed\
\x90\x8cT\x00\x1f\xf6l[\xed+B\x83\xc7n\x7f\xce\
\xe2\xb9\x12;\x8a\x91\x9b\xe3\x90G\xfb\xd6\xa6\xb6\xb5X\
\xec\x0a\xf1,\xb6W\x85\x82\xdf\xe9\xf4W\xab>\x02\x9c\
\xe2\xea\x87\x02_\xf6\xfcl\x08\xbd\xcbm\xf7\xd0gq\
cU(\xc0\x17=\xdawOn\xe3\xd2TF\xf7i\
\x09\xb9'\xe1~\xe7\xea\x80\xe7\xf8\xdc\x97_S\x15\x0a\
\xf0q\x8f\xf6=\x9a\xdb\xb8D\x01\x5c\x12y\xef\xca\xfd\
\xee%\x9e\xcf\xf2\x09\xdd8\xa7*\x14F\x81\xfa\xb3\xd8\
\x97\xdb\xb8\xc46z\x5c\xa2\xebPvz>\xeb_\x1e\
\x7f\xeb\x94\xaaP\x80S=\xda\xf7Bn\xe3\x12{\xf3\
sZ\x92p_^\xf1I\xe0m\xa1\x0d\xb3(6\x96\
\x18X\xea\xd1\xbe\x85\xdc\xc6%\xa6\xc1M\x19z\xd4'\
!\xe4\x00\x04tbf\x02\xf2\x1a\x97\xd8F\xbb\x1a\x12\
\xb1\xfc\xd6\xf3Yz\x85\xe1\xfd\x0a\xebl\x5c\xa2h`\
\xb1\xf6\xaao\xe1\x12-\xa2;]D{\x8fKS%\
\x91\xeal\x17_\x0a)\x99\xa4m|\xf06\xbe\x93q\
i\x04\xbb/\xbe\xce.\xd2m\x9d\xf1\x99\xb7\xc6\x05\x15\
k\xd3Ab\xad\x83\xc4\xd6\xc7\xa5\x18\x06\xe0\xca\xb8\xd7\
\xa3}_Img\xb1\xc8\x99\xfa?\xe4L\xed \x9c\
\xe3\xa2\xaa0\x80\x8b=\xdb\xa6p\x8e\xc8\x8e\xf6\xc9\xe5\
|[U\x18\x8cn\xcd\xceB\x01e\x1d\x86\xb4v~\
\xff=2\xb0\xfe\x05\x8fvm\xab\xfd\x10\xf1\xff\xcev\
Y\xe5}\xb8\xa1ga\x1c\x0e\x05\xd5wx\xad\xe7@\
\x09\xb3\x10\xa3\xd9\xe7o\x1e\xed\xd1\xb5\x9e\x06;\xdd\x95\
\x0f\xe8\xc5e<F\x89\xc7{\xd1\x96\xd2\xd2\xd9\xf9\x5c\
\x09^\xa8[\x12\xa1\x0b\x80\x0b<\x1d\xc4\xba\xda\x9ch\
1\x9dsr\x85\x15\xc0S\x9em\xd0\xe2\xb9\x85\x018\
\xdb\xf3\xbf\x17\x0bVO\x96Xj\xc2:\xee\xa7\x9e\xb6\
\xbbY\xf4=o\xf8#\xa2\xd3\xf5CV)R\x08\xab\
B\xa8\xb5O\xcbW\x82]\xe9'_\xb6\x15\x96\xe2\xee\
Y\xa5\xb8k\x7fP.\x0bL\xb2\xb9#\xc5\x9a\x88\xd1\
\x9a\xc7\xf7\xb5\x85\xb5i\xaek;\x07\x09\xf0-\xc2x\
\xaa\xcb\xdd\x19\xa3\xdd\xd6\xde@\x1b\xbf\xd9\x95}\x83\xc7\
\x12\x8d\xbb\xaa7!,Xr\xa7\xe5-\x1f\x12\xde\x12\
\xb0\xd8?\xce\xaeV\x83\xd9\xc5\xd8\xc1:\xc3\xca\x04\x84\
r\xd0\xf2\xf3,kX8_\x00\xfeZ\xc3\x9e\xbf\x00\
\xef\xd0\x18\xa7\xbb\x98W\xb7\xd0\xc9\xf3\x96b\xe5#\x11\
\x0b\xe4\x8b\xcd\xab\xee\xe3\x18\x1d\x87K\xaepn\xf3=\
#B\x06\xf2\xc2\x06\xca=\x1d\xb2\xc5\xb6sr\xce\xb9\
Z^\x16\x1a\xba\xd4>\xee\xbe\xf9\xfb\xed*\xf2\x97\xec\
g\x0f5\xf0\xcc\x0fj\xa83\xc0*3\x97Tpn\
\x9f+U\x95\xba\xdf\xc4\x1b\xd7D\xa1\x15|R\xb0K\
k\x9eL)\xa4\xe8\xee\x92\xd4\xfd$f\xe0\xaa\xde\xd4\
,F\xd7\xe6+kN\x03\xd7\x9d\xe3\xf1\x0a+m\xf0\
C\xdbr\xbf\xad\xe6\xd6\xfa\xe6\x1ag2M\xb2`g\
O\xc1G\x06\xae\xcd\xd6\xf6\x1f\x01w\x01\x9f\xce\xc9A\
\x9c%\xb6\xf3\xf9\xcd\x84\x1dK\xdd\xed\xf6Y\xce\xb1Z\
\xa3\x8a`\x0c\x87]\x8a\xde\xba^u\xd7\xd6\x09;\xcb\
\x07;\xcf&V\x98x\xa6e$sU\x92\xdf\x1e\xb9\
\xc8\xde\xd2\xf2\xabm\xbf=\xa3v\x9d\x0b\x9by\xfe1\
\xe5\x19{$\xa2p\xf1\x1c\xe7\xf3\x0d<\xcb\x1d\x00\xae\
\xb2\x19\x22\xd4_5\x8e\xbd\xe6\xf5_\xd5Di\x02\xd7\
F\x8fgJD\x8b\xc4\xe3:\xc4\x87\x1f\xc7\x0e\xd0\x84\
p\xd9\xb5.\x1b\xaa\x1d\x10>j.\x92\x7f\xdb\xfa\xe9\
\x88\xa5\x99y\xc6\xbew\x8f\xfd\xec\xda6*\xea\x00?\
\xf1\xec\x0b\x89(P<\x83H\xfd\xcfhf\xf4e\xb8\
\x22r\x19!\x80\xdd\x84\xf1\x89\xaa\xe7\x00\x9f\x0a\xec\x93\
\xc7]\xae\xc5jH\xd4\x14\xcf\xfd\xad\xa7_\xcb\xe7\x18\
\xe3W\x12\xd1\xf4\xd3\xe2\x87\x02;hPS5\xe1\xaf\
v\xc7\xceA\xc4\x14YB#\x89\xa7\x1d\x11\xad\xab\xfa\
N@\xf5\xe2\xc1\xcd<\x0d\x88hG\xd5w\x80_J\
<\xad\x89\xe8\xbe\xaa\xefXn>\xcd<\xed\x88\xa8\xff\
\x81\xf9.\x84\x13x\xb9\x84\xd7\xd6\xf1\x88\xc4\xaa\x0c\x11\
\x1d.\xb9nH\x10\xe6Y~9Wg\xa1\x85\x83\xec\
\xb6\x18\x9ecv\x03d.\x13\x11\xed\x9c \x9e+\xaa\
!\xe1\xfe[\x80o\xd8\x9ah;pU\x0e\xe7<\xc0\
\xb5\x13..:!]\x93\xc91\xc8:\xdb\x8c\xdc\xe7\
^[\x83\x99yr\x078}F\xa2n\x97\x90\xfb\xb4\
\xd4v\x8aL\x0162\x9b\x0d\xa9\xed\x14\x99\x02l\xf6\
\x10\xd0\xe6\xd4v\x8aL\xb1\x80\xfcY\xcc\xa7\xb6Sd\
\x8a\x04$\xa2\x90\x80D\x14\x12\x90\x88B\x02\x12QH\
@\x22\x0a\x09HD!\x01\x89(\x80M\x1e\xe7@\x9b\
\xd4\xcdb,\xc0z\x0f\x01\xf5?lTD\x85K\xcc\
r\xa6\xf6\xb3@\xadh4\xe8\xff\xd8\x84\xba\xea\xdd\x96\
\xc6\x16e\x02\xac\xb6LbG\xed\xe3\x82\xb8V\xa7\xb6\
K\x14\x86\x05o\xf5\xff\xae\x95\x10B\x08!\x84\x10B\
\x08!\x84\x10B\x08!D\xd5K\xfe\x0bc\xedb\xa5\
\xaa\x96\xf7\xb9\x00\x00\x00\x00IEND\xaeB`\x82\
\
\x00\x00\x05\x83\
\x89\
PNG\x0d\x0a\x1a\x0a\x00\x00\x00\x0dIHDR\x00\
\x00\x00`\x00\x00\x00`\x08\x06\x00\x00\x00\xe2\x98w8\
\x00\x00\x00\x09pHYs\x00\x00\x0b\x13\x00\x00\x0b\x13\
\x01\x00\x9a\x9c\x18\x00\x00\x055IDATx\x9c\xed\
\x9dK\x88\x1dE\x14\x86\xbf\x0bq\xda\x18\xe3c|+\
>\xae.#\x0a\x112&Q\xc1D\x91\x08\xaeT\xf0\
A\xb2\xd1] +\x83\xc9\x8d\x12\x1f\x98\xb8\x14\xccD\
Q\x1cp\x5c\xc4(\x82\xc2\xe0+!KA1\xea\x22\
\x98\x85$f4\xce\xf8H\xc6\x08\xea\xc2\xe8\xbdRp\
\x1a.\xc3\xad\xea\x9e\xdc\xea\xee\xea\xea\xf3A\xc10\x0c\
]U\xff\xa9\xe9:Uu\xea4(\x8a\xa2(\x8a\xa2\
(\x8a\xa2\xc4\xcd5\xc0\x06\xe0U\xe0\x00\xf0\x030\x07\
\xf4\x80\xbf\x80\xdf\x80\xaf\x80\xbd\xc0V`\x15\xb0\xa8\xea\
F\xd7\x9d\xf3\x80M\xc0\x17\x22\xf4B\xcb\x09`7p\
K\xd5\x1d\xa9\x1b\xe7\x03;\x80Sg(\xfc\xa0\xf2)\
\xb0\xb2\xea\x8e\xd5\x81\x87\x81Y\x8f\xc2\xf7\x97.0\x01\
\x8cV\xdd\xc9\x10Y\x0c\xbcV\x90\xf0\xf3\xcb\x8f\xc0m\
Uw8$.\x07\xbe.I\xfc\xb4\xfc\x0b<Vu\
\xc7C\xa0\x0d\x1c\xc9)\xdaQ\xe0%\xe0\x01\xe0V\xe0\
j \x01.\x01\x96\x01w\x01\x9b\x81O\x80\xd39_\
If\x92o\xb4\xf8\xc7r\x88\xf4\x01p\x07\xd0Z\xc0\
\xb3/\x05\x9e\x16\xf74\xeb\xf9\xebi \xed\x1c\xe2\x1f\
\x02n\x1f\xb2\x9e\x0b\x81]\x22\xb4\xad\x9e\x7f\x80\xd54\
\x88v\x0e\xf1'db\xf6\xc5\xba\xbe\x85\xdb\xa02\xdd\
\x14\xef\xa8\x9dC\xfcg\x0b\xaa\xdb\xcc\x13\xc7\x1d\xf5\xbe\
A\xe4\xb4s\x88\xdf)\xb8\x0d\xcb\x1c\xff\x09\xff\x01c\
D\xbc\x97s4C\xfc\xa7Jj\xcb:\xc7\x9c\xf01\
\x11\xd2\x0e`\xe4\xcfg\x97\xa3-\xcb\x89\x88v\x80\xe2\
\xa7\xde\xd1\x09K{\xc6\x89\x84+\x03\x15?e\xbb\xa5\
M\xbf\xc6\xb2\x95\xfd^\xc0\xe2\x1b.s\xac\x98\xcdJ\
\xbb\xf6\xfc\x1e\xb0\xf8)\xfb,\xed{\x92\x088\x1c\xb8\
\xf8\x86-\x966\xee!\x02\x1e\x9a\xe7\xeeu\xe5\xb80\
$\xd6Z\x0cp\x90HX\x0b\xbc)\xc5\xfc\x1c\x1a\xd7\
Z\x0c\xf0s\xd5\x0dk\x0a\xe7Z\x0c`\x0e\xfa\x95\x12\
\x18\xb1\x18\xc0xGJ\x09\x8cZ\x0c`<8\xa5o\
\x94\xee\x04f\xe4\xc0\xfeE\xf9\x9d\x0fn\xb2\x18\xe0{\
O\xcf\xaf=\x0905@ c\x10_\x9e\xda \x03\
\xec\xf7\xf4\xfc(\xc5\xef\x01?y\xaac<\xf6\xfd\xa0\
3eD\xce\x82m+is\xb02,-\xc7^\xd5\
#4\x98\xc41\xf2\xd3\xf2\x82\x87z\xee\xb4<\xdb,\
\x18\xaf\xa2\xa1$9\xc4\x9f\xf24\x09\x7fdy\xfeg\
4\x94$\xa7\xf8\xe6\xef\x86e\x8d\xa3\x8e\x8d4\x90\xa4\
D\xf1\x9786\x0aO\x02K\x09\x00\xf3\x0e|_\x96\
\xe4\xc6'~<\x12\xf1[\xc0\xa4\xa3\x9eg\x08\xf8\x18\
\xf1\xbe\x9a\x8box.#h\xd7\xec\x0d\x05{\x86\xfb\
N\xcd\xc5\xefd\xd4u?\x81\x87\x8e\xec)\xd1\xcf\xef\
\x89\x97r\xb6\xa7\xfa6g\xd4\xf5:5\x88^\xb8'\
\xd2\x91\xff%p\x0e\x81\x8b\xbf-R\xf1\xbf\x93H\xea\
\xa0#\xd6L\x98w\x8c\xaf\x9di\xe0z*D\xc5\xaf\
\x10\x15\xbfBT\xfc\x0a\xb9\x22\xc7\x9d\xacNM'\xdc\
\xad\x19u\x19G\xe3:*\xc4\xac\xf2\xbe\x89T\xfc\xbb\
3\xae!U.>\x12\x9bSF|\xfeH\xc9\xde\x8e\
\xe1\xad\x90\xbd\x9d\xf4\x06z\x8c#?e\xd21\xf2\xcd\
:\xa7\xf2\xdc\x0b\xb3%\xdc\xc9J*\x12\x1f\x89\xba\xeb\
\x86(>\x92\xf8\xa2\xe8\x8biI\x85\xe2\xf7G8|\
+w\xc0\xde\x95\xfb\x09A\xa4|9\xe5\xb8\x87\xbb8\
\x12\xf1\x83e\x93E\x90\xae\xa7\x84\x15\x89\x8a\xef\xc6\x96\
\xec\xc8\x9cv\xf9\xf0v\xa6t\xe4\xbbW\xbc\xb6W\xc2\
\xb0)\x00\x90\xe84}\xed8\xd8`\x11\xe8\xc8\x02\x13\
_\xd8\x98-\xd1\xcf\xaf%\xafX\xc41)_|0\
\xa3\x13\xae\x9b\x03\x16\x03<\xe8\xc9\x00;\xd5\xdbq3\
m1\xc0\x0aO\x06\x18\x91P\xf1\x19);<\x86\x8d\
G\xc1\x1f\x16\x03\x98LSJ\x09\xd8.!7~r\
,\x8b\xbf-\x06\xb8\x980\x19\x03\x9e\x07\x9e\x90[\xec\
\xb5\xe7\x17\x8b\x01n$<\xb6H\xbe\x9e\xb4\x8d&\xd7\
\xdb\x0d\xd4\x1c[*H\x93]0$\xb6Y\xdai\xf6\
\xf8k\xcd^K\xc7L\xb8F\xe8\xe2\xf7\x80\xcf\xa99\
\xb63R\x93W3t\xf1{\x92T\xa9\xd6\xac\xb2t\
\xect\xd5\xd1`d\x8b\x7f,`g!7g9\xb2\
B\xf9\x8av+J\xfc N\xb2|\xb0\xdb\xd2I\xe3\
e\x5cPA{:M\x12\x1f\xf9x\x81\xad\xb3/\x97\
\xdc\x96N\xd3\xc4\xcf\xca\x0a\xd5-\xe8\xd6K-\x03e\
\x8bd\xa5#hiN\x92\x99\x16I\xa7\xa9#\xbf\x9f\
\x89\x8c[\xe7E\x18\xa1\x95q'\xab1\xe2\x1b.\x92\
/\x0f\xf5\x1c\xff\x09\xf7z\xacoI\xc6m\xc4F\x89\
\x9f\xb2ZR\xb5\xdb\x04\xe9J\x92\x0a\x93\xd4t\xd8K\
\xd0\x87U\xfc\xc1\xac\xcf\x08b\xed\xc9\xdaa\xfb\x02w\
$[\x92{\xe1\xc3\x8cg7r\xe4\x0f\x8a\x15\xca2\
B\xfa\x9d\x95}\xb2S\xb9F\xa2,\x96JV\xd9Q\
\xe0f\x89F\x1bw\x9c\xbe\x0d\x0a\x08h\xb4\xf8\xfd\x11\
\x13\xae\xd7Q\x11\xe5`,\xfb\xfc\xbeX\x91\xe3\x82\x9e\
\xaf2)\x13\xb32\x8fQ\x09\xd0\xed?\x0c\xf1Y\x8e\
{\x8c\xc2\x88\x9a1\xf9x\x81/\xe1OJ\xe2\x8b\xca\
s/\xd4\x8d\xe5\xb2\x0f\x9f\xf5\xf9\xa7\xde\x80\xd2\x95d\
G\x1bCI\xf9Rg\x16I\x0aw\xe3\x01\xbd-\x13\
\xa89c\xfeS\x84\x9e\x93\xf9c\xbfxA\x8f\x86\x12\
\x8f\xaf(\x8a\xa2(\x8a\xa2(\x8aBA\xfc\x0f\xc30\
<\x86\xce\xdf\x81\xa8\x00\x00\x00\x00IEND\xaeB\
`\x82\
\x00\x00\x0d\xe9\
\x89\
PNG\x0d\x0a\x1a\x0a\x00\x00\x00\x0dIHDR\x00\
\x00\x00\x90\x00\x00\x00\x90\x08\x06\x00\x00\x00\xe7F\xe2\xb8\
\x00\x00\x00\x09pHYs\x00\x00\x0b\x13\x00\x00\x0b\x13\
\x01\x00\x9a\x9c\x18\x00\x00\x0d\x9bIDATx\x9c\xed\
\x9dy\xac]E\x19\xc0O\x91\xb2\x0a\x08\xd4\xd6 \xb2\
X\xc0\x82\x08\xc5\x0aE\xe0\x9f\xe2B\x15\x90\xcd*`\
\xa9A\x81V#\xb5\x80\x89H\x10\x0c\xc8\xbe\x18\x02\x88\
\x18-;\xfcQ@\x136\xa1\x08\x82\xec\x16\xa9 \xd4\
\xd2B1\x98PZ\x0am\xa1--\x8f\xf73\x93\xfb\
]\xfbx\x5c\xdf\xf9f\xce\xcc\x999\xf7\xcd/yI\
\xf3\xfa\xee\x99\xef\x9b9\xf7\x9c\x99o-\x8aL&\x93\
\xc9d2\x99L&\x93\xc9d2\x99L&\x93\xc9d\
2\x99L&\xd35\x00\x1f\x05\xc6\x00G\x01g\x02\xd7\
\x00w\x01\x7f\x07^\x05\xde\x04\x96\xb2\x96\xa5\xf2;\xf3\
\x7fO\x03w\xcag~\x0e|\x1b\xd8\x03\xd8(\xb6^\
\x99@\x00[\x02S\x80k\x81\xe7\x81\xf7\xf1O\x0f\xf0\
\x1c0\x1d\x98\x0cl\x91\x17\xb4\x0b\x90\xc5\x5cE\xfd\xac\
\x02\x8e\x8f\xad\x7f\xa6\x02\xc0A\xc4\xe7\xd0\xbc\x88\x0d\x05\
x6\xf6\xdd\x03\xcc\x8e=\x0f\x19\x07\x80a@o\xec\
\xbb\x87\x96\x0c\xc3\xf2\x226\x0c`/\xd2a\xcf\xd8\xf3\
\x91\xb1\x048\x9ct8,/`\xc3\x00\xa6\x92\x0e'\
\xc6\x9e\x8f\x8c%\xc0\x05\x8a\x85}\x0f\x98\x0b\xdc\x06\xfc\
\x128\x1a\xd8\x17\xd8\x06\xd8\x1c\xf8\x88\xfc\x98\x7fo+\
\xffg\xfe\xe6\x1c\xf9\xcc\x5c\xb9F\x19\xe7\xe7\x05l\x18\
\xc0\xcd\x8a\x85\x9d\xeca\x9c)\x8aqn\xf4\xa3U\xa6\
6\x80\x87\x15\x0b{`M\xb6\xa6\xbf\xf8\xd1*S\x1b\
\xc0\xcb\x8a\x85\xdd\xdd\xc38\xa3\x15\xe3\xcc\xf7\xa3U\xa6\
\x16\x80!\xc0\xbb\x8a\x85\xdd\xd2\x93\xbd\xa9\x0c#\xcb\x10\
?\xdae\x82\x03l\xa7\xf4U\x0d\xf1t\xb3\xaeR\x8c\
\xb7\x8d\x1f\xed2\xc1\x01\xbe\xa3X\xd09\x1e\xc7\x9b\xa3\
\x18\xefH_\xe3e\x02\x03\xdc\xa2X\xd0\x19\x1e\xc7\xbb\
U1^>\x89y\x9cpc[\xf9\x12p\x1c\xf05\
`c\x8f\xd7\xfe\x8c\xc4\xe6\x94\xf1S\x8fc\xfeL1\
\x9e\x91iG\x8fcn\x04\x8c\x979\xdc\xdf\xcci1\
\x88|T\x0b\xfaM\xee2\xe0R`\xfb\x8a\xd7\x1e\x0a\
\xfc\x19\x1d\xbby\xd4i\xb4r\xcc\xfb\x81u=\xec\xef\
.\xe9\x171\x89\x9c:\xf7*\xba\x19`,\xb0\xa2\xe4\
[j,\xbc\xfb9\x5c{\x1d\xe0j\xe5B\xce\xf5\xac\
\xd7\x10`\x9er\xec\xab\x5c6\xefb\x05\x9fQ\xf2t\
5s;\xb6\xe8F\x80\x91\xc0\xeb\xe81\xf1\xc9'\x00\
\x1b(\x8f\xd2&\xa69\x9ao\x0a\x98f1\xbey\x12\
}B\xf9D\x9d\x00<jq\xed7\xcck\xbc\xe8&\
d\x81_\xc2\x8d\xff\x00\xbf0\x81\xeb\x1d\xbe\xf5\xa3\x80\
\x8b$\xe0]\xcbB`\x93\x00:nj\xf9\x0512\
_({\xb6!\x1d^\x89g\x8a\xee.\xcc\xef\x9a\x18\
$\xf3\xce\x97o\x9c\x0f\xde\x90#\xf3l`\xb9\xe35\
\x8e\x0f\x1c\x7f\xed\x82\xd1\xe5\x19\xd1m1~\x98\xd9\x15\
\x1bkyB\xa4\x82\xd9`\xaf\x13\xf8t\xf9 \xe9p\
A\xd1dL@y\x22a\xa5\x86\xd74\xfb\x0e\x0f:\
o%\xaf\xc9\x140s\xff\x8d\xa2\x89\x00\xc3\x13\x9a\xc8\
\xa5\xfd\xf7P\x81u\xdf\xcdr_\x16\x92\xc5u|q\
\xbc\x22\x1b\xdc?\x91\x06\x0bc\xd8Gh\x99,l6\
\xd5!\xb9\xbbQ\xce\x5c\xe0\xfb\x16\xca-\x93l\xd1\x10\
\x984\xe4m#\xce\xc3v\x22C\x08^\x90\xb9\xd3r\
l\xd1\x04\x80\x8f\x03K,\xde\xd1G\xc8\x13\xeb\xab\xc0\
=\x9e\xf6L\xc6;~\x86\xb1\xa3$0\x1fC%\x87\
\xdeGvl\xaf<\xd9\xc7\xcb\x9c\x1da1_\x8b\x1b\
q\xb4\x07\xae\xb3\x98\x90K;|~g\xe07\x96\xdf\
\xae6\xe63\x97\x99\x8dl\x91\x18\xb46\xd7\x979\x9a\
\x1f\x96\xc9\x9c\xec\xd2\xe1\xba\xc6\x05\xa4\xe5\x9a\xa2\x01~\
.\xed7\xe2\x91\x81\x9e\x10\xc0\x86&\x04B\xaa`\xcc\
\x1b\xe0\xba/J\xd1\x04\xf3\xb7\x1b\x16\x89CK\xaf\xa3\
\xe4\x8b6\x90\xfbc\x9eF/y\xc2i-\xd5\xbdI\
\xe7\xa8\x01\x0f)\x15y\xc7\xec\x0f,\xaf\xbd>\xb0\x83\
\x94e\x19#\xff^\xbfh8\xc0\x06\xc6K\xdfG\xaf\
\x1dm\xf52N\xe8\x12\x1fc_\x1e(R\xc4\xd8\x1b\
\xd0sRly\xbb\x0d\xe0\x14\x8b\xf9\xffz\x91\x1a\x16\
\xa7\x8d\xa7\xba\xc2\xc4\x9e\x18\xb4\xac\xe0\xb3\xb4kP\xa4\
\x84\x9c\x0a4\x98P\x84\xd1\xb1\xe5\xedVhUJ\xd3\
\x04\xd3\x19\xbe\x5c\xa4\x82\xc9{R\x0a}mlY\xbb\
\x1d\xe0\x06\xe5Z\xdc_$t\xd7kXm\xbbq\xae\
\xd9\xedbj\x1d\xfeJlQs\xc5\x15\xb1Z~\xde\
\x94\xdf\xdd#\xc7\xe6o\x19{W\x91 \xc0\xa7Ef\
\xea\xc8\x8b\xf3!\xb0\xb1Oh\xb8\xbcH\x08\xc9w\xff\
!\xf0\xb8\xa3\xf1\xb2\x17x\x0c\xf8\x01\xf0\xb1\x22!\x80\
+\x95:\x5c\x19[\xd0M\x94\x86\xb1wSq\xe8\x19\
9$\xc4\xe4m\xfc\xb1\x5c\x82\xc3F\x14\xe9\x18-W\
+\x0d\x94\x1b\xc7\x14\xf4{\xca\x09\xbe!\x9a\x90\x1f\x0c\
l;\xa9B \x1a\xca\x05\x99V5p\xde\x93\xbe7\
)e\xfenL!\xb5\x1e\xf7\xbd\x13\xd8\x17\x18\xf3A\
]<Y5\xc3\xc4\x83\xce\xfb(e\xbd;f\xed\xe5\
5\x0a\x01gE\x11p\xad\x9c\x07vH\x81\xa9\x83\xb7\
L\xce[\x03lsk\xa2\xd4\xb46\x8f>\xe5D\xfe\
\x11X\xafv\x01\xd7\xca\xa8)\x00\x15\x8a5\xc0\xa4H\
\xba\xaf's\xaf\xa1~\x19\x81\x8b-&r\x96\xcf\xac\
L\x8b\x9b'\x85p\xda^\xe0\x98\x9au\xdf\xc1\xc2*\
m\xb8\xa8N\xf9\xdaB\x9eg9\x91f\xf3:\xb1\xc6\
\xd7V\xcc'O\xa7'\xd1\xf8\x1a\x0bK\xd8\x1e\x14\xce\
\xadC6W\xf7E\x7f\xa6k\x92\x05+n\x98\xcd\xfe\
\xc3\x16s\xc3= \xa7\xa8\xb1b\x5c\x1c*?\xc3\xe5\
w\xd3$\xeb\xc2\xe5\xe6|3\xa4!U\xbc\xfafn\
]8 \x94\x5ceB\xbb\xe6{=\x1e\xc2f\x22G\
u\xdb\xd3\x96\x09-9\xcbf#)\x07\x88\xb3\xe5\xb3\
6<\x11\xc2\x91,\xb6-sm\x17\xee\xf3-\x8fm\
\xdb\xa4{\x1d\x05\xff\xa7\xef\x10K\xb1\xf3\xd8p}\x15\
\x03'\xad\x85\xd3\xfa\x9e\xdaL\x0d\x10Bl\xe2\xa3]\
\xb8\xcf\xac\xa1Oy\x0a\xc7\xa2\x06\xa7:>\xd6\x9f\xf2\
\xf5:\x93\xc5\xd4\xbe\xfb\x8d\xc7\xfa\xc7>\xc6\xeds\xe3\
\xf6X\x18\x1b\x87\x17\xfe^[6\x9b\xe56\xefII\
\x9a`I\x96\xd6\x00_\xecP\xb6\xa56\x7f\x8cE\x06\
\xacY\xe8\x83}\x8c\xd9!\xa0\xae\xa7\xce\x8cQ\x0b?\
d_^1kU\xa4\x88q*J\x09\x12[\xf6\xf7\
\xe0\x18\xd5\xfa\xb6\xbc=y\xfa\x03\x9c\xac\x94\xc1<)\
7/*\x00|\xc5a\x9eg\xa4\xe6\xf8\x1d\xa8\xc8\xc0\
J\x0b\xc5\x9e\xab\xb2\xb9\x14\xaf\xba\x86\xeb\xfdjZ\xc9\
\x075\xa5\xa8vX0{H-+}\x14U\xaf\x15\
`We\xf1\xc96\xdf\xac0\x96\xe6\x04\xf2v\x8d\xb9\
\xf1+\x14\xf2<Va\x0c\x13\x8f\xa4\xc5\xac\xc1\xaeE\
\x13\x91\xe3\xaeq,jx\xd8q\x8c\xe1J\x8b\xf3Y\
\xfe5\xec\x8c\xf4\xd2(\xa3\xd75(M\xe2\x904<\
\xe1\xa3\x16vT\xa4\xf0\xd2\x02\xe5\x84n\xedp}\x13\
I\xa89ulYsA\xad\x1e\x85\x5c\x13\x1c\xaem\
\x1a\xc1hx)D!\xad(HE\xd6\xde\x10\xfb\x02\
\x09CM.\x17\x0a]\x9c\xf8\xa5\x81\xf6{f\xae\xc7\
\x15\xdd\x04\xf0\xd7\x10\xa9\xb7\x12\xa7\x5c\xc6\xb40ZU\
>\x91\xdd\x15(u\xfc\xa1\xa2\xdb\x90\x82\x99e<\xed\
p]Mu\xd4\xb1\x91\xecbe\xbc\xe8p]S\x0a\
\xaf\x8c\xe3\x8anC\x8a.\x95\xb1\xd0\xe1\xba\xa6nb\
\x19\xb5gP\x00#\x14r-v\xb8\xae\xa6\xe6\xd0\xe7\
\x8an\x03\xd8L\xa1\xf8\xbb\x0e\xd7\xd5\x04\x8f\xd7\x1e\xd0\
F+\x97?\x84\xbe\x9a.D\x9b\x16\x83\xf4\x06Z\xe9\
p\xdd|\x03}\x98\xcd\x8an#\xbf\xc2:\x92_a\
\x9e7\xd1\xb3\x06\xd9&z\xae\xc3uM\x05\xffA\xb9\
\x896\x05\xa5B\x1c\xe3M\x01\xc92\x06\xdb1\xfe\xe1\
\xa2\x9b0\x95 \x94\x86\xc4\xc9\x81\x0c\x89\x0f\x86\xd1\xac\
r\xb1-\x17C\xa2I\xa5.\xa3\xb7j\x84Cj\x9b\
\xe7W\x94J\x7f2\x90c\xb1\x9b\x5c\x19\x9fR~\x19\
_n\xfciL&\xf2o\xa4\xe1L=\xdb\xbf\x86\x95\
\x9c\xa9\xef\xbb\x86\xf4*\xb7\x03\xed\x88\xcff:S\x8d\
1\xab\xc6p\x0e\x8dw\xfa\x9d\xc4\xc29\x1e\xad1\x9c\
\xa3Y\x86E\xe3\x14\xb5\x0c({\xb6b@\x99f_\
PK\x91\x07t\xfdZ\xa9\x12\xe0\xe5\x18P\xe6\x1c\xc0\
V\x1b\x12Z\xaai@\xdb\x9fq\x1e\xc6]\x1e\xbb\xc0\
'\xf0\x13\xa5\x0c\xcb\xab\x86\x96\xca\xc1\xc4\x96[\x93\x0d\
i\x95j\x10\x9a\xcdr\x90\xc2SR\x9fGCO\x88\
\x0e6\xb4:\x13i\x83\xea\xcf\xf34\xe6\xaf\x1d\xe6\xdb\
\xac\xd1>E*HZ\xcfi\x8ei=O\xf8\xaa\xf5\
,\xceKmu{\xb3\xd0'\xfb\x18\xb7O\x89]\xed\
\xcd\xb3\xd4\x97sW\xd2z\x9ejlZ\x8fT(3\
\xc9i.<\xeb\xfb\x84`\xd9\xb7\x14\x09\x80\xdf\xaa\xe2\
\x86\xf9\x16\xcb1O\x0cp\xd2\xb5\xd9\x0f\xf5\xe5\xbeh\
Q\x8b\xd2\xec\xc3\xe4\x92\xbb\xf0H\x88\x10\x0b\xd9\x5cj\
c\xb0\xdb\xac\x90c\xf70\xcbE;\xc7\xa2:|\x9b\
\xc7\x02\xa56\x8f\xb0\x88\x93N\xa3Z\xab)\x9e\xe4(\
\xf0\xefB\xb6(\x90\xb2\xff.\xc5\x15z$\x0c\xd5\xb8\
 \xf6\x96EYO~F\x88o\xeb\x14\xb10k_\
W}Y\x12\xb2\xf5\x94\x84\x8f\xfc\x1e7j\xa9\x1cR\
\xb5\xbc\x8b\xd9\x9f\x1c]\xe3\xcd\xad\xa9\x9eV\x17kL\
;\xab\x9at?\xda\xa1\xd3\xd1\xb9\xa9\x17\x982\xd6\xe8\
\x915\xcb7)\xa1\x02S\x13#\x14\x98\xd2z\x00\xa2\
\x15\x982\x0b\xa4\xe1\x0f\x11K\xdc\x1d\x13\xf9I\xb4\xa6\
\xee\x9b\xa7I%\xee\xb6P.\x8eu\xa0|\x80BX\
1\x1a\xe0.\xa9\xeb\xb5U1vhu\x94\x22\x9b\x16\
)5\xc4\xae\x06!\xbdK]\x0b0\xb9\x16\xd0\xda6\
\xb2\xce\xfb*e\xbd+\xa6\x90\xc7*\x85\xbc)\x9a\x90\
\x1fl\x874\xd5\xb1\x95&\x16F\xc2\x13Shg\x05\
\xdc\xac\x94yR\xec\x0ae\xcb\x94\x8f\xc9$\xfa\x98J\
\xf8\xc7\x05\x9e+\xd6/\x97Si\x12\x0dXL\x5c\x95\
2\xd9`i\xd4V\x07\x96\xfe\x98\xb8\x8d=:\xd72\
\x9a\x22\x068\x97\xd3\xda\xfb\xd2\xabtrj\x0eJ\xe0\
*\xa5\x0eW\xa4 \xec\xeeJaW\xc7.\xff_R\
gp\x02p\x89\xc4X\xffK\x12\x16\xdb\xed\x9e\xde\x90\
\xdf\xdd-\x7f3!\xd5\x16\xda\xc0H\x8b\x93g\x1aq\
B\x16.\x8d\xebb\xcb\xda\xed\x007*\xd7bf\x91\
\x0a\x16\xe5\xd6r\xcb\xcb\x80\x00\x9f\x97W\xab\x86\xb4\x82\
\xee-,\x9f\xcf\xa4\xd0\x0e\xa9\xdb\xa0\xe5H\xd6Vl\
}\xb2H\x0di/\xa0\xc5[,N\xc6:\x1a2^\
e\xfa2\xa4\x0d\x00\xca\x00w\xab\xb2\xff\xc0F\xc0.\
\xc0\x18\xf9\x19e~W4\x1cZz\x8d\xea\xa3\xd7\xce\
\xc0\x86\x0e\xed\x1dV4\xaa\xd9n'\x80=-\x8e\xc4\
&&h\xe8\x00\xd7\xdaX|YfS\xf8\xef\x92\x10\
\xcd\x1b\xa4\xc9H\x5c\x9b\x86\x02\xd1k\xa2\xe8\xf5\x8aB\
\xaf\x89\x03\xe9%\xbd<\xb4\xb1@fm\xc6\x14)c\
\xd2\x93\xd1sI\x87\xcf\x7f\x16\xf8\xadcOS\xf3\x99\
\xcb]\x12\x14k2\xee]\xe1\xd0_\xa3m\xa8\xbc\xda\
<\x81\x1d3s\xdbL/RG\xa2\xf54E\x9f\xda\
\xdf\x88\xc3%\xbaq\xbc\xf4\xdd\xf0\x11\x82\xb1\x0a8c\
\xa0'\x5c\x8d\xf31\x148Sd\xaaJ\xaf\xcc\xd1x\
\x99\xb3#,\xe6kQc\x92\x0c-|dms\xba\
k\xb3\x10\xcd\x89/\x9a\xf1\x92\xd6\xdedv \xdd^\
\xb0\xf4\xeb\xc5\xf3y\xd9\x22\xdf\x0eM\xd5\x8c:X\x14\
\xa3\xe9/\xad\x10X3v\x0a\xdca\xd6\xa4h\x12\xe2\
\xb4\x5cH\x1a,\xabs\xf3H\xcb\xbd\x13#\x06\xa9\x13\
\x8b\xeaH\xe9\x0e\x02pH\x22a\xa5\xc8\xcd\x1c<\x22\
\x00\xd8:\xa1'\x8f\x99\xfb\x83\x8a&c\x911Z\x07\
\x0f\x84\x8c\xd5\xa1\x15s\xa4)0^\x17^2`\xa3\
\x22\x93:\xd3\xd3\x84\xbc\x06</\x9bc\xd7\xc0\xb0\x13\
\x02\xea:\xc5Q\xa6e\xa2\xd3\xf3\x1e_\xfb\xf7\xa6\x10\
\xd8\xe6\xb3\xe9\xca|\xc7\x89xU\x8e\xe4\x1f\x0a=\x00\
v\x92\xe00\x13\x7f\xac\xe5\xf5\x10\x85\x97h\x15\xd2Z\
l!\xc7\x12\x91}\xa7\xffSS\xfb\x0c\xd1\xdd\x85y\
\x8d9\xb2[\x1eim\xbe]OK\xe6\xc7P\xa5\xed\
\xe9N\x8bk{o:G+\xe9P\xcbLM\xd3a\
yz\x1f,\x81kZ\x16w\xba)\xbb\x02i\x9d\xbd\
\xa2$\xdcc\x86K\xf5\x081\x1dh#\xf1\xac[\x0c\
(\xc6\x9e\xaf\x1c\xfb\x0a\x97#\xb5\x04\xc9\xcf(\xc9\x8a\
5s\xbbW\xd1\xcd\x88\xbf\xcc\xd4\xef\xeboL\xbc\xb8\
j_u\x09i\xd0\xee\xb7v\xf3\xa8\xd3h\xe5\x983\
\xab\x86\xb2H\x86\xc9\xc52g}17\xf0\x9e\xc5`\
@\x1e\xcd\xe3\xc4b}\x80O\xaf\xba\xec\x8b4\xb9\xeb\
\xa7z\x1c\xf34eI\x95\x1d={\xf1\x0f\x909\x1c\
\xd75\x1b\xe6\x14P\xa6\xb4\xcc\xf08\xdem\x8a\xf1n\
\xf45^\xa6\x9e\x02\x03e\xcc\xf18\xde\x1c\xc5xG\
\xfa\x1a/\x13\x18\xd9'\x94\xb1\xca\x87\x7f\x88\xd6\x06Z\
\xe3i\xdf\xc6\x8fv\x99\xe0X,\xea0O)A\xb5\
\xdc\xac\x99\x1a\x91\xa6\xb3e\x8c\xf60\xce\x1e\x8aq\xe6\
\xf9\xd1*\x93Z\xaf\x8a\xca\x8eFZ\x86\xbe\xe4zu\
d*\x22\x054\xcb\xa8\x5c|\x1b]\x91\xf3\xe0\x05\xce\
3\x9e\x11?\x93\xc663\x17\xb8\xdd\x94y\x93\x00\xf6\
\xfd\xa4\xce\xe2\xe6b\x98\x5cW\xfe\xbd\xbd\xfc\xdf1\xf2\
\xb7\xb7\xcbg5\xe5\x8d\xcf\xcf\x0b\xdc0\xa4\xccJ*\
\xfc(\xf6|d,\x01\x0e#\x1d\x0e\xcd\x0b\xd8L\x9f\
[*|!\xf6|d,\x91\x10\x8f\x14\xc2i{S\
-\x05\x93)\x01\xf8G\xec\xbb\x07\x98\x9d\x17\xaa\xa1X\
\x16|\x08\xc5!\xb1\xe7!S\x01\xe0x\xcb\xe6w\xbe\
X\xd9\x95\xed\xb7\x07#R\xd3\xda\xd42\x9c.]\x82\
\x5cz]\x94\xd1#\xd7\x9e.c\xc5\xa9\xbd\x9c\x09\x8f\
)\x9f\x22Q\x84\xa6\xf7\xe8\xe9\xb2\xe8wH\x91\xac\x05\
\x92\x14\xd8\xb7a\xcb[\xf2\xbb\x05\xf27wHc\x93\
\xd3\xe5\x1a\xa3\xbb\xa1\xd4L&\x93\xc9d2\x99L&\
\x93\xc9d2\x99L&\x93\xc9d2\x99L&\x93)\
\xfe\xc7\x7f\x01\xbd\x1f\xc8\xac=\xe6\xc2\xa4\x00\x00\x00\x00\
IEND\xaeB`\x82\
\x00\x00\x10\xf7\
\x89\
PNG\x0d\x0a\x1a\x0a\x00\x00\x00\x0dIHDR\x00\
\x00\x00L\x00\x00\x00L\x08\x06\x00\x00\x00\xc7\x97Q+\
\x00\x00\x00\x09pHYs\x00\x00\x0b\x13\x00\x00\x0b\x13\
\x01\x00\x9a\x9c\x18\x00\x00\x06\x96iTXtXML\
:com.adobe.xmp\x00\x00\
\x00\x00\x00<?xpacket beg\
in=\x22\xef\xbb\xbf\x22 id=\x22W5M\
0MpCehiHzreSzNTc\
zkc9d\x22?> <x:xmpm\
eta xmlns:x=\x22ado\
be:ns:meta/\x22 x:x\
mptk=\x22Adobe XMP \
Core 9.1-c002 79\
.b7c64cc, 2024/0\
7/16-07:59:40   \
     \x22> <rdf:RDF\
 xmlns:rdf=\x22http\
://www.w3.org/19\
99/02/22-rdf-syn\
tax-ns#\x22> <rdf:D\
escription rdf:a\
bout=\x22\x22 xmlns:xm\
p=\x22http://ns.ado\
be.com/xap/1.0/\x22\
 xmlns:dc=\x22http:\
//purl.org/dc/el\
ements/1.1/\x22 xml\
ns:photoshop=\x22ht\
tp://ns.adobe.co\
m/photoshop/1.0/\
\x22 xmlns:xmpMM=\x22h\
ttp://ns.adobe.c\
om/xap/1.0/mm/\x22 \
xmlns:stEvt=\x22htt\
p://ns.adobe.com\
/xap/1.0/sType/R\
esourceEvent#\x22 x\
mp:CreatorTool=\x22\
Adobe Photoshop \
26.1 (Windows)\x22 \
xmp:CreateDate=\x22\
2024-12-13T02:22\
:48+02:00\x22 xmp:M\
odifyDate=\x222024-\
12-15T20:55:17+0\
2:00\x22 xmp:Metada\
taDate=\x222024-12-\
15T20:55:17+02:0\
0\x22 dc:format=\x22im\
age/png\x22 photosh\
op:ColorMode=\x223\x22\
 xmpMM:InstanceI\
D=\x22xmp.iid:0f2c2\
72c-a9ae-874e-a4\
eb-4a1aa5014d69\x22\
 xmpMM:DocumentI\
D=\x22adobe:docid:p\
hotoshop:3647da0\
9-74f4-f443-9346\
-8217fb2f10c3\x22 x\
mpMM:OriginalDoc\
umentID=\x22xmp.did\
:8464e26d-313f-2\
d41-92fe-989c936\
d36e1\x22> <xmpMM:H\
istory> <rdf:Seq\
> <rdf:li stEvt:\
action=\x22created\x22\
 stEvt:instanceI\
D=\x22xmp.iid:8464e\
26d-313f-2d41-92\
fe-989c936d36e1\x22\
 stEvt:when=\x22202\
4-12-13T02:22:48\
+02:00\x22 stEvt:so\
ftwareAgent=\x22Ado\
be Photoshop 26.\
1 (Windows)\x22/> <\
rdf:li stEvt:act\
ion=\x22saved\x22 stEv\
t:instanceID=\x22xm\
p.iid:6650d2fc-d\
66a-014d-9296-ae\
c78d1d27ca\x22 stEv\
t:when=\x222024-12-\
13T02:27:43+02:0\
0\x22 stEvt:softwar\
eAgent=\x22Adobe Ph\
otoshop 26.1 (Wi\
ndows)\x22 stEvt:ch\
anged=\x22/\x22/> <rdf\
:li stEvt:action\
=\x22saved\x22 stEvt:i\
nstanceID=\x22xmp.i\
id:0f2c272c-a9ae\
-874e-a4eb-4a1aa\
5014d69\x22 stEvt:w\
hen=\x222024-12-15T\
20:55:17+02:00\x22 \
stEvt:softwareAg\
ent=\x22Adobe Photo\
shop 26.1 (Windo\
ws)\x22 stEvt:chang\
ed=\x22/\x22/> </rdf:S\
eq> </xmpMM:Hist\
ory> </rdf:Descr\
iption> </rdf:RD\
F> </x:xmpmeta> \
<?xpacket end=\x22r\
\x22?>\x80\xaen\xf0\x00\x00\x0a\x07IDATx\
\x9c\xed\x9cO\x8c_U\x15\xc7\xbf\xe7\xbd\xd7\xa1\xcc\xd8\
\xc1\xb6T\x8d\xb4\x08\xba\xd3\x10j5\x12\x13\x97FM\
\x8cI\x09\x91]W\xd8Y\x98h\x06\xf0\x0f*u\xe1\
\x9fe\xffl\x0c\x1a\x0c\x89\xc1\xb0\x80\x18\x9a\xb8 .\
X\x98\xe8\xc2D\x1cD1\x90T!\xe9\xb8\x90\x02C\
glC\xe8\xcc\x5c\x17\xef\xcf=\xf7\x9cs\xff\xfcf\
\xde\xf0+f\xceb~\xef\xddw\xefy\xf7~\xde9\
\xe7\x9e{\xdfk\xc99\x87])\x97j\xda\x1dx\xaf\
\xc9.\xb0\x09e\x17\xd8\x84B\x00p\xfe\xb1'\x8e\xd4\
M}\x16\xce}\x01\xa0}\xb1\xcaV\xbcs\xed\x05]\
\x06\xd7\x1f\x98e\xaa\x853\xca\x94j\xab\xac-wB\
\xa93n\xe4t\x87\xc2\xb2\xa0\x8bC\x855\xc0=\xbb\
Ax\xe8\xc4\xd7\xbf\xf62\x9d\x7f\xec\x89#U]?\
O\xc0\x01\xd9\x0d\xd5U\x0b\xcc{\x1a\x96\xaa\x14/s\
X\xa9\x08wVuS\x9f\xddyX\x09\xcdE\xb0\x10\
)\xd3\xb0\xac;n\x1b\x16\x1c@n\xff&p\xbaj\
\xdd0#10V\x99\x09\xcb\xb2.E\x0aqX\xca\
q\x10\x83\xe5\xfc\xa1\x96I`\x99*6\xbf\xd8\xc8\x98\
\xf5\xa5\xef>m\xdc)&\xd4)\xad\xe1\x88\xd0\x86D\
\x82\x03\x01\xa8\xba_\xea\xeav\xe7\xc4\xeb\xc86H_\
\x0b\xee\x01V\x07\xc3=u\xff\xbc\xde\xf0\x17\xfa\x1a\xf9\
k}\xf93\xdf\xfb\x90\xaf\xefh\xbe\xc921e\x1c\
P6\x18\x01\x844\xd0\xb0\x0e\x87\x14\x03\xc4\x01C\x80\
\x11\xd7X9\x97\xde\xda&\x04\xe6;\xe9\xa8\x82\x04\xc5\
;\xec\xba\xf3\x1c\xa8(4\x92\x03\xed\xcf\xf3\x80\x822\
\xe2\xe5\x12D\xd86v\xdd\xb1?\xc5\xc0\x02(\x14\xc2\
\x01jv\x1c\xb3\xa8*\x03\x0d\x09wMA\xb2,\x12\
\xd0\x80r\xe5\xf2\xb8}\xe8\x1c\x16Pda\xda\xfd\xfc\
\x00*\x0d$\x184\x07\x9b\xb0.\x92\x90dL\xe2\xd7\
\x8ds\xd3\x1aSpx\x1cK\xe5\xee\xa4\x22\x7f\x00L\
\xce\x0aCL2\xdc/\x0d\xaa\xc0\xa2\xb2\xd6\xa4-)\
t\xd7X\x1d@BK\xc3\xb1\xe2\x19\xe0'\x98\x90L\
ha\xc3|\xdew\x9c:\xab\xaa\x0cP\x80C\x1d\x89\
Q\x12p\x1aT\xdc\x9a4$i\x89\xb6\x8b\xe6\xe0t\
`\x02(\x96P\x00\xcbq`\xfd\xb2GZU\xe8~\
\x15\xeb\x0c\x01dYQ\xc4\x0d\xc9\x82Y\xe0r\x0a\xb0\
]_C\xe2\x96E\x098\xcc\xaa\xd4u\xaf\xaf\x0fc\
\x0d\x87\xd5J\x9d\xb0*\xef~6\x1c\x03`1\xa8\x18\
$\xe8\xebC[\x9dw\xa5\x01Y3\xa5\x86,\x01\xf2\
\x04\xb9\x919\xb4\xa3\x0aQ\xabb\xb3\xe3\xcc\xaf\xeeC\
\xf3\xf9c\xb0d\xed\x96oO\x04j~i\x11\xd5\xa1\
\x9b\x94\x9e\xcdK\xabX9\xf6\x08\xe2\x90\xd2\x80t\xca\
Q%\xaeYB\x01\xac6\xad\x10\x91\xbe\xedP\xcc\xaa\
\xfc\xe0\x93B\xde:\xb3\x165L(1\x91)L\x0a\
\x92\xb4\xa0*R\x1et\xb6\xd3\x17\x9e\xb7\x87\xbc\xbe\x91\
V\x0cIi\xc4\xaa\xa4\xcb\xc5\xc4C\xcf\x83rI=\
\xd0:\x04$\xb9\xaa\xf0u\xc5\xe0\x83rv\xcdX\x0e\
\xf5\xf7\xf6\x07~\xa5\xd9\x04\xe5p\xa1\x85\x91\xe5Rm\
\xc7S\xbb\x10\xbd\x8e<\xa8\x92Y\x8aXZ\xd3\xeb\xd7\
\x90\x9c\xa9\xabdI\xe4u\x80\xd7\x1dd\xa3\xd3\xdf\x0a\
\xb3\xb0~\xab\xa5\x1b,YVUfa>\xf3O\x83\
\xb2\x07\x19\x8a\xa3Z\x0c\xb0wu\x1b\x92Nh=\x84\
p\xed\xa9\xef\x1bw[/\xed,\x09\xb6\xd52\x04}\
iUV\xf0\xb6\x85[b\x1aT\xab+m\xad\xfea\
\x85\xe7\xbd\xc4\xacH.\xce\xb9\x85\x86\xe71\x0bk\xeb\
\xad\x07\xee\xd9\xc8=%\x0d\xc8[\x95\xeb,\xcf\x97\xc5\
\x06\xe9\x17\xde\xf1\xdc\x8c\x0f$m\xadVL\x8a/\x8d\
r\x80\xc2\xeb\xfaaI\x8b\xe5\x07\x0e\x8d\xde\xad\x93\xf9\
Wh-\xbc,*\x14wc';L%\xd6\xea\x07\
\xa3\x17\xeaP\xfdI\xcf\x94^\x17\x1f3\x88'\xee\xaa\
\x13\x83V5KJ\x0b\xf3V\xc5\xcbj\xa4$\xed\xc6\
\x1cT&=\x01\x87\xd2Z\xec\xdcO>\x8d}'\xec\
\xfco\x12y\xfd;\xbf\xc7\xdbO.wg\x89\xa0\x9f\
\x9b%\x95\x85)k)\xc9\xc5\xe2V\xc5A\x15\x05}\
\x90z`\xe3\x08\x01\xdd\x83\x0f-OZ|\xb8y\xdd\
\x04\x0d\x1c\x94e\x05\x01\x5c%\xa2\xb68U\x8fO\x00\
2\x90\xe7f\xc9*\xa8\x97\x8a\x9d\x93\x88S\xe3H\xe7\
\x83\xbd4\x1eVOR\x06v\xef\x82z\x22\x88\xdd\x80\
\xa7\x02\x1e\x94\x06\xdfw4\x17\xf4K\x972\xe5\xb2~\
\xe1J\xa0\xcb\xce\xc9\x84\xf5\xb9\xc1%Yq\x90\xacV\
\xca\xc2J\x9637_|pk\xa30Dn\xfd\x8c\
\x01\xec\xad\xc7\xff\x81k\x7fYC2v\xe9\x8e\xa0\xdb\
\xa2v\x01\xafp-iO\x00c\xb9E\x99\xd4\xac{\
\x84\xb5\x87\xff\x86\xd5S/\x00\x02$\xb7\x90\xd9\x85\x8f\
\xe0\xe0\xf7\xef2\xb5\xbd\xfd\xe2\xebX=\xf5\x12\x10\x9d\
\xb8\x08\xce\x1c^?K:YT)\x17\x8c\xed\x7f\xed\
\xb48\x843\xa4\x7fP<7k\xfb\x8c\xae^sl\
\x1f\xf6/\xda\xb3\xe8\xe6\xd5kx\xf3\xd4\x92\xd7\x1f,\
\x95\xec\xad\xa2\xae#\xc3\x8f\x98%\xfb\xf8\xa3]\xd0N\
@\xdf\x051r\xbfT\x82z\xf0\xccgQ\xcd\xee1\
U\xbdy\xee\x05\x5c[\xfa/@\xdc\xba\xca\x5c\xd1\x9e\
%\xe1\x90\x82\xa5\x03\xf6\xce\x8b3\xadI\x06\xeb\x16\xde\
\xfb\xcf\x1d\xc5\xccmz_\x0d\x00V\xcf\xff\x13W\x1e\
]F\xcc\x15c\x9b\x91\x1c\x16\xc0gI\xf0\xc5\xb7\x95\
V\xe8\xf5\xe5\xbb!:\xe8\xdb\x166\xbbp+\xe6\x8f\
\x7f\xcc\xd4\xf1\xce\xab\xabX\xb9\xffE\xf8>\xf3\xf5k\
.\x0f\x0c\xc5\xcf\x92\xfeu\x09\xfa}0iY2[\
\x8f\xc9\x7fn}\xc4\xbb\xadZO\xf6\xed}j\xf2\xc1\
?\xdf\x83\xe6\xd0\x5cD[\xde\x15\x9bc\xf38\xb0x\
\xd4l\xbdyu\x1d\x97\x1ex\xae\xa0\xef2\x9d\xb0\x96\
Hb\x96\x1c\x96F$!\xc9l\xbd`idd\xe7\
&8\xb5\x81\xc7%\xbe^\x04|\xd0\xbe\xf9\xccgP\
\xcd\xda\xafX\xdf8\xf7w\x5c[\xba\xaa\xda\xfa\xdd\x0f\
\x18\xd7\xccAuA\x9f\xc1j;\xc17\xff\xe4\xaf\xcc\
\xd6#b\xeeR\x18\x16F\xbe\xe3\xf1~JP\x14\xb4\
\xdb\x7f\xf6\x0e\xcc\xdc6o\xb6\xbd|\xfe\x15\x5cy\xf4\
\xdf\xddY\xae\xdf\xb9Y\xd2X|\xf7\x0d\xed\x1c\x8c\xc3\
\xca\x0d\xb2F\xce\xaabV\xa3\xc5g\xf8!`\xc2\xdc\
\xc9#\x98?\xfeQ\xb3\xd5;\xaf\xaea\xe5\xfe\x97\xc0\
]_\x8eS\xde\xc3\xcc\xbfr\xb3\xa4\xb9y\x18\xf9\xf0\
$5\xc8V\xa7\xd8\xcb2\xe3Y\x81.\xd2\xf5\x9aO\
\xee\xc3\x81\xc5;\xa2\xad^{`I\x80\xca\x01\xda\xca\
,\xd9w\x90\xaf\x05\xd5\x8eiU`a\xda\xaa\xfcg\
Q5b\xc1\xdb\xd4\xa5\xf6\xf3\xdbv\x87\xce|*\x1a\
\xb7V\x1e\xbf\xd0\xc5-\xb9\xa5\xc4k\xa5\x97E=\xec\
\xf8,\xd9\xfd\x84\xb0\xf8\xc2\xb7\x1fl\xc9\x22Xl\x09\
1\x0b\x91V\x95\x83\xaf\xeb\x11\xf6\x9f\xfdx4n]\
\xf9\xd3kx\xeb\x87\xff\xc2\xb0h7!\x89\xc9\xc3\x1c\
\x93=>\xff\x88\x82%e\x1aV\x1b\xcfL}a\x1b\
\x16\xab\xe2\xd9z.\x0f\x0a\x079w\xf20n:~\
{\xb4\xfe\xdc]\x1f\xc0\xed\xaf\xe4\xbfB\xbd\xf4\xb3\x0b\
X=\xddo \xca>\xd8}r<\xad\x88\xc3\xe2K\
%\x9f2\xa4\x17\xe0$f[\xc0\xb6\xaa\x92\x80\x1f\xc6\
\xad\x83\x8b\x9f\xc8\xb4\x99Dlo\xb1R\x8d\xfes\x8a\
&\x84\x05\x05K\xbf.\xcb\xefV\xc4`\x99\xfb\xef\xc9\
<\xac\x97\xd6B\xe7\xee\xfep4nM.<\xc7\x8b\
\xf5\xa1{\xc0\xec\xbd\x87\xb8;\x7f\x11\x90\x82\xe5\xd3\x06\
[\xf2.\xd8\x7f\xf0\x92\x93\xf0\xfdA\x09\xdcR\x91\x0f\
\x9e\xe4\xe5\xae\x03a\xd8W\xb3d\x1aV\x0eT\xafI\
\xc2\xb2\xacj\x92\xf5h\x1e\xec\xd6\x84\xd8\x0f\x9f\x89a\
\x1e\x03\x00\xfd\xe6\x97\xbf\xe6S$>\xf7\xa3\xcbIX\
V~U\xee\x82\xc4^\xab\xd90u\xa2\xd9\xe7\x82\xe1\
\xb9\x1f\x90\x8c\x87\xfcZ$\x983@\xf1Wo\xad\xfc\
\xe1\x1b\x7f\x0d\xce\x83\xc5\xb7\x1bn\xb2\x1dX\xfcM\x8c\
\xe5\x82r\xb0\xfd\xf98\xa0tLJA\xb2,<m\
\xf5\x8dwE\xde\xa0\x04V-\xf2\xab\xf8,(a\xa5\
\xad\x8a/\xf2\xc3sK\xb7\x0d\x8a\xe9\xa6\x1c\xa4XN\
fK\xf7\x05bX8\x09\xact\xbc\xd2\xcb\x1amU\
\x08\xcecV\xa5\xb7\xc6y\xb9\x18|gM6\xa4\x12\
@qh\x8d\x86U\x8d\x08\xab\xd4\x05-\xab\xda.\xa8\
I \xe5\xce\xbd\xe8\xb4\x82}3_\x0a+\x17\xaf\xf2\
.\x18\xb3*\xee~\x09\xd7\xa3\xbc5%S\x88\xa0\x1e\
+3\xb8\x05\xdf\x87\xf9\xa0\xef\xd7\x93\xe3\xc2J\xb9`\
\xda\xaalP\xe9u`\x09\xa44 ML-\xbe\xc3\
\x8d\xb6z\xe8\xe88\xb0\x84\x95Q\x08\xce\xb7\xe9;+\
\x07\x9er\xbd\x12k\x12V\x1a\xf0(\x8be~\x96\x0c\
\xf6\xf4\xdb\x81\xcb\xd4a\x1cX9\x17LXU&F\
\xd9\xa0&\x81\x94\x7f\x1b\xd68\x875\x00\xc3\xbf\x99\xfc\
\xe3\xc3{0l\x9a\x0d\x7f6\xe0\xb0\x0ev\xe7\xee0\
8a?ayIYx?YfhvF\x19\x00\
\xff\x8d\x08/\x13}\x1d\xaa\xe6\xf0\xa8\x16\x97+\x07<\
+\x0ae\xbf\xe5\x09\xaf\x15\x5c\xde*\xac\xfci),\
\xa3\xad\x1eL[\xbc\xa5\xff\xe0\xc4\xfd\xaeBM\x0f\x01\
n\xa5\xd7n\xc1\x12\x0fY\xe8\xe0?y0fY\xec\
\x06\x16\x98$\xac\xc4?u\xb6oX,\xce\xe1\x8d\x8d\
\xfa\x86\x07\xab{\xef;\xf1\xf2z3s'\xc8=\xe5\
\xe0VK`Y\xdd*\x82e4\xb3`Y\xee\x99\xb8\
[\x1c\x96+,K\x88sX\x056\x9f\xdcl\xf6\x1c\
=\xf9\xcd\x93\xcb\xf1\x0cm\x87\xe5\xab_\xb9{+>\
1\xc8S\xbf}z*}\x1fk7nby\xdf\x8d\
\xb3\xd3\xba\xf5\xb6d\x8a\xc0b\x9f\x06\x5c\xdf25`\
s{\xf7N\xeb\xd6\xdb\x92\xa9\x01\xdb{\xc3\x8d\xd3\xba\
\xf5\xb6dj\xc0f\x1a\xfb\xa3\xb7\xeb]F\x9bi~\
\xfa\xadS_\xa6M\xf7\x0b\x00\xb7\x8c\xa5s\x0cq\xce\
-\xa3\xaa\x16~p\xfa\xc7\xcf\x8c\xa1o\xbc\xb7\x0b\x1b\
\x9b?\xc7u\x06\x0b\x00\x88\xe8p\xf7 G\x91\xd1\x80\
\x11\xd1\xe1\xb1t\x8d.\x84#c\xa9\xda\xa9\xf7W\xff\
\xb7\xb2\x0blB\xd9\x056\xa1\x8c\x06\xcc9\xb7\x9c\xaf\
5%q\xb88\x96\xaa\xf1,\xac\xaa\x16\xaeKh\x0e\
\x17\x09na,u\xb4\xfb?\x05O&\xbb1lB\
\xf9\x1f]\xbc\xe9U\xc1\xb2@)\x00\x00\x00\x00IE\
ND\xaeB`\x82\
\x00\x00\x05\xa7\
\x89\
PNG\x0d\x0a\x1a\x0a\x00\x00\x00\x0dIHDR\x00\
\x00\x00`\x00\x00\x00`\x08\x06\x00\x00\x00\xe2\x98w8\
\x00\x00\x00\x09pHYs\x00\x00\x0b\x13\x00\x00\x0b\x13\
\x01\x00\x9a\x9c\x18\x00\x00\x05YIDATx\x9c\xed\
\x9c[\xac\x9dC\x14\xc7W\x9b8M\xaaH\x11G\x95\
*9\xa5m\x84 \xf5 \xa1U\xd5\x07\xb7\xc7\x96\x17\
\x91\xe0P\x8d'\xf1\xe0\x12\x97\xa8K(\x0dQ\x8d\x96\
>\x08E+\xe2]\x22A\xdd\xe2\x96 \x1a\xe2\x1c\xa7\
\x82\xd2*o\x9c#m\x7f2\xf6\x88\x93m\xd6\xec\xbd\
\xcf\xfef\x7f3\xb3\xe7\x97\xec\xe4${\x9fY\xff\xf5\
\xad\xef\x9b\xf9f\xcd\x9a\x11)\x14\x0a\x85B\xa1P(\
\x14\x0a\x85B\xa1\x90\x00\xc0\x1c`\xd8~\xe6\xd4\xad\xa7\
\xaf\x00\xce\x03~\xe7?~\x03\x96\xd4\xad\xabo\x00\xde\
\xe5\xff\xec\xac[W\xdf\x00L8\x020Q\xb7\xae\xbe\
\x01\x85\xbau\xf5\x0d\x94\x00\x94\x00\xf45\x94'\xa0\x04\
\xa0\xaf\xa1<\x01]_\xc0+\x81/\x81\xbf\x80\x0f\x80\
s{\x1d\x00\xe0,\xe0\x1d;\xa1\xfb\x0c\xb8Br\x07\
8\x0cx\x0c8\xd4t\xed~\x05\x8e\xe8U\x00\x8c-\
`o\xd3\xbf\x1bM\xeb\x8dF\xc9\x11`\x1e\xf0\xbev\
\xf1\x80\xd5=\x0c\xc0\xd5\x1e\x1df\x96}\x92\xe4\x04\xb0\
\x08\xf8\x09?\xabz\x18\x80\xd5-\xb4\xfc\x08,\x94\x1c\
\x00\xce\x04~i\xe1\xf0\x1e`V\x8f\xbb\xa0\x9f[h\
2\xdf\x9f!)\x03\x9cm\xfbw\x1f#\xc0\xe2\x0e\xdb\
\xed*\x00\xb6\x8d\xc5\xd6\xb6\x8f}f\xb0\x96\x14\x01\x8e\
\x07~h\xe1\xe0\xeb\xc0\xec)\xb4\xddu\x00l;G\
\x02\xdb[h4]\xe7\x09\x92\x12\xc0\x80\x922\x9e\xfc\
\xc6q+0m\x8a\xedW\x12\x00\xdb\xd64\xe06\xc7\
\x9b\xd9d\xcc\xeb\xea\x80\xa4\x02\xb0\xd9\xe3\xccA\xe0\xba\
.\xdbw\xd2e\x9b\xc3V\x9b\xc6\xd3\x92\xd0$K\xc3\
8xM\x056\x9cT\xd0\xee\xb5-\x82p\x99\xc4\x0c\
0\x13\x18\xf58p{Ev\x9cT\xd4\xf6]\xe8\xec\
\x06\x0e\x97X\x01\x1e\xf1\x88\x7fm\xaa}~3\x9a\x01\
\xa9\x00;&\xbc\xe2\xf1\xe3!\x89\x11`\x81\xcd\xed\xb8\
\xf8\xa6\xca;\x87\x80\x01\xb0\xed\xcf\x02\xbeU\xcc\x18\x1f\
\x87$\xb1\x81wE\xc5\xb6\x9cTlc%:\x9b$\
&\x80A\xe0OE\xec\x0b\x01\xec9\x09`\xe7e\xb7\
%\xc6\xcd<Gb\xc1\xf4\x8b\x1e\xa1\x95ObP\x08\
`\xe7D\xa5\x02\xc3p\xbf\xc4\x000\xdd\xe6r\x5cl\
\x09d\xd3I [[\xdd\xd6\xfe\xf1yz\x08\x9b\x9d\
\x0a\xbcP\x11hf\x96\x8b2\x08\xc0B\xcf\xdc\xe0\xfc\
\x106;\x15\xf8\xb8\x22\xee\x8d\x806\x9d\x04\xb4\xf7\xa6\
\xdb\x22\x8f\x86\xb2\xd9\x89\xb8\xef\x14qk2\x0a\xc0Z\
\xc5\xe4H(\x9b\x9d\x0cR.\x0e\x86\xacX\xa6\xc7\xa5\
\x89\xc0\x5cO\xb2\xae\xbeL)p\xb9\x22\xea\xe3\xdc\x8a\
s\x81O\x15_/\x0diw\xaay\x93-\x81\xed.\
\xb1%\xe9=+O\x07\x9eS|\xbd#\xa4\xddV\xa2\
^UD\xad\xed\xd1\x82\xcf\x0d\xf6\x13|R\x04\xdc\xa2\
\xf8\xba=\xb4m\x9f(S\xd3\xe3\xe2\x02\xc9\x0c`\xa9\
\xe2\xeb{u\x8a\xfaZ\x11u\x9ad\x06\x8d\xca\x0e\x17\
_\xd5)J\xab,8N2\x83F\x97\xe7bO\x9d\
\xa2L\xae\xc7\xc5\x0c\xc9\x0c`\x86\xe2\xebx\x9d\xa2\xb4\
DU:\x0b\xd8\x89\x07`\xbf\x22\xeah\xc9\x0c\xe0X\
\xc5\xd7}1\xa6!N\x91\xcc\x00NU|\x1d\xadS\
\xd4'\x8a\xa8e\x92\x19\xc0r\xc5\xd7\x8f\xea\x14\xa5\xad\
\x18\xdd(\x99\x01\xdc\xac\xf8\xba\xadNQ\xf7)\xa2\x9e\
\x94\xcc\x006*\xbe\xdeS\xa7\xa8\xab\x14Q\x9fKf\
\xd0\xd8\xd1\xd3UY}\xa84\xad\x0b\x93\xba\x1d\x94L\
\xa0Qt\xa0\xa5\xa3\xe7\xd6-\xce\xd4\xfc\xb8\xe8\xaa\xfe\
3&\xcc\x98\x16]\x1ab\x92\xb8M\x8a\xb8\xb7$\x13\
hTG\xbbx*\x06q\x17{\xba\xa1\xf8*\xc8:\
\xc4$\x16=\xdd\xcf\xb2X\xcaR\xbeW\x04n\x96\xc4\
A/K\x19\x8b\xa2,\xc5\x00<\xa8\x88\x9cHy\xc7\
!0\xdfS\xef\xbaNb\xc1.\xcek\x99\xd1\x17%\
Q\x80\x1d\x8aO\xe3\xb5\xbf\xfd4\x03<\x83\xcerI\
\x0c\xe0\x12\x8f?\x1b%\xd2d\x95\x96\x9e6\xbb\x11\x8f\
\x92D\x00f{\x12\x8d\xc6\xc7\xf9\x12#\xc0\xc3\x9e\xbb\
f\x87$\x00\x8d\x0d\x1af3\x89\xc6\x03\x12+f\x13\
\x86\xdd\xc6Ct%\x1cm\x02\xdc\xed\xd1o\x9e\x8a\x99\
\x123\xb6XK{o>\x14\xf3\x0c\x99\xc6NI<\
\xda\xeb+\xc2\xea\x04`\x83\xc7\x91\x03\xc0\xf5\x12\xe7\xc5\
?\xe0\xd1\xbd^\x12\xdb\xa8\xfda\x8b\xbb\xe9N\x89\xa7\
\xcf\xf7u;\xd8S^\xd2:\xc6\xc6\x14\xadz\xde$\
\xba:\xaa\xa0*\xda<\xaa`4\xd9\xa3\x91m\x1ee\
o\x1b\x0e\xae\xa8A\xdb\xca6n\x10\xa3}\x81\xa4\x8c\
9\x8e\xac\x8d `\x977\xe7\xf5(\xbd\xa0\xcdp'\
c4\x9f#9\x00\x9c\xde\xc6\xdd\xf6\xef$\xe7\xd9\x10\
w\x9d}\x1a\xb7zr;\xcdOe\xdaw\xbe2&\
\xf8\x06\xe6\xe6A\xfam[\xf9<\xd8e9\xe1\xb0\xcd\
\xe7\xfbNCi\x1ep\xd3\xec\xf3\xdb|;\xda\xd0\xc1\
\xc5\xc0\xfe\xf6\x0b\xb3\xf8\x01\xdcd\xcbC\x86\x80cl\
{\x03\xf6\xef!\xfb\xdd\x1a\xfb[m\x0dW#\xefC\
\xfb\x1c\x93\xb5\xdd\xc4\xc3X2\x93\xac\x8aOV\xb9\xd7\
\x93\xc6\xee\x05f<x\xa2\x93\xf3\xea\xb2\x038\xd9^\
\x84?zx\xe1\xcd`\xff|\x0eK\xa6U\x97\xb8\xac\
\x0b\xdc5\x8dY\x1bi\x9d\x01W\xc3\x1a\xf3E\xe6\x88\
0`W\x05\x17}\x97\xadj[\x1a\xcd\x1an\x82\xaf\
\xaf\xabM\x09 \xf0\x92)\x86\xb5\x0b<\xfbmW2\
a\xff\x1e\xb1\xdfm\xb3\xbf]U\xee\xf4B\xa1P(\
\x14\x0a\x85B\xa1P(\x14\x0a\x85B\xa1P(\x14\xc4\
\xf07\xec\x07\x04\xcf\xc7:\xab\xa2\x00\x00\x00\x00IE\
ND\xaeB`\x82\
\x00\x00\x01\xea\
\x89\
PNG\x0d\x0a\x1a\x0a\x00\x00\x00\x0dIHDR\x00\
\x00\x00`\x00\x00\x00`\x08\x06\x00\x00\x00\xe2\x98w8\
\x00\x00\x00\x09pHYs\x00\x00\x0b\x13\x00\x00\x0b\x13\
\x01\x00\x9a\x9c\x18\x00\x00\x01\x9cIDATx\x9c\xed\
\xdcKN\xc30\x18E\xe1+f0\xa4\xec\x05\xd8\x03\
\x85%U\xddB\x01\xc1\xa2x\xec\xa4@U\x98UF\
\x962\x00\x11\xc3\x04\xfb\xfe\xa9\xcf'y\xdc\xc6'r\
\xa2H\xb6\x04\x00\x00\x00\x00\x00\x00\x00\x00\x00\xe0\xa7\x13\
IKIO\x92\xb6\x92R\xa7c+\xe9q\x98\x8bY\
\xab\x1b\xe5J\xd2k\x80\x8bO\xc1\xc6\x8b\xa4\xcb\x16\x93\
\xbf\x0bp\xb1)\xe8\xc8s3\xaf\xb9\xecp\xe7\xeb\xcf\
\x08\xebZ\xcb\xd12\xc0\x1d\x96&2\x165\x02<\x07\
\xb8\xb04\x91\x91\x1f\xcc\xffnS\xf8\xb1S\xf5\xeb\xac\
0'o5~\xacT\xbbw\xa9\xd5\xbc\x10`\x1c\x01\
\xcc\x08`F\x003\x02\x98\x11\xc0\x8c\x00f\x040#\
\x80\x19\x01\xcc\x08`F\x003\x02\x98\x11\xc0\x8c\x00f\
\x040#\x80\x19\x01\xcc\x08`F\x003\x02\x98\x11\xc0\
\x8c\x00f\x040#\x80\x19\x01\xcc\x08`F\x003\x02\
\x98\x11\xc0\x8c\x00f\x040#\x80\x19\x01\xcc\x08`F\
\x003\x02\xf4\x12\xa0\xb4M5o\xd5\xec\xd5y\xcbm\
\xaal\xd4\x96w\xa36G\x15\xc8{T\xc1l8\x92\
\xc5}\x0c@\x9a\xc0a\x1d\xc7\xaa$\x9f\x87\xc3q5\
*N~\x9e\x9b\x0bU6\x1f*\xbb\xef\xb4\x14l\xac\
[L\xfe\xd7\xe5(\xafs\x0f\xbf\xbc\x1d\xf506\xc3\
\x1c,j.;\x00\x00\x00\xfb\xedH\xd2-GS\xaa\
\xe6kk\xfe\x92p#\xe9p,\xc0}\x80\xf7\xea\xd4\
\xc9\xc8s\xfd\xcd\x81\xa4\x8f\x00\x7f,u2\xde\x879\
'\x80\x82\x04`\x09R\xd3\x00wc\xcf\x80\xfc`\xb8\
\xe6\x93\xb3j\x7f\xb0[\x95\x1e\xc2\x00\x00\x00\x00\x00\x00\
\x00\xa0\xbd\xf5\x09\x06\xae^\xe9~gW\x13\x00\x00\x00\
\x00IEND\xaeB`\x82\
\x00\x00\x01\xe0\
\x89\
PNG\x0d\x0a\x1a\x0a\x00\x00\x00\x0dIHDR\x00\
\x00\x00`\x00\x00\x00`\x08\x06\x00\x00\x00\xe2\x98w8\
\x00\x00\x00\x09pHYs\x00\x00\x0b\x13\x00\x00\x0b\x13\
\x01\x00\x9a\x9c\x18\x00\x00\x01\x92IDATx\x9c\xed\
\xdcMN\x02A\x14E\xe1\xde\x8c8\xd7\x81\xae\x19\xd7\
\xe5\xcfD\xa8\x1d\x1c\xd3\xb1I\x88\xa4\xa5\x1b\x08\xaf\xaa\
\xde\xf9\x12\x13\x07\xa6!\xe7J\xa1\x090\x0c\x92$I\
\x92$I\x92$I\x92$I\x92R\x01\x1e\x817\xe0\
c\xfa\x1a\xbf\xdfD\xdf\xaf\x14\xbd\xa6\x8b\xed8\xb5\x07\
^n~\xef\x1b76\x99\xda\xfc\xb5\xbbh\x84i\xbd\
9\xc5\x11N\xe2\x8fM\xe6l\x87\xb5\x80\xcf\x7f.x\
\x18\xe1uH\x0ex\x9e9)\x8e}]r\xe1\xf1\x0c\
;'\xf5\x08,\x8b?z\xbf\xe4\xe2\xdb\x05\x17>\x8c\
\x90\xee9\x81\xf3\xc7\xce\xd5G\xd0f\xe6I%\xfd\x08\
\xac\x8b\xbf\xbf\xe6/\xa1'\xe0{\xc5\x08\xdd\x1fG,\
?vns:8B`\xfc\xa3\x1bN\xffH *\
\xbe#\x0c\xf1\xf13\x8f@-\xf13\x8e@m\xf13\
\x8d@\xad\xf13\x8c@\xed\xf1{\x1e\x81V\xe2\xf78\
\x02\xad\xc5\xefi\x04Z\x8d\xdf\xc3\x08\xb4\x1e\xbf\xe5\x11\
\xe8%~\x8b#\xd0[\xfc\x96F\xa0\xd7\xf8-\x8c@\
\xef\xf1k\x1e\x81,\xf1k\x1c\x81l\xf1k\x1a\x81\xac\
\xf1k\x18\x81\xec\xf1#G\xc0\xf8q#`\xfc\xb8\x11\
0~\xdc\x08\x18?n\x04\x8c\x1f7\x02\xc6\x8f\x1b\x01\
\xe3\xc7\x8d\x80\xf1\xe3F\xc0\xf8\xa1\xaf<.+\x7f\xb6\
\xcf\xffp\x83\x1f\x09K\x18?p\x84\xe2o~\xdc#\
\xa1\x18?n\x84b\xfc\xb8\x11\x8a\xf1\xe3F(\xc6\x8f\
\x1b\xa1\x18?\xee#\x01\xf6\xc6\xbf\x13~\xdfB{\xfc\
\xa1\x18\xe3{\x9a\x1f\xeeu\xfb\x92$I\x92$I\x92\
$I\x92$I\x92$i\x98\xf1\x03\x8fi\xaf!\x14\
k\xe6\x8b\x00\x00\x00\x00IEND\xaeB`\x82\
\x00\x00\x16A\
\x89\
PNG\x0d\x0a\x1a\x0a\x00\x00\x00\x0dIHDR\x00\
\x00\x00\x90\x00\x00\x00\x90\x08\x06\x00\x00\x00\xe7F\xe2\xb8\
\x00\x00\x00\x01sRGB\x00\xae\xce\x1c\xe9\x00\x00\x15\
\xfbIDATx^\xed\xddu\xd04\xcfQ\x07\xf0\
\x0e\xee.\x09\x04\x87\x04\x82\x04\xf7\xe0\x1a\x82\x13\xdc\x83\
\x05Hp\xad\x02\x8a\x0a\xee\x04ww\x09!\x09\xee\xee\
\x12H\x08\x10<\xb8\xbb\xcb}~\xd9\xa5\x9e\xf7\xde\xe7\
nzfg\xf7\xf6\xddw\xbb\xea\xfe\xba\xd9\x99\xde\x9e\
\xde\x99\x9e\xeeo\xf7\xdc)v\xda%0A\x02w\x9a\
\xf0\xec\xfe\xe8.\x81\xd8\x15hW\x82I\x12\xd8\x15h\
\x92\xf8\xf6\x87w\x05\xdau`\x92\x04v\x05\x9a$\xbe\
\xfd\xe1]\x81v\x1d\x98$\x81]\x81&\x89o\x7fx\
W\xa0]\x07&I`W\xa0I\xe2\xdb\x1f\xde\x15h\
\xd7\x81I\x12\xd8\x15h\x92\xf8\xf6\x87oW\x05z\xaa\
\x88\xb8{D\xdcm\xf8=wD<KD\xdc%\x22\
\x9e9\x22\x9e2\x22\x9e \x22\x9evP\x91\xbf\x8f\x88\
\xff\x89\x88\x7f\x8e\x88\xbf\x88\x88?\x8d\x88\xbf\x8c\x88\xdf\
\x8d\x88\xdf\x1a~\xbf\x19\x11\xffr\xbb\xa9\xd4\xed\xa2@\
\xcf\x18\x11\xf7\x8d\x88\x97\x8f\x88\x97\x89\x88\x17\x1c\x14\xa4\
\xe7|\xffwD\xfcFD\xfc|D\xfclD|K\
D\xfcM\xcf\x01\xd6\xd8\xd7\xed\xa0@\xef\x19\x11\x9f\x15\
\x11O\xb6\xf0\x04\xfc\xdbA\x81\x1e\x18\x11_\xb2\xf0\xb8\
\x8b\x0e\xb7u\x05\xbaOD<lQ\x89\xde<\xd8\x9b\
F\xc4w\x5c\x98\x87\xd9\x86\xdf\xba\x02=2\x22^t\
6\xe9\xe5:\xfe\xd5\x83\x02\xbdx\xae\xe9\xad\xd7j\xcb\
\x0a\xf4L\x83\xc1{\xe9w\xfc\xdf\xc1@\xff\xab[O\
=\xca\x1c_Z\xb8e\x0e\xdb[\xbc\xec`\xcc\xb6\xf7\
\xd0\xefI\xbc0\xae7G[V\xa07;l_\xdf\
\xb6\x92\x19\xc3\xcbCV\xc2KW6\xb6\xac@N@\
\x9f\xddUZ\xed\x9d\xe1\xe5s\xda\x1f_\xef\x93[V\
\xa0O>8\xf6>\xb4 \xfa\xff\x1a\x9c\x81\xbf>\xf8\
p\x1e\x1d\x11\x7f\x10\x11\x7f\x14\x11\xff\x18\x11\xff0<\
\xff4\x11\xe1w\xd7\x88x\xae\x83\x8f\xe7\x85\x07_\xd2\
\x8bD\xc4\xf3F\xc4\x13\x15\xc6\xc1\xcb\x87\xafW\x0d\xda\
9\xdb\xb2\x02}}D\xbcMA4\xefu\xf0>\x7f\
Q\xbb\xf8\xeexR\x1f_P\xe8\xe3\xeb\x22\xe2\xed'\
\x8e\xb3\xca\xc7\xb7\xac@?\x16\x11\xf7*H\x9d\x9f\xe8\
\x11\x13g&\xe3k\xfa\xd1\x88x\xb5\x89\xe3\xac\xf2\xf1\
-+\x908\xd5\xf3\x14\xa4\xce?\xc3O3\x85\xf4\xf1\
\xcb\x85\x0e~'\x22\x9e\x7f\xca k}v\xab\x0a\xe4\
\xbd\xfe5\x22\x9e\xb4 x\xbe\xa2\xbf\x9e89\xfa\x10\
X=G\xff\x1e\x11O\x1e\x11|B\x9b\xa2\xad*\x90\
\xe8\xfa\xef\x15fJ\xac\xea):L*\x19\x8a\xc2\x97\
bm\x8c\xef?\xdc\x94\xf6Dl6\xb1\xf0\xed\x0e[\
\xc6\xd7\x16&\xeb1\x11\xf1B\x9d&T\x14^\x84\xff\
\x1c1\xe8\xbf\xb1\xd3x\xab\xe9f\xab+\xd07D\xc4\
[\x17\xa4\xfc\xad\x03\xc4\xa3\xc7d\xe8\xeb\xcd\x0b\x1dm\
\xf2$v)\x05z\xc2\xe1T\xc2\xc8\xfd\xe3\x88pb\
\x02\xd6\xeaA\x80b\x8f\x8a\x08c\x9c#~\x19\xfe\x99\
\x1e\xf4\x11\x11\xf1\x09\x85\x8e\xe0\x85\xacx\xbf\xddc\xc0\
a\xfb}\x95\xc17\xe5\xc0\xe0\xa4g\x8cE\xe9\x12\x0a\
$.\xf4M\x11\xc1N\x19\x89\xc3\xee\xcb\x06om\xc9\
v9'\xa0'>\x80\xc6\xbe\xe7\xa0\x90\xaf\x91\x90\xe2\
=#B\xb4\xbe\x07eNb\xc6\xf9\xc1\x88x\xbd\x88\
\xe0\xc0l%r{\xc0\xc1\xd9y\xbf+\x88I}\x91\
\x9bU\xf7\xe7Z;nyni\x05z\xb9\x88\xf8\xa1\
\xe1\xeb\xb9\x8e__\xd0C\x0f\x82\xf9\xcc\x88\xf8\x89\xca\
\x17\x02A\xe5\xd0{\x8f\xc4s`\xa8V\xaa^D\x8e\
\xfa\xcc\x1c\xd5\xbf\xf0\x80\x12x\xef\x06\xe3\xfd\x95\x22\xe2\
\xfd\x0fn\x07\xf8\xa2S\xab+c\xde\xc7\x03\x11\xb9\x08\
-\xa9@\xcf\x17\x11?5@\x1b2/\xc7\xb7B\xd8\
_}\x08\x0381\x9d#G\xe9\xaf:|}\xf7\xce\
t< \x05{\xc7\xa6L.\xc5\xcf\x90\x95\x88g\xfa\
\xcf\x0a\x8d\xad\xa8o2(\xce+f:\x1e\xdc\x12\x94\
\x0dF{vZJ\x81L\xb0\xafB\xdc\xa8\x96\xd8H\
_:\xacLW\x1dvx\xb7\x8aX\xca\xfd\x9e>\xd9\
\xf1\x9fG\xc4\x0b\x0c\xb1\xae\xe4#\xa9fbe\xec\x1b\
\xe0\xfc\x0c\xfd\xed\xf0^\xb6n\xab\xd7U\x1f\x91-\xf1\
\x8d\x0f\xf6\xe1\xbb\x1f \xb1\xcf\x9e\xe9\xec\xa8\x0d\xc7%\
\xfc\xf7\xec\x18\xa4%\x14H\xa0\x91]\xf2\x9a\x0d\x828\
~\x84\xd3\x8f\xd3\x8ec\x8e2>uC\x9f\xb6\xb8\xb9\
p\xca\xf0\xd7V\xcdZ\x12\xb85\xe9|I>6\xbf\
\xa9\xf4\x03\x83\xbd5\xaba\xbd\x84\x02}jD|\xf0\
Titz\x9e\xfd\xf5\xdaC\x8aN\xa7.o\xe8\x86\
mb\xe2\xd6\x12\xf7\xfa\x94\x83G\xfe\xc3\xe6x\xd1\xb1\
\xcf\xb9\x15\xc8\xfe\xfd\xed+qX\xb27^\x22aw\
L\x95\xf7\xb3E\xc4/\x1d\x0c\xfag\x9d\xdaQ\x87\xe7\
m\x8b\xe6\xe0;;\xf4um\x17s*\x10[\xc01\
y\x0d\x82\x94\x18\xf8\xea\x89\xa0g/9\xbf\xd8a\x15\
\xfa\x91\x0a\xbb\xac\xd7\xb8\xd7\xf5\xc3\x0e\x92XP2\xd8\
\x9bx\x98K\x81\xf4\xfb\xdd\x11\xf1\xbaM\x5c\xf5}\x88\
\xd1\xfcFK\xfbG\x0e\xef\xcfe\xe1\xcb\xcf\x1a\xd5}\
\xdf\xfa\xc6\xde\xcc\xc5\x1b4\xb8\x0e\x8a<\xcd\xa5@N\
ENN\x19\xe2D|\x5cD\xdc#\xd3\xb8\xb2\x8d\xad\
\x04\x1e\x19\xca\xf0\x12\xc4\xe9\x07\x97\xfd\x923\x0c.\xfe\
\xe6\x84\xe6\xf4\x97\xa1w=\xa0)\xbf\x22\xd3\xb0\xa6\xcd\
\x1c\x0a$\xb7\x5c\xa0\xf2\x19\x12\x8c\xd8\xa3\xa5\x1c\xb3\x93\
\x18\xb7\x1f0\xacZS\xf9\xe27\xfa\xc4\xe1\xf7\x9f\x09\
>\xe6l\xc2\x97#l\xf2\x91\x89\x88}\x89\x0f\xf2\xfa\
\xbe!\xd3\xf6{\x87\x8fC\x0auF^\xb62\xa1\x94\
\xaeG\xfb\xcc\xc0\xa5\x97:\xfe\x9fC\xef\x1d\x93\x0fq\
\xbc}\xe0Q[/\xf9~\x03\x1c5\xfbu\x8d]X\
\xcd\xber\x88q\xfdI\x92\x87\xa5\x9a1\xae\x9d\x88\xde\
\xa5\xc1\xfd\xe0\xbd\x04\x88\x1f\x1c\x11p\xdbW\xe93\x86\
\x0f/\xf3\x1edc\xfcn\xd4[\x81\xc4\xb9~&\xf9\
E\xfc\xe4`\xd8\x9eZ!\x00\xb08\xd3\xd8Q\xaf\x1c\
\x11<\xd9\xd7\xf1\xcby\xc7\xc3\xcd\xd7$\x0c\x02H\xb6\
f\xf2^NFbb\xbc\xcb\xa7\xc2\x1f\x8f=\xac\xca\
dTz/+\x1c\x83=\xe3\xa9\xb6\x82\xb1\xcd\xba\xe5\
\xa8\xf5V \x11a\x11\xe2\x12\x89\xbc\xcbh\xf8\xfdR\
\xc3+\xffC\x17>\xc7Q\xc9\x15\xd9\x13\x9c\x8a\xb72\
q\x1ez\xafq\xb5\xb5\xda\x00\x9e\xd5\xbc\x17T\x83\xcc\
\x12\x00\xb9\x12\xfdp2\xd8\x5c\xea\xe7\x8e\xff{*\x90\
\x93\x8e\x15 C\xb6\xadl\xdc(\xd3\xdf\xde&\xe2\x83\
\x22\xe2\xd3\x92\x82p\x22\xfb\xaed\xdb\xb3\xcdz*\xd0\
/&O\x1b\x96\xcfW\xb8\x04v\xa5\x87\xc0V\xdc\x07\
/\xb8x\xe3K%x4\x07\xcc\x8d\xc9\xd4K\x81\xec\
\xe7|\x0d%\x12\x97y\xe9\x83\x0d\xf0+\xa5\x86\xfb\xff\
M\x12\xe0i\xa7\x1c%0\x9d\xce\x9dz\x85]&Q\
/\x05b\xc4\xbdj\x82\x13'\xb4wN\xb4\xdb\x9b\xb4\
K\xe0k\x92I\x8c %\xaf\xd5>\xcc\xe3\x9f\xec\xa1\
@\xb4\x9e\xc3\xaeD\xff1\xc0/j\x0c\xe7R\x9f\xbd\
\xfe\xe7-\x16\xea\x00\x81\x00\x8e\x17\xe9\x1fk%\x1a\x83\
\xd1?\xd6D\xe4\xc0s\xd2d\x8c\x96\xd2yz\xf1W\
\xd3\x0f\xde\xf1\xf8$\x89\x87&\xe7\xc5\xf5P \xf0\x05\
0\x86\x12}\xee\x00\xc5,\xb5[\xea\x7f\xf8!\x99\x12\
\xef0\x1cmke\xe1HL\x91|\xf1|4\x7f\xb7\
\x14\xe3\x89q>o@=\x96\x9a~\xfe\xe1#x\x9f\
R\xa3s\xff\xd7\x0a\xed\xb8/x\x1c\x80\xaf\x12.\xc7\
\x91\x94[\x7f\x96\x80^\xa5\x00\xee|\x00\x939\xb1\xc8\
iW\xad\xb5\x07\xc1\xf3\xf8\x90>=\x22\xc4\xde.M\
\x9c\x960\xd2\xa5U\x88\xcb@\xdb\xe6\x84\x86\xa9\x0a$\
\xbe\x02QW\x229Z\xbe\xf4K\x12`\x1b0\xfa\xc7\
&\x14\xbe\x95O\x13\xf21\x07@\x98\xd5v\x0ap\xbe\
u\xfc\xab\xcfI#z\xdbDGlR\xb6i\x13M\
U ^\xd2L\xc4\xdd\xb1\xddr\x7f)b\x17H\xea\
S\xe2w\x09\x92\x19!CbJ\x86\xc9T>y\xa6\
y\xb2K\xe4\xf4\x9c\xc5\x92\xdf\xd4\xd7\x14\x05R{Y\
\xc1m\xae\xf4s\xc4?\xe4\xe8~)\xe24\xf35\x8e\
E\xc3\x97\xe2\x83Md\x05\xc8\xb87\xe6\xe2)\xe3\x9b\
\x13J\xb2\xad7\xd5\xb4\x9e\xa2@\xef4\x04.K/\
\xcf;\xfd\x96\x87h\xb4S\xd8\xd2\x84G\xb0\x92R\x01\
\xa8\xb9\xf829\xef6d\x96\xcc5\xc6\xa9~\xd9?\
\xdf<\xc4\x13Kc\x93\x93\xec\x97j\x9a\xa2@\xdc\xe6\
\x8c\xd1\x0c\xf9\x12\x9cxzeef\xc6$\x14\xf8\x97\
)\xef\x98\x19\xa7\xd4\xc6i\x0d/NkK\x91\x00\xad\
-;\xe3\x95\xc6\x93\xb9\xfc\x90\x16\xe6\xa6\x08\x17\xde\xa6\
\xa6l\x9b\x93\x8a\x84\xbaR\xd1\x83\x96\xf78~\xc6\xb6\
\xa5\xb8\xf7\xa5V\x9ec~\xacDb\x85l\xc6\xb9I\
a\x09\x09\x96\xa5\x93\xf1U>\xcc%\xbcR5MQ\
\xa0l\xf8\xe2\x98)\xab\x02E*%\x0bV\xbf\xcc\xf0\
\x00\x83\xd9\x8a\xf7t\x95\x1d85\xfd\xf8\x00C\xfd\xe9\
\xc1\x00\x96\xbb\x85\xf8\x8cD\xbc\x1d\x06@L\xc0Kj\
\x95S_\x90\x89s9RE\xf5\xf9uZ\xf0>\xe6\
\x12@\xad\x9a\xa6(\x90\xc1\xc4RZ\xf2\xbd\x9c\xc8`\
bz\xfbLL*lP\xcdi\x8b\x0f\x04(\xcb}\
\x1aYC\xd2\x01B&*\x04\xa5\x9b}\xb2$\xd8)\
k\xb4w\xae\x16#\xd8\x8a\x0b\xebSK\xdf\x7f\x90\xd9\
\xeb\xd4>4\xb6\x9f\xaa@\x1cq0\xbf-\x0c\xa8\xa0\
!\x7f\xaa'\xc4\xd2\x84R\x86,\xb1KTrmu\
p\x9a8yo5\x054\xa1-!\x0b{\x91\x90\x0b\
\x1cVK\xad#\xca\x033\xfeO\xad\xccLU \xe3\
*j`\x12\x1e\xd4\xb0\xac\x8b\x1c\x03\xa0\xf5\xd8\xceL\
\xa6\x14\xe1\xcc\xdeo\x05p\x00\xe8UG\x9a\xe2R\xa4\
L\x14\x9c\xb3Qj\xb5{\xc7\xa6\x92mK\x11\x8a\xac\
\xb1<\x8eg\xbb\xfe\xe8\x01\xfa\xeb\x1e\xb4f\xea\xa1@\
\xe3\xe0\xec\x03\xa5u\xaf\x96m\xc9069\x1e3\x0c\
\x92\xcd\x80\xa5<*\x5c\xf4\xbe\xc5\x87\x91,9 \xa3\
D\xbd2F\xb3q\xc8\xab\xf3 C\xc5\x89\x98\x9d7\
\x99z*\x10f\x18\xae\xf2\xce\xdf\xa2\x923v\x94\xb4\
\xe3Vb\xe4\x82\x81fb[l\x97^+\xcf1\xbf\
\x90\x96\xe2a%r\x22U3q4\xd2K\xed\xaf\xfb\
\x1f\x9eG\x86F\x0d\xa9\xa4\xa6`C\xb7\xc0oo\x05\
\x1a_Ft\x1ed\x15\x80<C\xf0\xbc\xa0\x05\xad\xc6\
\xa5S\x9d\x08t\x89\xd8<\xd9\x8c\x91R_\xa7\xfe\xcf\
\xc6\xa0\xee\xdfX\x88\xc1\xb8\x0e\x0b@y*\xe6gH\
\xa2\x81mvjQ\xf5\x9b\xc6\x9aK\x81\x0c\x044/\
g\xa9T|rdJ~\x98/\xa4\x85\x9c\xeaJ'\
\x10\x86\x22\xdb\xa3\xd5`\xce\xf2%\xba\xcdaZ\x02\xb8\
\xdbB2\x99\x14\xd7\x8d\xcb\xb3\xaf\xca[\x86\xe4\xe8\x91\
\xad\x8f\xb4;\xcd\xa9@\x98u\xdc\x05\xde\xce\xe0o\xf9\
`2\x19\x1d\xc7B\x00\x06\xa3\x14\xa5wa\xe43\x1c\
\x97\xa0\x8fO8\xe6x\xa8\xd5\x0dh\x01\xa5qU\xb0\
9K\xc4m\xc0\xa9:\xb5\x16\xf6\xc9qJB/1\
\x98\xf9_\xba\x8aj\xf0%\xe3\x9a@\x9fsHs\xce\
\xf4;\xb6y\xabD\xf9\x5c\xa7\x0e\xa7\xb4\xd9\x04y\xc4\
\xb0\xfa>\x94\xbadP[I\xac\xd25DF\x99T\
m\x857\x99\x05\xec\xad\xd9h\x09\x05\xc2<#\x99\xcf\
\xa14^\x8b]\xc0\xd6b\x18\x9f\xa3\xae\xb9P\xc9\xd9\
\xc8\xe0\xc4\xaf\xcb\xcc-u\x9f\xb1\xf7|\x8cd\xee\xbd\
g\xa5\xd2\x84\xf6\x1c\xdc\x16%\x04p\x8eZRo\xc1\
%\xb8\xe2\xcf\x11\x03\x92\xa7yI\xca\x9c\xc8l\xef\xb6\
\x98\x1a\xca\xa4\x8e+\x9b\x9cIr\xa8\x19\xf7\xda\xb6K\
*\x90\xd2r\xa5S\x00p~\xadS\x8c\xc1Z\xaa\x8e\
\x0a,\xbfX\xe5\xd2A\xd2l\x14\xb6\xca9\xc2\xfb\xdd\
*gQ\x9d\xc8\xd2%\xbe\x8e\xea\xd9\xea(\x95\xc3\xdf\
\xd8|I\x05Rt\xa9t3\x8e\xd8\x18[\xa5\x86\x84\
B\x18\xeb\xe7\x88\xa1\xddb\xac\xd6\xf0q\xdc\x96\x81\x5c\
:\xf1\xe1](\xa2\x86\xc8\xa8Ts\x88\xac\x7f\xad\xa6\
\xd3\xd6\xb6K*\x10D`\xc9\x81\x05|_\xba\xb4\xe4\
\xf8]=S\x02\x8f\xcb\xab_\x1a\xd0f\xccR\x88\xa6\
\xe5}\xf5Y\xba\x85\x88\xac\xc7\xdb\x16[u#\xf5\xdc\
\xda\x14\x88\xc3\xab\xe4?\xd9\x15\xa8\xac@\x22\x02\xca\xfa\
\xcdNK*\xd0\xbe\x85\xdd<\x9d\xfb\x16V\xa1\xe2\x19\
#\xba\x05\x80\x7f+\x1b\xd1-W.8h\xc8\x06>\
G\x9b4\xa2\xc1\x0e\x80\xa9\xceQ\xcb1\xdeQ\xf8\xf5\
\x0b\xfd\xden\xc7\xf8V\xaf~\xc5z\xf0\xf8\xa6Km\
a\x92\xf8E\x8eK\xe3\xb5\xdc\xa2\x9cq$r\xea\xc9\
}_\x922\xc5\xb6Z\x1c\x89\x9c\xad 0\xe7\x88#\
\x91\xcc\xa7 \x1cR\xb2*Mh\xaa\x93B#'\x02\
\xc7w\xf0\x85\xd2K\xab\xd4%U\xba\x862\x81\xc5-\
\x852\xc8H(\xa34w\x92\x1a\xf9\x8bf=\x8d\x95\
\x98\xa8\x99\xc8\xeb\xda\x8a\x09\xf1\x14g\x12\x0b[\x97\xdd\
l0\xf5\xe3\x0ep\x91\x8f\x9a\xfaB\xc9\xe73\xc1T\
H@\xbe\xa2\x16Ho\xc6\x1c\xc0*\xc4\xa7\xed}\xb6\
\x18\xe0\x9c\x0a\xa4:\xba\xc4\xb6%\xe0\x1c\x99\xe84\xf0\
<\x8fu\xc9\xb9\x97\xd4\x91\x93\xcd\xb2p\x0e<\x97l\
\xc2S\x83dV\xdd\xf1Yp\x0e\xedgq,\xce\xa5\
@l\x19\xe0\xf6,\xa0\xcc\xcb9Y\xb4\x02\xca2v\
\x01\x81.Q\xe4!s_+^Z\xec\xbdQ)Z\
\x00ebs-7\x09\x9d\xfd\xa0z+\x10h)H\
k\xe9\x02\xdac\xa6\xdc\xb27%rl\x5cvA\x06\
P?g\x81O\xb7\x12\xc1f\x97\x08\xc4\x02,\xa3\xe4\
\x99?\xd7\x0f#\x19\xc2\xa1\x86d\xd0H\xb5\x9e2\xee\
\x0d\xe3\xf5T \xe8:\xa0\xfa\x92\xb1|\xfc\xc2\xbd\x0a\
O\x01\xaag\xd2s\xadrRYz\xdf`#\xcf\x0d\
\xa2\xb2\x84\x01\xf2\xfe\x9ft(\xe3\xeb\xa2\xde\xa9\xe44\
f\xf5\xad!\x1f\x9a\xa2\x0f\xa5@o\xaa\xcf\x1e\x0a$\
\xadG\x8a\xb3\xba;\xb5\xd9\x9a\x22\xe4`\x0755\x91\
O\xbd\x18\x83\x94c.S\xdd\x9e\x12IE\xaa\xc9!\
;'P)Bn\x80\xce(\x8f\x10\x03hm\x8f\xe0\
\xae\xb8!\xe8FM\x22\xa5\xf7XMZ\x8f-\xc3\xb2\
(C\xa0\x96\xd8=|3=O\x085\xf7\x96\xe2\xd7\
\x8ai\xd5j\xbd\x16\x81\xc1,\x0b\xa3tG\xfdU\xd9\
<p\xb8\x9d\xbaV^\xa7\xda;\xe9\xf2se\x01\xf6\
W\xfb\xb1\x0527\x9aQ\x8bSV \xcf\xaa\xf4\xd9\
\xe2\xa0S\xf8HnV\x8f\xaf\xf0\xaa@\xac\x80\xfa\xce\
`\xb0\xc7\xe7\xdct\x0cl\xc6\xa9\x97=R\x9b4\xde\
m\x0a[\x13\xfc\x05\xa4\xbf\xd7\x84\xc3\xc2\xb9\xd5\xf7!\
I\x9c\xf4q\x1f\x93\xaa\xb5NQ \xfe\x85\x96j\xe7\
J\xe2)\xec\xd8c\xdb\xbaN\xa0\x8a \x88\x17\xd5\x16\
W\xb0\xad\xf1\xaf\xb0\x8d\xd8\x07\x1cqW\x8b+(\xda\
\xc0\xce\x93@\xe8\xf8\x9d\xd9\xae\xae\xf2'\xef^q\x85\
\x0c\x9e\xb9eu\x02\xf1`\x13);XK\xe6\xb2\xa9\
r\xc8\x14\x05\xaa-\xef\xc2#\xca\xe0\xb3m\xccM\x04\
\xa2\xb0U\xa9z\xda\xdc|\x8c\xfd+\xefr\x9f\x86D\
\xc0\x16\xfe\x18\xc8\xca\xbbdl\xc1\xb1\xff\x8b\x94w\xa9\
)0\xf5\x0b\x83\x9d\xe0f\xe2\xa5H\x02\xa1\xe0\xec\x94\
\x8f\xa4\x07\xaf\xe2RxY\xa2.\xd2\xc8/\x87)\x7f\
T&\x02\xe0\x99\x8b\x14\x98\x22\x94LuOeG\xa4\
\xde,\x8d\x08$\x18\x95am\x99\x97Z\x89\xac<\xb6\
\x94%\x95gT\xa2\xd5\x97\xb8s#\xa1\xb0@ir\
Z\x80\xf2=\xbe\xfc\xb1\x0f\x19\x1b\xb6M\xce\xc6%\x89\
\xcd\xa3\x88Am\xfezO\x1e3\xd8!\x1f\xf6]*\
j#\xdd\xc0\xdf\xd4\xe5=\x93Rc@\xc6g\x97j\
\x10\x8d\xd2\x95\xd4\xa8f`)\xfd\xb9\xb1\xfb\x9b\x1e\x93\
j\xedh?\x97\xc1\x9c\xe1\x93\xa1\xefPP\xa2\x96\xd4\
\xa2\xff\xefs\xaa\x02)\xa7\xf6\xe5%\x0e\x87\x15@\xed\
\xbeK\x92S\x93\xd3\x9f\x14\xe7\x1a\x03\xb3\x86gNB\
\x11\x7f\xa7\xa1\xd6\xb8^\xcdx\xe7\xdaZu\xad\x80%\
j\xae\xd0\xaa\xe3\xa9\x0a\xa4\x9c\x0a\xfcNiB,\x93\
\x8e\xd7\xad\x0e\xbb\x92\x10j\xfe\x07\xff\xe09v\x22\xcc\
\xc4\xce2}s\xc4\xa9\x0e\xc2\xb3\xdd\xdb\xb7\x95\x19\xff\
\xb8\x8d\xdb\x9c\xa56\x97\xb2U(\xbc\xb6\x17\xbb\xea\x00\
\xe3\xd9xL\xafBR-\x02\xbd\xee\x19~\x22\xdb\x8c\
\xc3\x80\xc4\xc3\xda\x8f\x09\x9e\xc7V\xa5\xbe\xb2J\x19\xdd\
\x02\x94\x1d^\xd01^\xb4\xbfD\x94\xfe}K\x8d\xce\
\xfd_+\xb4\xeb\xfa\xbag\xf2\x029\xab\x10l\xd0%\
\xcb\xff\x9f\x92\x85\xe4>\xf5\x1a)\x92Z\x83\x9c\x86\xbc\
\xcd\xe3\x0ae\x85\xe1\xa5\xf6U_\xbd\xee)\xeb\xb9\x9e\
2G\xb5\xcf\xba\x9c\x18\x8f\xa5\xc3\x8d~'' \xf6\
P \x8c\xc0\xdefB\x1a\xbeV{\xeeN\xf3I\x80\
\xcb co\xaa\xb0\xdb\x12\xc3\xbc\x81\xf3^\x0a\x94-\
\xb7\xb6_y9\x9f\xe2\xe8Y\xa8\x04\x8c\x15B\xa2D\
S\xcb\x0a\xde\xd1\x7f/\x05\xd2\x17\xc63\x9eO\xa5\xd9\
\xc0\x0f.}\x1dRI\xc0\xb7\xda\xff\x02\xc9l\xb2L\
q\x0a\xb7\x09uqi\xf4T eJ\x1e\x9e\x94\xba\
SP/,Nr\xc8\xcd7\xcb\xa2!\x09\xa2\xb92\
\xfd\xb1\x14{*\x90\xbe\xc1R\x19\xa3%rlTC\
\xb1\xa6\xec?\xd8\x04\x87\xe0\x88\xb3\xd6\x87\xca\xac\xe0\x18\
\xb72y/\xf0\xd6\xb1\xe2\xbd\xf7!\x17u\x02\xb2\xc4\
\xe8\x87\xaf\xca@K&\xc17\xe6V [\x13\x94a\
F1\xe1v\x18\xde\xe2E\xd7\x11\x81\x82\x9e\xba\xd0\x0e\
\x86\x86\x90\xaf#\xde^)A\xe0\x08\xe2n\xcd>\x8d\
\xeclMl\xe7\xbd`\xa1\xac\x02\x0an\x9d\x82\x00\x8f\
\xef\xe5\x0e\x0bX\x9fS\xef\xe5\xb4%\x891S3Q\
`\xd7\x1cI!\xefB\x99\x89\xae\x1d\xc8e*\xd9\xab\
\xbdmc\xc7WFA\xd6\xb9\x0e\x80\x175S\xf7\xf9\
*\x7f*\xb1\x8a\xc0\xc3\x1c\xd7&(\xd6\xbegm{\
\x0e;8h\xb2\xa9\xb9_\xc38\xdc\x08\xa2\xeb\xea[\
?\xfah\xe0Lf\xee\xf8\x88\xb9i\xc1\x0b\x9d|\xd7\
9\x14\x88\xffD.R\xa9\xe8\x13\xa6|\x11\x8a\x92\xfb\
\xc2\xac4P~NtS\xf9RC\x07\xc6\xc5\xef\xd4\
\x0aW\xab\x00\xad\xed\xad\x10\xaeR\x82\x1b\xaf\xad}t\
<&y\x81\xa1R\x1a+\x93\x15Z\x91\xce\x8c\xbcx\
\xc8\xf9\xb8zB\x88S\x03\xb7\x08.\x1b#\xd37w\
\xba\x10G\xcbe!%\xde\x9c\xf8\x08\xf9R\xceK\xb6\
\x89\xeb\x0f8[{\x13g\xa1U\xad\x14F\x1a\xc7\x9d\
\x14\xf3:\xc5|Fs[^\x5c\xbf\x8fHT\xcdh\
\xe9\xbb\xf6\x19_\x1e\x18\xea\xd2\x97\xfe\xb2I\xa0\x22k\
K\xd8\xd5\xbe_\xa6\xbd\xd31\x19X\xc1\xba\xd2\x5c\x0a\
\x84IA\xcbG\x0e\xf9\xdf]\x99n\xe8\x0c\x9cV\xf2\
b7\xe3\xb1\xc0\x83\x15\xc7\x89ti\x0c\xd2ul\xf9\
\x80\x84,fI\xe9\x9eS\x81\xbc\x8c\xdb\xfd\xd87s\
\x8f\x93\xd1)\xc5)yj\xe7F\x04\xdcu\x00\xf5\xaf\
a\xe5\xb1\xe2Xy\xb2\xfe\xb9\x8c\x1coh\xb3\xc4\xc4\
f3F\xab\x99ox\xc0\xaa\xc0H\x9f\x0b\xab\x03s\
\xc4\xcf\xb2H\x8d\xe6\xc4\xfb\xf7\xca\x80=9\xd4\x12\x0a\
D\xa8|4r\xb9\xa7\x92e\x18TTd\x9f\x81\x9a\
5 \xaf\x8e\xeb&\xa1/\x9e\xca\xc8\x89\xe7A(@\
)j\xc9\x16;\xe2w\x9c^e\xd9N%P\xda{\
\xcf\xf8\xb1\xdc\xc1\xdf\x12\x0ad\x1cB\xe1`\x045\xa8\
\xa5\xc7\x0d\x05\x1bl\x85\xc7%J\x14\xe9\xbe\xdfP0\
\x00F;Cn\x0a\x94Z\xdc\xbb\xf0\x92BZ\x8f\x1d\
` \x19>|\x08\x8a\x81\x03\xfdK\xc9\xbeJl\x16\
\xb9\xf6j\x1d\xda\x12k\x09\x1f\xa0)]\x8f\xec\xd71\
\xb1\x94\x02\x19\xdb\x8a!a/\xfbu\x01\x84s\x9cq\
\xa0\x95|9|O\x1c\x88\xd9k\x03\xe6\xb8t\x8eC\
TzL\x86@)\xdc\xb3Z\xbat\xd8\xeam\x15\xe1\
C\xca^\x0d\x05\xa3\x04\x0f}\xac\x94\x19\xbe\xaa\xdb,\
\xa9@\x98\x13\x01\x86\x1d:\x15\xb3a\x9bXi8\xca\
j\xabGx\x17\xa8\xc7\x0c\x12\xaf\xe5\x8a\x81s\xc25\
\xb6>3+,\x14\xe0\x03\x1a\x8e\xd4\x94\x82\xe2\x0b\x83\
\x9c\xca\x8a\x15G\x13\x1e\x12m_\x84\x96V /%\
\x16\x03\x02\x0a#=\x12g\xa2\xe5\x5c\xa9\x97\x9a\x00\xeb\
\xb1\x90@\x1ad\x8ad\xec-Gmn\x86\x1e\xa4\x16\
\xa1;,Jd\xe5\x915;\x05\xca\x22\xa0\x0c\x86\xaa\
\xce\x8fms$I\x9b\xc2?`5\x8b\xd1%\x14\xc8\
\xcb\xf9\x82\x5c.G\x18\x8e\xd5\x82\xa1\xbd\xa2\xea\xec\x22\
\xf1\xa2R\xee\xba\xb8\x94SJ\x0f\x12\xaaP\x17\xf1\x1c\
Q\x9a{\x0c+U\x8f1\xad\xe2\x82\xcc*\x84\xf8\xe8\
\x94y\x99\xebty\x92\xdfK)P\x0f\x01\x9e\xeb#\
\x93\xd2\xa2\x18\x94\xab {\x90\x127B&\xe7\xc8]\
\xaa5\xf7\xcb\xf7\xe0k\xf6>\xb6\xaa@\x0a\x0c\x98\xb0\
s$\xe0\xdb+\xfe&.U*&j{\x91\xdc\xb8\
)\xda\xaa\x02\xd9\x1aK\x01T\x11{\xdb\xc0\xd4\xf8\x10\
\x19\xda~K\x91v\xb8\x1f\x00\xb8M\xd1V\x15(;\
\xa9\xc2\x0dSSs\xf4\xc1\xb7t\x8ez)\xeb\xea\x94\
o\xab\x0aD\xd0N%|O\xe7Hia\x90\x8f)\
\xa4\x0f>\xabs\xc4\xb1\xc7y\xb99\xda\xb2\x02e\xee\
\xaax\xc3\x0e\x81F}\x94*\xbe^\xe2\xae\x8eE\x94\
u\xcb\x0a\xc4\x88fL\x9f\xa3\x96[\xa2\x8f\xfb\xcb\x14\
9_\xa2\xc0\xf9\x22\x0as<\xc8\x96\x15H\xd9]\xa5\
|\xcf\x11\xdf\x8c \xe6\xa3\x06\x18.\xff\x11\x9f\x0a<\
\xb5\x5c\xf7\xb1z\xa9\x14g\xb9\xf4\x10\x80\x1c\xa0No\
N]\xf0\xdb\xb6\xc9Ryc\xbc\x08Gl\x8e\xb6\xac\
@\xc2\x05\x0f^\xc9\x8c\xe1\x85\x97}s\xb4e\x05\x12\
3\x82G^\x03\xe1E\xca\xd1\xe6h\xcb\x0a$\xe6\xb6\
XP\xb1\xa0\x19xQhts\xb4e\x05\x02\xf1\xe0\
\x9f\xb9\xf4;rT\xc2\x87O\xf57\xadR\xf9.-\
\xdc\xb9\x85\xe2\xa6D\xe0\xacK\x12\x1eD\xeb7I[\
W\xa0\x9a\x82\x0fsM0d\xa1\xf4\x9eM\xd2\xd6\x15\
\xc8\xa4\x81\x85B6f/\xbf\xeb5\xd1\x8a#\xb8X\
\x05\xcei\xb3t;(\x90\xc9\x83\x97\x06\xdd\x80\x88T\
\xc3\x08.\xa7\x84\x17\xaa\x9dtX\x1c~$\xc62\xfc\
\xb7\x94c\xb8\xe7M\xd3\xed\xa2@\xc7\x93h5\xba\xfb\
\xa1\xfc0\xf0\x99\x1fg\xa0\xa0\xe8\x9d\x07P<\xa4\x1f\
\xd9\x8c\x17\xb6p*2\x86!'\x19\xc3\xb2C\x18\xe8\
\x22\xfe\xb0\xc7\xe3\xaf\x17(\xee\x96Q\xba\xdbU\x81n\
\x99\x09Z;\xa3\xbb\x02\xad}\x86V\xce\xdf\xae@+\
\x9f\xa0\xb5\xb3\xb7+\xd0\xdagh\xe5\xfc\xed\x0a\xb4\xf2\
\x09Z;{\xbb\x02\xad}\x86V\xce\xdf\xae@+\x9f\
\xa0\xb5\xb3\xb7+\xd0\xdagh\xe5\xfc\xed\x0a\xb4\xf2\x09\
Z;{\xbb\x02\xad}\x86V\xce\xdf\xae@+\x9f\xa0\
\xb5\xb3\xb7+\xd0\xdagh\xe5\xfc\xfd\x1f\xcc)\xbb\xbe\
\xe2\xces\x1b\x00\x00\x00\x00IEND\xaeB`\x82\
\
\x00\x00\x0c\xeb\
\x00\
\x00\x86\xbex\xda\xed]\x0fpT\xc5\x19\xdfx\x81@\
k\xfe\xf0G\x88\xe24!\x15\xa4\x12\xda\xd4*\x0d\x1a\
s\x91R\xa728PAb\x05\xa7@)\xc4:2\
\xd4\x8e\x086p\x09\x1d[J\xa7\x88\xe3\x14\xa7N+\
\x08\xb4\x8a\xb5\xa5\x10\xb4\xa3\xd56*\x94\x11\xa8hg\
\x14\x19u\x08X%\x0aB\xb0R\x82$\xf7\xfa}\xf7\
~\x1b6\xdb}w\xef\xdd\xbd\xbb\x5c.\xb73\xbf\xf9\
\xf6\xed\xfb\xf6\xdb\xef\xfb\xde\xde\xbe}o\xbf}'D\
\x8e\xe8'jj\x04\xd1R1f\xa2\x103\x85\x10\x15\
\x15\xf6\xf1\x13\xa3\x84XAe\xa5\xa58.\x12bt\
\x9d\x10\xc5\xc5\xf6\xf1\xaa\x81B\xbc\xbaT\x88\xa2\x22\xfb\
\xb8.\x97\xea\xaf\x14b\x0c\xc9 \x91\xa2A\xd8\xe5\x91\
4QdS6%\x9c,\xcb*%l!\x1c\x22\xb4\
\xf60\x0eA\x97\x92\x14\xd9\x9eGx\xd8J\xbf\xb4\x8e\
uK\x81\xfd\x17\x13^NC\xfbY\xa7\x8bSt\xfd\
\x1fMC\xfb\x7f\x9b\x8a\xeb\x0f\x1f\x14\x10~Ex\x9e\
\xd0\xaca/\xe1\xb4\xa6\xdbq\x03_,\x1c\xd7d\x9c\
\x86l\x9d\xefy\xe8R\x90\xe210\x970\x980L\
C5\xe1\xa0\xa6\xfbs\x06\xbeXxN\x93q\x10\xb2\
u>\xd6!7\x8d\xee\x0d\xe5\x8475\xdd\x9b\xe2\x90\
\xd3\xa4\xc9`\x99\xe5\xbd\xe0\xde\x98\xb5?k\x7f\xd6\xfe\
\xac\xfd\xbd\xd2~\xdc\xd7x~\xff\x0d\xc2M\x84\xa9\x1e\
q\x17\xe1\x88\xa6\xfb\xde8\xe4\xec\xd5d\x1c\x81l\xaf\
r\xd8\x86\x89\xb0)7\x86\xedE\x84\xd5\x84=\x84\x8f\
\x09g\x08g=\xe23BX\xd3\xbd3\x0e9\x9d\x9a\
\x8c0d{\x95s\x06s)\xb6\xe9\xe7l\xa3\x83\xed\
5\x84\xd7\xac\xccO\xff\x22\x5c\xaf\xd9\xce\xf3\xa87\x0c\
\xd7-\x13S\x18\xb6\x0e\x83\xed\x03\x09\xbf\xb6\xfa^z\
\x840\x80\xf0e\xc2[\x86\xf3<\xff^B\xb8\xb3\x97\
c\x89\xe1Y\x82\xd3\x01\xc28B-\xe1\x9cv\xee\xf1\
\x0c|g\xf5\x84f#\xdb<\x13\xf7\x145\xf1\x18[\
\x9b\x81\xf6\xd7\xc265\xb1\xed\xf7je\x9f\x12&g\
\xa0\xfd\x93a\x9b\x9a\xee\xcd\xda\x9f\xb5?k\xbf;\xfb\
\xa9\xbc\xdep\x1fy\x97\xf05\x97:<i\xa8\xbf\x8f\
P\xa6\xf0$:\x17\x99\x9a\xb5\xbfW\xdb?\x9fp\xb2\
\x0f\xdb\x9fOx\xb0\xaf\xda\xaf\xac\xb1\xbcd\xe0\xe5g\
\xd9\xaaL\x1e\xff\x14^~g\xd1b\xe0\xe7\xf5\x8e/\
d\xba\xfd\xe0\x9f\x8ak\xae\xa7\xad^\xd7\xbaz\xa9\xfd\
\x01\xc2o\x0cu\xf8\xd9e^\xa6\xdb\x8f:\x97\x10\xb6\
\x19\xea\xfd\x9b\xdf\xede\xba\xfd\xa87\xce\xe1\x9e\xf8:\
\xa1\xb0\x87\xedO4\xc5\xb4\x1fm\xcfv\xf0\xc1\x06\xbe\
g\xf6\x01\xfb\x9d\xe6\x05\xec\x93\xd9\x99n\x7f\x8cy\x01\
\xfb`\x5c\xa6\xdb\x1fc^\xc0c\xe4%=`\xff\x7f\
\x08\x7f\xc5\xd8\x16\x0bG\x5c\xce\xff\x9e\x8c\xd3\x97|\xaf\
\x0cd\xc0\xfc7^\xfby\xae\xf4\xd5>l?\xa7I\
Y\xfb3k\xfe\xd3\x97\xde\x7fe\xed\xcf\xda\x9f\xb5?\
k\x7f\x9a\xda?\xdd0\xa7{\xc8\xc3\xfc\xfd\x87\x86\xfa\
\xabd,Bv\xfd'k\x7f\xd6\xfe\x94\xdb\x7f\x8fV\
\xf6_\xc2\x94\x0c\xb4\x7f\x0alS\x13\xdb\xbe\xc0\x10\xab\
\xf7\xfd\x0c\xb4\x7f\x81!\xa6\x90\xcbn \xb4i\xe5\x87\
\x09\xd7\x11F\xc4\xb1o!\xdd0\x02\xfb&\x0e\x1b\xde\
\x19}\x13q\xa1{\x1c\xde/\xef\xb2\xbc\xef[I7\
\xec\x82-zb\x9bK\xd17f\x19b\xc029\xb1\
\xad\xb7)\xbf\x0d\x8e\x03\xfc\xbd\xe1\xf7\x91\x89\x89m\xfc\
\x1d\xdb\xac\x8d\x0f\x17\xe2~\xf0^\x86\xc6\xc1\xb2MG\
a\xe3\x85\x0ecd.\xc6\x8a\x9f\x10v[\xe9\xb1\xbf\
\xd5\x8f\xfd\xb1\xbba\x13\xbf;\xce\x15\xd9\x94M\xe7\xfb\
|\xf7\xd4\xce\xa5%4#`Z\xf8\xffT\x9e\xef`\
\x1a\xe4\xa9C\xb0\xa3\xd0rM\xdb\xecf\x0b[l\x9a\
\xd7l\xd3@\x83Mst\xfd\x02\xb6V\xcd\xaeiK\
\xb0\xa5\x82\xc4F\xa3\x95y6_U\xc0\xa6\xd59\xdd\
iP\x806\x84\x88\x92\x95\xcd\xc1\xee\xb4\xa5\xc4\xa6m\
\x85\x11Z)\xe5:\xd0 \xf4\xf2D]\xda\xab\xfbK\
\xfaQR\xe9_\xe9o\xfdr\xf3w\x22*\x08s\xc4\
\xf9\xefD4\x8c\xea\xb3\xbf\x85\x0b:;;+\x88\xd6\
\x11\xfd\x91\x04\x1d'\x9c7\x94\xd5\xa1\xad\x1c\x1f\xf5/\
!\x99;\xf89\x87\xe89\x09\x9e\xef$\x9a7\x94q\
\x1bM\xf1\xc4\x22E\xd1\xbf\xca0OOf:\x1co\
<\x99\x83\xfe\x17\x91O\xd6\x12}\x9b\xe8a\x09:>\
F\xb4\x83\xc0s\x10\xa6\xc7P\xae\xf2\xe8\xf9H\x9d\xc8\
\x84\xcd\xa6\xc7\xb4\xf3o\xa3\xad\xa1~\xfe\x06H&\xef\
'\xbf\x9ah5\xc0\xd7d\x05\xd16\xe8\xff\x09\xd1\x06\
\x94K\x9ej-_\x05\x9eS\xd0\x9f\x9f/\x97s\x1d\
\x85\x97\xdb\x18\x9c\xa2\xdf5\xbf\xb7\x94\xdf\x138\xc1\xfb\
>\x5c\xd4\x99\x09^\x0bu\xa7\xf7\xe0\xb84\x83|u\
\x1c\xfe?A\xb4\xd6\xc5u\xac%|\x0c\xff\xb3\xfe3\
\xb2\xfa\xc7\xaf\xbf\xd6\x7fj]\xd4\xa9\xd5\xfa\xcf\x0c\x9f\
\xefS<\xd6\x94Q\xfe2\xa2\x11\xc8\xbcZ\x06\x9e\xbb\
\x88\x9e\x84\xffO\x11]\xecT\x17\xf92\xf0\x9c\x84\xff\
OBF\x99\x81W\xcf3\xcfE\xac\xa3\x83\xee<u\
\xe1=iMX\xfbx\xcd\x05Z\x94\xf7\x13\xe7p\x9c\
\x8c:\x0c\xdew\xbc\x1d\xef\x06\x03Z\x9f\xbc\x92\xd0\x0c\
\x9fD\x80|\x18\xbe\xb5T\x0a\x1e\xf5\xb8\xd3\xc4\xef&\
\xef\x81W\xd5\xebe\xd6Y\xb97=\x86\xfbw\x97~\
\x86:]4\x1c\x0e[N<^\xf3\x1e\xebI[\xce\
\x91\x0e\x8f\x11\x86\xd2\xe1\x8dt\xfc\x81r\xae\x95\xb0\x99\
\xb2k\x89>\xc0\x90y\xb5L?\x8e7\xef\x81w3\
\xeb\xa6\xf8\x98u\xfe\x16\x1d\xaeT\xe6\x1d\xef;\xc5i\
\xa4\xc9<x\x12t\x94\xa9\x91\xd7\xf9\x94\xeb\xb4\x9f\x7f\
\xef\xe9\xaa?\xc6\xa2\xfdR_\x02\xafQ\xaeS\xf4\xdf\
Ktd\x1a\xeb_\x06\x1d\xa5\xfe\xfc}\xa3u\xca\xf5\
\xe01jd\x1a\xf7\x9f2\xab\xfb\xf7\x1b\xd6\xc5\xf2?\
\x1ds\x8c3\xcf\x19CDCD\xbfC\xf8\x5c\x14\x1f\
UK~\xd4\x99F\xb4?\xda\xbfM)_\xa1RC\
\xbe\x91\xe8\x087\xfe\x8f\xa1\xfflm\xac{\x9a0,\
\x8a\xfe\x0d\xda\xd8\xb7\x89h>\xf4\xff\x8b\xc7\xf1\xb32\
\xd1\xfe\x835\x0055E[\x97g\x1fj\xfc\x1be\
\x1c6\xd1\xc5\xca\xdc\xc7M\xaa\xf4\xa1\xff\xcc\x82/\xe4\
=\xb6)\x86\xffWH~T\xd9\xa8\xf8\x7f\x08\xe5\xb9\
\xbd\xb3\xca\xfd\x97\xc7\xf2\x07Q\x8f\xfb\xcf\x0a\xe4\xfd\xea\
?\xbe\xe9/\x7fO\x84=\x9a\xcc%\x84\xdcd\x8c?\
~\xf6\x1f\x85\xe7r\xcb\xfe\x0e\x8b\x1ak\xbc\xc8\x8a\xfd\
\x1d\x97\x1e\xed?\x9a.\xcb\xa8\xfc\x84\xf2\x9b\xe5=\x1b\
\x13\xe3\xf1\xbfG\xfd\xb7\x11\x06Ei\xa3\xde\xa5\xfeC\
y\xde\xa8\xccg\xf8]\xc4?\x88\xe6$\xb9\xffxM\
\x1b\x9d\xf6\x81\xf0{1\xc2\xd3\x1a\xff\xda(\xeb@~\
\xf4\x9f\xae\xa4\x1e;\xe4\x1d\xfd\x0f\xd99t~\xbc\xf2\
\x0c\xcd\xf5\xdeG\x9b\x17$\xa9\xff\x84]\xce\xd7c\xea\
\xaf\xfef\x08\x9f*\xf2w\x9b\xf6m\xf8\xd4\x7f\xf8\x9b\
.\xab1\xce0B\x00\xe7\x97\x13^\x88r\xff\x1a\xc3\
\xef\xf0\x5c\xf6\xbbW\x08\xfd\x93\xd0\x7f\xb6\x13\x86D\xf1\
\xe5\xf2(\xf7\xaf\xcb)\xff\xa6\xd2W\x9c\xfa\x9d<?\
&\xcd\xe6\x0f^\xfc\xcf\xe9+\xe9:\xfe\xfb9\xff\xef\
\xed\xfa\xa7z\xfe\x90\xe2\xe7\x97Y\xda\xbb\x9a\x1d1\xfc\
\x1f\xd2\xde\xc3\xf4t\xff\xe1\xf8\xb8\x83<n\x10=@\
\xf4\xe1\x18\xe3\x0f\x7f[\xea-\x8c3<\xd6\xae\x8a\xf6\
\xbc\x96\x82\xfe\x93\x8f\xf9\xa2\xc4\x08\xa7\xbd`r\x8e\xaf\
\xf1\x17\xfb\xb5\x16\x17O\xff\xe9\x0d\xef\x1f\x14\xfd\xf71\
O\x9a\xeb\xbfO\xd1\x9f\xfd\xffK\xe5z\xf0\xf7\xef\xae\
H\xe3\xf7'W@G\x99X\xf7\xf9d\xc7i\x8c/\
\xbc\xfe\xfa8\xe1F\x8e\xd3\xd4\xd7\xe0\xd4\xb58\xc3\xda\
\x5c\x5cy\x97\xbc\xac\xcbd\xc2\x16\xe8\x18\x86\xce\xdf\xa3\
\xe3r~\x1eU\xe6\x8dg\x09GMk\xa0j\x99\x8b\
uRWy\x0f\xbcG\x95\xe7~\x0b:\x97#6\x8c\
\xc7\xbcS\xbd(\xe6\x8du\xfd\x81\xfa\xbcL\xb6\x5c\x8f\
\xe77^O>\x13k\xad?\x89\xf1\x03N\xf93\xac\
\x1b\xc7\xa7\xb2\xae\x0e\xbf\x0f^g\x9a\x86{\xd0\xddD\
#\x90yI\xc3\xe1p\xb7\xe3D\xf2\x1ex\xefd\xdd\
(?:\xf3\xe2\xc4\x886\x08\x91\x13\x8d6s\xcc\x16\
\xd1pa[(\x0a\x8d\xc4#\xe5\x09\x11\x89O\x0a \
n\xc9p\xf7\x8d\x04,\xb5D\xa1\x81\xb6R\x11\x9dV\
\x94\xd8\xb4\xb2\xd0\xa6U\x92\xe6\xb5DT\xa8\x0e\x80\xe6\
\xd84\xd8hS'yA\xcb\x0bu\xd0\xdb)I\x7f\
H\xffH\xbf\xf3\x03\x1aGg\xd5\xa8qZE\xbd\xaa\
\xff\x94#\x1e\xb5\x1d\xfb\xd4\xe3A;d\x94\xc7\xd1\xfe\
\x5c\x1f\xc7\xd5\xb9q\xfa\xe0V\x8c\xc7u\x84\x1d\x90\xc5\
c\xddB\x94\xabX\x88s\x16x\xebP~\xabO\xd7\
#\x04\xd9\xefD\xe1y\x07<\xa1$\xf4\x87F\x0f\xed\
7&\xa1\xfd\xa4\xdaOun'\xacG\xac\xbd\x0e^\
\xb7~\x1d\xb2?\xe1\xb5\x1f\x03\xcf&\x9c\xb3\xc0\xbb\xd9\
A\xd6\xa3\xfa\xf7_,\xfb\x1ba\xa9N/\xa0\xed\x85\
J\xd9?\x09\xcf\xf0zV\x92\xf0\x0c\xdaP\xf73\xfd\
\x09\xf9\xbf\xa5pl\xfb;\xda\xe4\xb6\x9fE~}\x0a\
\xdb_\x8f6\x9fU\xda\xdf\x90\xc2\xf67Dk\x1fq\
\x9d2\xfd\xc2P\xff\x16\xe5\xfc2\x94\xbd\x11\xa3\xbf]\
\xe6\xa1\xfdk\x95z\xab\x0c\xedOW\xce/AY}\
O\xb6o\xf8\x1d_\x9b\x80\xff\xe3m\x9f\xdf\xa9|\x84\
r\x8e\xe1\x1c\xe2C\xfb\xf7\x1b\xeaO5\xb5\x8fs\x13\
\x94s;}h?VZbZ\xc3S\xce/Ou\
\xfb2&@\xe1\x99\x90@\xfb<F}\x1b\xd7\x9cq\
3\xd6I\xf4\xfe\x7fK\x14\x1d?R\xf7\x8fyl\xff\
g\x06\xdbn\xf6\xd8>\xa7\x92d\xf7\x7f\x1f\xc7\xbf\x9e\
n_\x1d\x7fW\x1b\xea\xcfP\xce/MB\xfb\x83\xd1\
\xc6\x0c\xd3\xdc\xdd\xb2\xbf\xf1(\xcf\x8f\xf6\xbb\xfd\x14\xdf\
\xff\xe4:\xf3\x96\x14\xb6\xbf\x05mr\xdb?E\xfe3\
\xacs\xdeax\xb6\xf0\x0bw\xa0\x0d\xf9\xbf\x02\xf7\xe3\
Z\x9f\xe8\x81\xf9'\xb79\x18\xfe\xe0w\xff\x7f@Y\
\x22\xcf\x9bn\x9eG\xb9\x8d?r\x9b\xe9\xf2\x9e\xa6C\
\x88 #,D\xc8\xda\xfd\x9e%\xd1l\xef\xb3\x8b\xbc\
e)!\xdd%\x8a\x97\xd6\x14\xdb\x98K\xf99\x84\xc5\
\xed\xc5b\xe9\xd2bQ_Y,\xe4\xb9P\xbb\x0aY\
W\xb6\x1by\xfd\x83\xfdd\xc5\xc2\xdeS&\xdfS\xcc\
\x19\xe8\xe9\xbd\xfdx\xec?\xb9\x9a\xa9\x84<V\xcb)\
?\xde\xc3\xb7g8\xfe\xf9\xc3\xaeM\xd0\x9d\xdd\xb7z\
\xeb\xb1vJ\xbe\xd5\xcd\x1e\x1b\xe2\x0d\x84\xc3\xe1E\xbc\
'\x87\xe3e(\xcf\xfb|x\x1dm\x0d\xc7\x06\xd31\
\xc7\x08\xaf!z\x00{\x81\x98\x87y\xb9N\xc0\xe35\
\x1e\x85w\xd4\x1b\x0dz\xf0:(\x9f\x1b\x95@\x1f\xf2\
E>\xf1^\x0a\x9f\xfc\x98p\x1f\xe59\x16\xea>\xf8\
\x83}\xc01\xba\xcb\x94s\xcb\x88\xee\x87\x7f\x1eP\xf8\
\xf9<S\xde\x83p)t\xfc:\x7f\xcf\xc4p\xbd\xbc\
^_=\xcf2Y\xf6S\xd8\xab\xc5\xdf,\xe2\xffB\
\x9bD\xf9I\x88\x8d\xee\x96W\x8f\x9dx(\xcf2\xee\
\x86\xcc\xa7\x08\xbc\xbe\xf6!\xd9\x95\xef\xd7o\x9f\xd7\x8f\
!s\x0f\xd6\x1f[\x95\x98\x90/Q\x9e\xbf\xe91\x5c\
\xbb\xd6\xe3\xb0n3\x14\xb1^\xd7a\xbeP\x85=^\
U\xf2Z\xe3y\xa0\x15q\x85R~\x01\xcem\x87\x0f\
\x17h\xf2w\xc2\xbf\xbc\x1f\xe6\x06\x07\x9fo\x02oA\
\x14\xf9[\xc1?_\x93\xff\xa2\x94\x0f\x1fl\x82\xccf\
\xca_\xa3\xe9\xdf%\x1fh%_\x15\xa0\xdeV\xecw\
\x98\xa7\xf9\xf4E\xec\x85\x88\xc8'\x9a\xcb\xeb\xdd(\xfb\
\xae\xc6[\x00\x99\xd1\xf4\xdf\x86\xbdp!\xdc;[T\
\xfd\xc1{%\xf6\xe9p\xac\xd4\x17\x95r7\xfaw\xdb\
\xbb\xa1\x1c\xd7j\xba\xce\x03\xcf.\xc2\x00\x0f\xfa\xf3\x7f\
\xc8]\x83\xbe1\x01{fX\x0e\xef\x97+\x94\xf1]\
\xda\xf5m\xf4\xe3\xfar\x9c\x15\xd1{d\x1c\x17|\xc8\
q\xd47\xb9\xf0\xcf\x9fa\xef|\xcd\x0f/\x99\xfc\xe3\
\xf0\xfb\x8a\xe6\x9fM\xd8\xefx\xbb\xa6\xff\x0e\x5c\xcbi\
.\xc6]\x93\x7f\xe4\xef\xf7\xf3\x1c\xcfi\x885\xe3\xef\
v\x0c\xa2s\xfd\x5c\xc8\xcfW\xfc\xf3\x0a\xaf\xb3I\xff\
\xf84\xfe\x14@&\xc7\xc4=$\xe3\xe0\x11k\xd9\xb5\
\x8fF\xcf\xeb{l\x1c\xf8\xd7\xe0}\x9f\xdc\xcf1\x9c\
\xfb\x86\xdc#\xeb\xd3\xf8\xdf\x01\x99\xc3aO?\xb2e\
,\xf6\xaa^E\xf9\xab\x98\xeay\xf5\xd8\x89\x87\xf2,\
c\xac\xbcN\xed\xa2D\xb4\x89\xc2\x08\xc2U\xa1\x08\x1a\
\x94\x05\xb0\x12\x9aZ\x0dj\x1e`c'\xa3R\x14\xf5\
/\x16Ey\x03D\x91@\xf9\xee\xf6.\x94\x9c\x9f\x8a\
E\xe4\xf0<\xac\x08kFr\x1eV\x93\x9b\xfc\xb9\xa7\
\x9b\xe4F\x8e\x9b\xb2D\xea\xcb\xf7i\xf8.X\xbcI\
\xd6\x9d\x12\x87\xaf\xa6\xe8\xfe0\xe8h9\xf85\xa0\x96\
\xbb\xa8_\xaf\xf1y\xaa\x8f<\x8f\xf3M\xa6\xeb\x1d\xed\
\xfak\xfc\xfc\xbcTo\xaao\xd9\xdf\xea\xb2\x10\x078\
\x12\xf3&'\xfb/\x88R?(c\x04b\xf5\x19\xad\
~>\x0e\xc7\xe2\xb8\xd8m\xfd\x04\xaf\x7fB\xfd/\xf1\
\xdf\xac\x10-yB\x9c;Dx\xd7.\xe3\x87\xc7E\
+\x09\x8f\x10^\xa5\xe7\xb7\x0fh\xec\xa0\xe3Ia\x1b\
\xc1\x8e\xf3u\xff\x07di\xcbx\
\x00\x00\x10k\
\x89\
PNG\x0d\x0a\x1a\x0a\x00\x00\x00\x0dIHDR\x00\
\x00\x00L\x00\x00\x00L\x08\x06\x00\x00\x00\xc7\x97Q+\
\x00\x00\x00\x09pHYs\x00\x00\x0b\x13\x00\x00\x0b\x13\
\x01\x00\x9a\x9c\x18\x00\x00\x06IiTXtXML\
:com.adobe.xmp\x00\x00\
\x00\x00\x00<?xpacket beg\
in=\x22\xef\xbb\xbf\x22 id=\x22W5M\
0MpCehiHzreSzNTc\
zkc9d\x22?> <x:xmpm\
eta xmlns:x=\x22ado\
be:ns:meta/\x22 x:x\
mptk=\x22Adobe XMP \
Core 9.1-c002 79\
.b7c64cc, 2024/0\
7/16-07:59:40   \
     \x22> <rdf:RDF\
 xmlns:rdf=\x22http\
://www.w3.org/19\
99/02/22-rdf-syn\
tax-ns#\x22> <rdf:D\
escription rdf:a\
bout=\x22\x22 xmlns:xm\
p=\x22http://ns.ado\
be.com/xap/1.0/\x22\
 xmlns:dc=\x22http:\
//purl.org/dc/el\
ements/1.1/\x22 xml\
ns:photoshop=\x22ht\
tp://ns.adobe.co\
m/photoshop/1.0/\
\x22 xmlns:xmpMM=\x22h\
ttp://ns.adobe.c\
om/xap/1.0/mm/\x22 \
xmlns:stEvt=\x22htt\
p://ns.adobe.com\
/xap/1.0/sType/R\
esourceEvent#\x22 x\
mp:CreatorTool=\x22\
Adobe Photoshop \
26.1 (Windows)\x22 \
xmp:CreateDate=\x22\
2024-12-13T02:22\
:48+02:00\x22 xmp:M\
odifyDate=\x222024-\
12-13T02:27:43+0\
2:00\x22 xmp:Metada\
taDate=\x222024-12-\
13T02:27:43+02:0\
0\x22 dc:format=\x22im\
age/png\x22 photosh\
op:ColorMode=\x223\x22\
 xmpMM:InstanceI\
D=\x22xmp.iid:6650d\
2fc-d66a-014d-92\
96-aec78d1d27ca\x22\
 xmpMM:DocumentI\
D=\x22adobe:docid:p\
hotoshop:595f572\
a-27af-c640-936b\
-f1982710111a\x22 x\
mpMM:OriginalDoc\
umentID=\x22xmp.did\
:8464e26d-313f-2\
d41-92fe-989c936\
d36e1\x22> <photosh\
op:TextLayers> <\
rdf:Bag> <rdf:li\
 photoshop:Layer\
Name=\x22Hz\x22 photos\
hop:LayerText=\x22H\
z\x22/> </rdf:Bag> \
</photoshop:Text\
Layers> <xmpMM:H\
istory> <rdf:Seq\
> <rdf:li stEvt:\
action=\x22created\x22\
 stEvt:instanceI\
D=\x22xmp.iid:8464e\
26d-313f-2d41-92\
fe-989c936d36e1\x22\
 stEvt:when=\x22202\
4-12-13T02:22:48\
+02:00\x22 stEvt:so\
ftwareAgent=\x22Ado\
be Photoshop 26.\
1 (Windows)\x22/> <\
rdf:li stEvt:act\
ion=\x22saved\x22 stEv\
t:instanceID=\x22xm\
p.iid:6650d2fc-d\
66a-014d-9296-ae\
c78d1d27ca\x22 stEv\
t:when=\x222024-12-\
13T02:27:43+02:0\
0\x22 stEvt:softwar\
eAgent=\x22Adobe Ph\
otoshop 26.1 (Wi\
ndows)\x22 stEvt:ch\
anged=\x22/\x22/> </rd\
f:Seq> </xmpMM:H\
istory> </rdf:De\
scription> </rdf\
:RDF> </x:xmpmet\
a> <?xpacket end\
=\x22r\x22?>\x09nf\xb5\x00\x00\x09\xc8ID\
ATx\x9c\xed\x9c]\xa8\x1dW\x15\xc7\xffk\xce$\
6\xf7\xa6W\xd3&TL\xd2\x8f\x17\xa5(\xde&\x0a\
\xbe\x08\xbeH\x15TH\x1f\xda\xb7<\x95\x5chQI\
\xabh\xb5M\x1fJ\xfb\x98\xa6/\x82R\x89H\x91B\
\x8b\x18\x10,>\xf4\xcd>\x88\xa5i\xa1Z\x03\x81\x94\
$\xd0\xd64\xbd\xed\xbd&\x0dM\xee\xd9>\x9c\xf9X\
{}\xec\xd9s\xce$7\xc5\xbb\x0893{\xf6\xac\
=\xfbw\xfek\xed\xbdg\xe6\x5c\x0a!`\xc3\xf2\xad\
X\xef\x0b\xf8\xb4\xd9\x06\xb0\x9e\xb6\x01\xac\xa7\x11\x00\x1c\
}\xfe\xd8\xeer4:\x12\x02\xee\x06\xe1F\xaf\xb2\x9d\
\xef\x02tq\xa8\xff%\xca\x82<\xa4\xca*\xef\xe9\xb2\
\xa6\x5c\x94\x06\xe5\x11\xfcB\x83Q\xd6\x96\x07\xd6\x16V\
\x11\xf02a\xed\x91\x07\xef\xdf\x7f\x82\x8e>\x7fl\xf7\
hT\xbc\x0e\xd0MH\x9a\x0d\xe6S\x0dK\x5c\xa8\x84\
\xc5\xcb\x02\xb0L(\x16\x8br4:r\xd5a\xf9n\
\xf3`\xc1)3aY\xed\xcc\x06\x0b\x01\xa0\x80m\xc0\
\xf8p\x11\x02\xeev\xbac\xb5g6\xc6\xcbLX\x96\
\xba\x1c\x17\x93\x0f\x1b\x8cU\xa6a\x19\xea\x8a\xdd\xab\xc6\
-X\xf2\x0c\x00\xc0\x18\xdf)e\xce\xfa\xf9_\xbek\
4\xe5\x18\x01\xa0\x00\x14\x00Q\xa8\xf6\xdb2De\x93\
}\xe2u\xc4\xb1\xc8\xa7q\x8cx\x19X\x1d\xb0s\x80\
\xf8\x93\xfb\xe5\x9f\xd0\xc7H\x1d\x07~\xb1\xed\xa5f7\
PX(\xf3\xe9\xc4\x8e\x86\x01e\x80\x11@H@C\
\x12\x9a\x86\xa0\xea\xa2\xf2\xc9\xfb\xc2\x8e\xc5\xe5\xdc&~\
\xfb\x01c\x9d\xa2\xc2\x02\xc5;mt\xb8\x074\xb2\xa0\
X\xe0:\xa0\x91UWBi\xca\x9c\xe3u\xe8\x87>\
\xc0\x18\xa0\x16V\xf5\xa9Te(\xca\xa8\xe3\x87\x5c\x07\
\xa4\x84\xda(\x82\xe0\x84\xa9U.\xb7Q\xb7\x13\xa2\x14\
\xda\x0d\xcc\x0a\xbf\x84\xba\xc8)O\xa9\x8bT8:\xd0\
\xa4\x8ax\x88yjs\xa1q(\x1e0=\x0e\x08`\
\xe2pa\x84\x9f\xa3\xae\xbe\x8aJ\xaa)\xa5,\x19f\
9!*\xe1x\xaa\xaa\xcf\x07kC`\x89\x805\xd3\
\x07\x06\x86x\x22\x97\x10\x0a\xa7\xe3R\x81\x9d\xa0:\xa0\
E\x90:\x12=W\xa8\x07\xa7\x02C\xdeq\xbe/\xe6\
-\x0d\xb0f\xd9#U\x95P\x17Y*r\xc2\x90\x94\
\x0f\x07\x9a\x00\xa3\x00Kp\x11\x08/7\x098\x8e\xaa\
L`\x0cV@\xa5\xb0h\x8dX\xe7*KUQ\xf8\
\x19pR\xc9\xbf\x0b\x94\x07\xa9\x01\xe4@\xb3@x\x80\
x\xc8ZP\x9am\xe67\xb4\xb0\x00\xa0\x94\xd3x*\
\x82\xab*b\x80~\xbf\x7f3\xbe}\x97=f\xec<\
\xb4\xda\x0b\xd4\xf1\x07\x16\xb0cA\xdf89\xb7:\xc6\
\xde\xa3\xcbY\xe1g\x03r\x80Z\xc7\xe4v\xbd\xbf\xc6\
V\x13\x01(\xe5(\x80\x22\xa1*\xde\xf9\x84Q\xa4N\
\xb8\xa0\x22\x05zV\xfb0f\xf6m^\xe3\x1d\xce\x98\
J\xa8c\xd5\xf1h\xbfR\xfaZ|X\x8f\x92\x05\x5c\
U\xa9\x90s;i\xd4\x95\xa0\xb8_\xd7*\xb5\x83\x9d\
\xd7l\xd7\xbd\xea1\xd72\xf2\x15\xc9~\x08\x80|\x0e\
\x16%\xfdf\xf1\xc9:\xabT\xc5\x93~\xea.D\xe1\
\xab\x8b\xacr\xcf\xaa\xe3$\xeb\xe6&|\x01\xce\x5c\x12\
\xf1\xfar\x9bU\xd1K\xa3\x8aW\xdd\xd98\xb1;I\
\xdd\xb3\x11\xf2@\xf1N:\x16\xcd\x01\xb3\x16\xdc\x06 \
\xae\x1a3\x9f\x19\xc7\x1d\x9b\x00\x0bmb\xa3($\xd9\
\xb6,K\x19\x0fi\x0b\xb4\x9a\x9cv\xa85\x05\xc9S\
\xd14\xf9Ln7\xd7\xd5\x86g\xa9\xee)I@\x91\
\xc2\x04\x80\x8eN\xba\xd3\x0f\xb5\xed\xbbJ%\xfd\x08R\
.\xa0\x94\xea\xa2rv\x1cm.+\xd5\xcdA9\xff\
\xe2\xebDY\xe6\x18\xa5\xc2X\x844%\x93>\xda/\
\xae\xeeLU\x7f\xba\xf5\xa3\x1f\x92\xcd\xaeq=<\xf1\
\x1b\xa3\xa4T\x981\xf9\xcc\x0dIo\x0e\x06\xe8Dn\
Y\x0d\x9c\xdd\x89xrq\x1e\xfb\x17\xdd\xe74\xd9\xf6\
\xb3W\xde\xc7\x0b\xef^j\xdb\xe1m2\xcb\x18%\x11\
)\xccTK\x87\xc2R\xaaR7\x1c;\x92\xac\xb9\xfe\
\x1c\xc2\x9a/\x03\xb1\xaa\xf2FI\x16\xa7RY|*\
Q\x83\xea\x91\xf4\xa3\x91\xb2o\xfe\x02\xc4():7\
\x8bQ\x88\xfb!\xaf\xc3L\xfeU\xd2\x07\xd8\x9d\x0a\x99\
\xd8\xad\x9123\xe9kP\x88a\xc9\xfcc\xfab\xe7\
Y\x1d\x9b\xd2N~|E\xb4\xed\xf9\x0f\xd1V)\xca\
bU\x99\x03\x00\x9bS9v\xe6\x87\xdb\xa7\xed\x876\
\x95\xf4gw\xf9\xdc\x89\x0f\xf1\xda\x85\xcb\xf1s\xff\xa4\
\xc2\xd8(\xa9\x9e.\x15\x12\x10t\x98\x0e\x15\x169\xc6\
\x92>\x08x\xec\xadU\x1czkE\x8f\x8cL\x81K\
\xbb\xe6\xf0\xcb\xaf\xddl\xba\xfb\xe7\xf9K8tr\x85\
\xe5/Q\x81\x00\xb2\xe6\x85\xf5(\x19d)\x9f\xb8\x8a\
Ou\xff\xebj\x1b\x85\xa6=\x92ai\x85)\x01{\
\xb7\x968\xf8\xd5m\xa6\xbb\x8b\x97\xc78\xf4\xe6\x07\xf1\
H\x8d\xf6\xdc\xb8\xedv\x93\x07e\xa9\x8a\x95\xc2\x8c\xf9\
\xd7\x90\xa3U\x87\x99_Rb\xdd\xf8\xf4\xd7o\xc6\xdc\
&\xfb\x1d\x9bg\xfe\xf5\x01\x8e_\xbc<\xf1\x09~\x9e\
\xbf\x1f\xe2\xff\xe2Q29\xadPS\x8ak\x14\x96\xd1\
\x82\x1f:\x14\xd9d\xf4\x99/\x7f\x0e\xb7/l6\xdd\
\x1c{{\x05\xcf\xbes\xc1\xcf[2\xcd\xd4\xc7\xe2\x89\
X;JF\x8bokZa\xad/\xaf\x85\xc9\xa4\x0f\
\x98\x0a[\xda9\x87}w,\x98.\xde^\xfd\x04\x0f\
\x9dX\x16y\xcb\x19\x15\x13\xa3$\xc0F\xc9\xa6\xb8\x86\
\xe5\x8c\x909\xf9\xeb\xd6\xdf\xbd\xa7s\x8f9\x07\x9bl\
\xbf\xfa\xfd[\xb0c\xcey\xe2\x17\xcd\xd7\xec\x11s\xef\
\xd6\x12\x07\xbfb\xbfOs\xf1\xca\x18\x0f\xbfq.\xbe\
\xaf\xc6}[\xdb\x809\xb0\x05=J\x06\x0d\xcb\x98\x84\
R\xc6\xc45\xf7\x89\xb7\xba\x81\x17]4\xd4(\xc9;\
W'\xed\xa7\xf7l\xc7\x5c\xe9\xe4\xad\x7f\x9f\xc7\xf1K\
\x97\xf5\x17\xcd\xe7_)pm-\x00\x81\x8f\x92\x93-\
\xe27\xff\xd4,_\x80\xf0\xfa)\xe18kJ\xca\x19\
<\x8c\xdb9\xc4:y\xe4\xcem\xb8\xfdF'o\x9d\
\xfe\x08\xcf\xbewA\x0f\x18\x8do\xd8\xdbb\x9f\xa71\
\x1d\x07\xde\x1c\x8c\xc4\x22<e\x1d\x0f>\xcc'\xdd\x9e\
\xb1\x90$\x11\x92\x07\xbe0\x8f}\xb79y\xeb\xbf\x9f\
\xe0\xa1\x93\xcbz\xc0\xe0~\xc56I\xb5!k\x94\xd4\
\xcah_\x11\xc8\xech\xa4J\xf8\xa0\xb2\x9e\x0f\xb0\x8e\
0X{\xe6J\x1c\xbc\xd3\x7f\x0f\xf0\xe17\xff\xa3\xd5\
\x89x;k\x1e\x96\x1a%\x9b\x8a\xfc\xc5\x13+\xe1O\
\xa10\x13\xbau\xa1\xf2\xbaUHVykq\x87\x9b\
\xb7\x9e;\xb5<\xc9[b6/\x15\xda6bm\x07\
\xf19\xb1h-\x19M+\xea\xe4\xce\x95\xd0Ga\x12\
\xba\x19\xa2-\x80\xa4/\x11VG\xbe\xe8\xe7\xad\xbf\xbf\
\x7f\x01\x8f\x9f\xfe\xb0\x81e\xaaH\x01\xea\x08Yf\xed\
\xab\x02\xf5\xffY\xb0BZ\x18\xf2\x16\xb5L\xfc\x00\xb2\
sX\xf4\x98\x0d8\xf0\xf9y\xec\xbb\xf5\xb3n\xf5o\
l\x9f\xc7\xa9o\xdd\xd1\xe1\x14\xf8\xd5\xa9s8\xfc\xee\
J\xeb\x9b\x9b7R\x86\xc0\xa7\x15\xed\x85\x91\x1a\x1d\x11\
u\xbcs\x01\x1e\xf9\x00\x5cUe\xe5\xc2\xb6\xce\x9e\xf9\
\x12\x07\xbfd/\xaa\xa727-\x18\xc9\xbf\xba\xffU\
F\xb0`\xc1\x8a\x15\x96s\xb7\xc2\x87\x15\x14\x84\xce{\
\xfa\xec\xdc{n\x99w\xf3Vok\xae!1\xb5\xa9\
\xca\xf9\xbb'\xf1\xb4\x22 \x0fV\xd7-j\x19\x82\xfc\
\xc2d^\xeb\xb2\x22S\x8d}M~\xf1\xa4\x0f\x03P\
o\x90\x1b\xa3d\x02V\xe6\xbb\x15\x0aV\xea\x01H\x97\
\xaf\xa1AI\xdf\xf5G\xd4Fp\xb6\x01\xfa\xed\x1f\xfe\
\xd8De\x00\xf0\xc4\xc7\xdf\xec\x80e\xcc\xafrC\xb0\
V\x16`\xd7\x81(C\xe2<^\x17\xa2\xac\xe9\x9d\x90\
\x87\x09(1\x17\x03\xf0\xa3\x7f\xfc-\xda\x17\x8b\xef0\
;,\xfe$\xc6\x0aAo\xa4\xb4\x06\x03\x02\x08\xd6y\
)P\x22\xd4S\x90,\xe5v\xa8\xb9\x94\x8f\x91\xb2a\
\x15\x02\x82\x04\xc7:\xae`\x19\x0a\xb2\x94\xa6'\xad\xc2\
\xb7\x84`\xa8\x8c\xba \xa9\xfd\xf4 4y\x03Q\xca\
\xb2\x0f\xacT\xbe\xb2\x14\xa2\x94\x96\x13\xb6\xa2\x1e\xef\xa8\
\x91\xb8[5eLH-@\x09\x95\x95\xeaw=\xa9\
\xe7\x91}aY\xcb\x1a\xaf>\xc49V\xd8B\x94\x8b\
\x0eF\xa0\xfa@\xeaR\x1d35\xad\x88\x17\xc8\xb9\xb0\
:\xf2UW\x08z\xaa2'\xb8:\xf4(GM9\
\x0b\xed\xda\x7fUfq+\xe3zA@b\x17>+\
\xac\xae\x10\xecT\x95\x01\x8a\x83\xb0@eAJ\x002\
\x88\xe9\xc5\xb7\x80\xa4\xef6\xcc\x00K(M\xd7\x17\x00\
d\xc7S\xa1\x97\xa3&\xa1\xd2\x88\x87%'\x13X\x03\
\xab\xda\x10\x8bl\x10\xf4B|\x16X]!\x98P\x95\
\x09\x8aw,yg\x22\x03\x12\x0fm\xc7\xca\x80\xb0\x0a\
\xb4\xbf\x99|l\xfcJ\x13\x9e\xd1\xa9W\xe1g\xc1\xc2\
\x99\xbcW\x17_\x83\xd8\x08FY|I\xe2\xda\x8c\xdf\
\xab\xf7\xfe\x9b\x1d\x01\x1f\x15@xY\x14B\xc3\xb2N\
\x1e\x12\x96\xd5\x84:\x09\x9d\xb0\xbc-\xe3\xfa\xa7\xfa\x03\
'\x01\x7f-F\xc0#\x08X\xe6\xde5,C]\xd6\
\xa5e\x80\xb1a\xf1$j6\x8d,X\x16\x1d\xa3l\
:V\xe1\xfch\xf3\xdaO\x8a\xfb\xf7\xdfw\xa2\xdct\
e\x91\x02^D\x08+Y\xb0\xac\x16\xb3Td\xe9\xc8\
\x82e\x85\xa7\xdf\xa0\x07+d\x96\xa5[\x09+\x18\xe3\
\x85\xb2\x1c\xdf\xf5\xe3\x03\x07\xceZc\xc35\xb1\x1f\xdc\
s\xef\x14\xdfsk\x7f\xfe\xd3\x8b\xebr\xed\xd3\xfd\xe6\
{\x00\xdb2\xb7u\xbd\x9a\x9e\xc9\xd6\x0f\xd8\xfc\x06\xb0\
^v\xc3\x96\xf9\xf5jz&[7`\x9f\xd9r\xc3\
z5=\x93\xad\x1b\xb0r\x93\xfd\x5c\xf1z\xb7\xc1F\
\x9a\x9f>\xfe\xd4\xf7\xc6\x81~\x03`\xe7P>\x87\xb0\
\x10\xc2\xd9\xa2\xc0\xd2\xe1'\x1e}\xa9\xbbv\xb7\x0d\xf4\
\xcc\x0aX\x1b\xe3\xd7\xb8\xce`\x01\x00\x11\xed\xaa\xbe\xc8\
Al0`D\xb4k(_C\x1b\x01\xbb\x87\xf25\
\x18\xb0\xff\x17\xdb\x00\xd6\xd36\x80\xf5\xb4\xc1\x80\x85\x10\
\xce\x0e\xe5kh\x0b\xc0\x99\xa1|\x0d\x06\xac(\xb0t\
=B\x0b\xc0\x19\x04Z\x1a\xca\x1fm\xfc\xa5\xe0~\xb6\
\x91\xc3z\xda\xff\x00\x1f\x9e\xe98\xf506K\x00\x00\
\x00\x00IEND\xaeB`\x82\
\x00\x00\x01\xd2\
\x89\
PNG\x0d\x0a\x1a\x0a\x00\x00\x00\x0dIHDR\x00\
\x00\x00`\x00\x00\x00`\x08\x06\x00\x00\x00\xe2\x98w8\
\x00\x00\x00\x09pHYs\x00\x00\x0b\x13\x00\x00\x0b\x13\
\x01\x00\x9a\x9c\x18\x00\x00\x01\x84IDATx\x9c\xed\
\xdcMN\xc2P\x18F\xe1\xc6\x19\x0e\xc5\xbd\x88{\x10\
\x5c\x12q\x0b\xfeD\x16%\xba\x13T\x02\xce\xcc1$\
\x1d )\x96\x81\xb7/\xa1\xe7\x19\x934\xfdNsK\
\x9a\xdc[U\x92$I\x92$I\x92$I\x92v\x00\
\x97\xc0\x1d\xf0\x0a\xac\xe8\xaf\x150\xafg1\xec\xe4A\
\x01n\x81\x8f\xf4\x9d\x1f\xa1w`\xd2\xc5\xf0\xbf\xd3w\
z\xc46\xb3\x19\x97\x5cv|\xf2\xdb-\x8a,G\xf5\
:\xa7\xc3LK\x04x;\xf0\xe2\x82y\x89\x00\xcb=\
\x93\xbd\xaaz\x0a\x18\xed\x99\xc9g\x89\x8b5\xaaz\x8e\
\xae\xe6b\x80f\x06\x083@\x98\x01\xc2\x0c\x10f\x80\
0\x03\x84\x19 \xcc\x00a\x06\x083@\x98\x01\xc2\x0c\
\x10f\x800\x03\x84\x19 \xcc\x00a\x06\x083@\x98\
\x01\xc2\x0c\x10f\x800\x03\x84\x19 \xcc\x00a\x06\x08\
3@\x98\x01\xc2\x0c\x10f\x800\x03\x84\x19 \xcc\x00\
a\x06\x083@\x98\x01\xc2\x0c\xd0\xa3\x00\xfb\xb6\xa9\x8e\
\xaa\x9e\x02\xae\xbb\xdc\xa6\xeaF\xed\xf0Fm\x8f*\x08\
\x1fU0\xac\x8fdQ\xfba\x1d\x17\xff\x1e\xa0\x8e0\
\xf1\xb8\x9a\xd6\xe3jn\x8a\x0c\x7f+\xc2\xb8\xae\xac\xdf\
\x16\xc5\x87\xbf\xb3\x1cM\x81\x97?\xfe\x1d\xf5\xc1\xb2\x9e\
\xc1\xb4\xd8\xb2#I\x92t\xda\x80s\xe0\xc9\xa3)\x8b\
\xda|Ix\x04\x06M\x01fe\xaf\xad-\xb3\xdd\xe1\
\x9f\x01_\xdb\xbfPQ\xeb\xcd\xcc\x0dp,\x01\x5c\x82\
:\xf7\xdc\xf4\x0e\x18\x00\x0f~r.\xfe\xc1\xee\xbe\xf1\
%,I\x92$I\x92$I\xd5)\xfb\x01K\xbf\xe1\
\x9bB\xb3\xb4\x0a\x00\x00\x00\x00IEND\xaeB`\
\x82\
\x00\x00\x05\xae\
\x89\
PNG\x0d\x0a\x1a\x0a\x00\x00\x00\x0dIHDR\x00\
\x00\x00`\x00\x00\x00`\x08\x06\x00\x00\x00\xe2\x98w8\
\x00\x00\x00\x09pHYs\x00\x00\x0b\x13\x00\x00\x0b\x13\
\x01\x00\x9a\x9c\x18\x00\x00\x05`IDATx\x9c\xed\
\x9dKh^E\x14\xc7'\xa0\xad\xb1\xad\xda\xfa\xb6T\
\x8d.#\x0a\x0a6>*\xd8V\xa4\x82+\x15|P\
7\xba\x13\xba\xb2h\xbe\x1a\xea\x03\x1b\x97\x05\x1b\x15\xa5\
\x82\xed\xa2>\x10*\x04mmqYP\xac\xba(v\
!}iL|\xf5!X\x17F\xbf\x9f\x1c\xbe\xf9\xe0\
\xe3\xe3\xce\xdc\x9bf\xee\xbdsg\xe6\x07\x81\x90\xc5\x9c\
3\xff\x99\xdc\x99;s\xce\xb9J%\x12\x89D\x22\x91\
H$\x12\x89D\xc0\x00\xd7\x02O\x02o\x01_\x00?\
\x02\xa7\xe8p\x16\xf8\x1d\xf8\x06\xf8\x00\x18\x05\xee\x04\xce\
\xab\xdb\xefF\x03\x5c\x04l\x00\xbe\xe2\xdc\xf8\x03x\x03\
\xb8\xad\xee\xbe4\x0a\xe0b`\x0bp\x06w|\x0e\xdc\
Qw\xdf\xbc\x07x\x0c\x98\xa1\x1c\xda\xc0\xbb\xc0\xb2\xba\
\xfb\xe9\x1d\xc0 \xf06\xd5\xf0\x13pw\xdd}\xf6\x06\
\xe0*\xe0[\xaa\xe5_\xe0)\x15;\xc0\x10p\xa4\xa0\
hG\x81\xad\xc0\xc3\xc0\x08\xb0\x02X\x08\x5c\x0e\x0c\x03\
k\x81\x8d\xc0^`\xb6\xe0#i\x83\x8a\x5c\xfc\xe3\x05\
D\xfa\x04\xb8\x07\x18\x98C\xdbW\x00cz{\x9a\xd7\
\xfez\x15\x1b\x14\x13\xff\x10\xb0j\x9ev\x96\x02\xdb\xb4\
\xd0&\xfe\x01\xeeR\xb1@1\xf1e\xb72\xe8\xd0\xe6\
\xba\x9e\x17\xb7,ND\xb1;\xa2\x98\xf8/\x95d[\
\xd6\x89)\x8b\xdd\xed*d(&~\xabd\x1f\x86-\
\xff\x09\xff\x01+U\xc0g9Gs\xc4\x7f\xa1\x22_\
\xd6Y\xd6\x84=*4\xf0`\xe6g\xf8$\x0b\xb3\x89\
[U(\xe0\xa1\xf8=\xbb#9\xac\xcbbB\x85\x00\
p\x8d\x8f\xe2\xf7\xf8\xb7\xd9\xe0\xd3oA\x1ce\x03\x1f\
\xfb*\xbe\xf6\xefJ\xcb\x1b\xf3\x88j:\xc0i_\xc5\
\xef\x02\xec3\xf8\xf7\x9cj:\xc0a\x9f\xc5\x17\x80\xe7\
\x0d>\xeeRM\x07x\xb4o\xbb'\xbf\x8f*\x8f\x00\
\xd6\x18\x06\xe0\xa0\x0a\x01:\x1d|O\xff\xacQ\x9e\x01\
\x5cg\x18\x80_\xea\xf6-\x0a\x80\xc5\x86\x018[\xb7\
oQ\x00,0\x0c\xc0l\xdd\xbeE\x01\xb0\xcc0\x00\
\xa7\xeb\xf6\xcd\xb7Y:\x0eL\xeb\x0b\xfb\xd7\xe4o\x8e\
\xda\xbe\xd90\x00\xc7\x5c\xb4\xdfx\xe8\x5c9Nf\x08\
4\xeep\xa7\x96\xc5~\x15;\x98\xc5\x17~vdc\
\x22\xe8\xf3\xa0y>v\xe4.\xd8\xc4\x94\x03\x1b\x03\x96\
\xb3\xaa\xc7U\xac`\x9f\xf9]^u`\xe7^C\xdb\
\xf2\xc2\xb8\x5c\xc5\x08\xc5\xc4\x9ft\xb1\x08\x03\x9f\x19\xda\
?\xa0b\x84\xe2\xe2/t`k\xb5\xc5\xc63*6\
\xa8V\xfcE\x96\x83\xc2\x93\xc0\x127\xbd\x9a\x9f\x93\xcb\
\x81\xdd:\xf6\xfe\x18\xf0t \xe2\x0f\x00;,v^\
t\xd3\xabr\xae\x11\x1fl\xb2\xf8\x02\xf0rN\xd0\xee\
b\xe5\xf1\x1d\xee\x87\x0d\x17\xbf\x95c\xeb!\x17v\xca\
\x0c\x1d\xd9U\xe1>\x1f\xbdK\xb9\xc0\x91=\x09\xda\xb5\
\xf1\x8e\x0b;eG/\xdc\x1f\xe8\xcc\xff\x1a\xb8\xd0\x85\
\xad2\xc5\xdf\x14\xa8\xf8?H$\xb5\x0b[eF\xac\
\x8d\x05\xfa\xd89\x01\xdc\xe0\xc2\xd6\xb9:\x98\xc4\xaf\x8b\
$>i\xe6\xc7\xfa\xd8\xb9\xba@NV\xab\xa1\x0b\xee\
h\x8e-\xd9h\x5c\xef\xc2\xd6|\x22\x00\xbe\x0bT\xfc\
\xfbr\xd2\x90\xea\x15_;)\xb19\xa5\xc7\xe7S\xf1\
nG\xdb\xdc\xe9\xedc\xa7'\x03=\xb8\x99\xdf\xc5r\
\xc0&3\x7fHyP{a\xa6\xec\x9c,j\x12\xbf\
'\x02\xaf\xed\x9d\xf8\xda9)|Qjb\x1a5\x8a\
\xdf\x17\xe1\xf0\xbd\xce\x01\xfbH\xf2\x13\xca\xb25\xd7\x92\
/g,y\xb8\x83!\x88\xef-\xba\xdeN\x16m\x17\
\x05+H\xe2\xe7\x0ad*v\xb4\xdb\xd1ng2\xcd\
|\xfbY\x8f\x89U\x0e\xda\x1fO\xe2\xdb\x05\x92\x1ak\
Y\x1c\x99K\xe1\x0bK\xfb3U\xed\xf3\x1b\x09\xf0\xa6\
A\x9c\xad\x8e\xda\x9f6\xb4\x1f\xe7\x82\xdb\x8f\xae.\x98\
\xc5#\x8e\xda\x1fO\xe2\xdb\x05\x92W\xf0,nw4\
\x00\x0bt\xa8\xf8\xb4\xfe\xd9\xe2*l<\x08\x80?\x0d\
\x03\xb0\xa2n\xdf\xa2\xc0\x92\x84\x1c\xf7\xe2X\x15\xc0\xdf\
\x86\x01\xb8Ly\x08\xb0\x12x\x05xV\xb2\xd8U\xd3\
\x01~5\x0c\xc0M\xca3\xe8$LK\xbd\x9e.R\
\xeb\xedF\xd5d,\xa5 \xd7*\x8f\x006\x19\xfc\xdc\
\xa9\x9a\x8c.d\x9d\xc5F\xe5\xbf\xf8\xc2\x97\xaa\xc9X\
\xeeH\xf7*\xff\xc5\x17\xb6\xa9&\xa3K\xb8g1[\
k4\x98*$\xfeq_7\x0b\x85\x01\xce\xb7T\x85\
\x1a\xf3\x5c\xfc!\x15\x02\xba~~\x16\xb2\xcb\xb8\xa4\x06\
\x7fZ\xd1\x88/\xc8\xc7\x0b,\x9d}\xbdb_ZQ\
\x89_\xa0*T\xbb\x8c\xac\x97FF\xac\x95\x89|9\
\xc2\x12\xb4$\x17\xd8\xc3%\xdboE9\xf3{\xd1\xb5\
\x98ML\x951\x08t\x12\xe2l9Yq\x88/\x00\
\x97\xea/\x0fa\xf9Ox\xc0\xa1\xbdE9\xd9\x88\xf1\
\x88\xdfEJ\xb4\xebR\xed&\xda\xbax\xc5R\x07I\
\xd0\x87\x93\xf8\xd9\xe2\xac\xcf\x09bE\xbf;l\x9e\xcb\
\x89$\x9d\xc7\x8d\xd4^\xf84\xa7\xed\xf8f\xbe!V\
(o\x10\xba\xdfY\xd9\xa7O*W\xeb(\x8b%R\
U\x96N\xa5\xa9[t4\xda\x84\xe5\xf6-+  \
^\xf1\xfb\x22&l\x8f\xa328\x18\xc49\xbf+\xe4\
n\xb8@\x82\x9e+v\xc8\xc2\x5cw\x9f\xbdC?J\
\xb6\xf7]\x86\xb8d\xcaU\x14F\xd0\xe8\xeb\xc0=\x0e\
\x85?)\x85/j\xaf\xbd\xd04\xe4\xe3\x05\xfa\xe3\x06\
y\x9f\x7f\xcaB\x16\xf6\x03Ro\xc7\x8b\x92/MF\
\xeftF\xf4\x0e\xe8}\xbd\x80\xca\x1d\xf3_Z\xe8S\
z\xfd\xd8\xafwAOx\x11\x8f\x9fH$\x12\x89D\
\x22\x91H$\x12\xaa<\xfe\x07gpJ\x83X\xf0\xcd\
\xea\x00\x00\x00\x00IEND\xaeB`\x82\
\x00\x00\x11\x0a\
\x89\
PNG\x0d\x0a\x1a\x0a\x00\x00\x00\x0dIHDR\x00\
\x00\x00\x90\x00\x00\x00\x90\x08\x06\x00\x00\x00\xe7F\xe2\xb8\
\x00\x00\x00\x09pHYs\x00\x00\x0b\x13\x00\x00\x0b\x13\
\x01\x00\x9a\x9c\x18\x00\x00\x05\xc9iTXtXML\
:com.adobe.xmp\x00\x00\
\x00\x00\x00<?xpacket beg\
in=\x22\xef\xbb\xbf\x22 id=\x22W5M\
0MpCehiHzreSzNTc\
zkc9d\x22?> <x:xmpm\
eta xmlns:x=\x22ado\
be:ns:meta/\x22 x:x\
mptk=\x22Adobe XMP \
Core 9.1-c002 79\
.b7c64cc, 2024/0\
7/16-07:59:40   \
     \x22> <rdf:RDF\
 xmlns:rdf=\x22http\
://www.w3.org/19\
99/02/22-rdf-syn\
tax-ns#\x22> <rdf:D\
escription rdf:a\
bout=\x22\x22 xmlns:xm\
p=\x22http://ns.ado\
be.com/xap/1.0/\x22\
 xmlns:dc=\x22http:\
//purl.org/dc/el\
ements/1.1/\x22 xml\
ns:photoshop=\x22ht\
tp://ns.adobe.co\
m/photoshop/1.0/\
\x22 xmlns:xmpMM=\x22h\
ttp://ns.adobe.c\
om/xap/1.0/mm/\x22 \
xmlns:stEvt=\x22htt\
p://ns.adobe.com\
/xap/1.0/sType/R\
esourceEvent#\x22 x\
mp:CreatorTool=\x22\
Adobe Photoshop \
26.1 (Windows)\x22 \
xmp:CreateDate=\x22\
2025-02-25T21:40\
:52+02:00\x22 xmp:M\
odifyDate=\x222025-\
04-03T01:23:54+0\
3:00\x22 xmp:Metada\
taDate=\x222025-04-\
03T01:23:54+03:0\
0\x22 dc:format=\x22im\
age/png\x22 photosh\
op:ColorMode=\x223\x22\
 xmpMM:InstanceI\
D=\x22xmp.iid:e22f3\
dce-be00-f143-86\
fd-90fba8e4ddd5\x22\
 xmpMM:DocumentI\
D=\x22adobe:docid:p\
hotoshop:11570c6\
a-5404-5840-bac4\
-bb1e590cb004\x22 x\
mpMM:OriginalDoc\
umentID=\x22xmp.did\
:9aaaae9b-f7be-e\
c4a-9144-8a316f0\
9ef2d\x22> <xmpMM:H\
istory> <rdf:Seq\
> <rdf:li stEvt:\
action=\x22created\x22\
 stEvt:instanceI\
D=\x22xmp.iid:9aaaa\
e9b-f7be-ec4a-91\
44-8a316f09ef2d\x22\
 stEvt:when=\x22202\
5-02-25T21:40:52\
+02:00\x22 stEvt:so\
ftwareAgent=\x22Ado\
be Photoshop 26.\
1 (Windows)\x22/> <\
rdf:li stEvt:act\
ion=\x22saved\x22 stEv\
t:instanceID=\x22xm\
p.iid:e22f3dce-b\
e00-f143-86fd-90\
fba8e4ddd5\x22 stEv\
t:when=\x222025-04-\
03T01:23:54+03:0\
0\x22 stEvt:softwar\
eAgent=\x22Adobe Ph\
otoshop 26.1 (Wi\
ndows)\x22 stEvt:ch\
anged=\x22/\x22/> </rd\
f:Seq> </xmpMM:H\
istory> </rdf:De\
scription> </rdf\
:RDF> </x:xmpmet\
a> <?xpacket end\
=\x22r\x22?>k\x90\xe1O\x00\x00\x0a\xe7ID\
ATx\x9c\xed\x9dm\x8c]E\x19\xc7\x7fw_\x8a\
\xbbm\xda.E\xb4\xa5\x08T\x10tm\xa2T|I\
\xaa\x11+b)\x9a\x18_\xa2Q\xb1\xb1\x92\xa0\x12?\
\x18\xbf\xa9\x891H$\x15\x89\xd8FMH\x8c\xc1\x88\
/_\x84\xa8\xa8\xb8\x85\xd0\xaa\x05\xbbA\x14\xa9\xb5\xd0\
\xa5\x80\xb5U\xe3\x16\xb7\xb2\xdb\xa5\xbb\xd7\x0f\xcf\xb9\xdd\
\xde\xdd\xbb\xf7\xce\x9c\x9993\xe7\x9e\xe7\x97L \xed\
\xf4<\xcf\x99\xf3\xbf\xf3\xfa\xccL\xad^\xaf\xa3(y\
\xe9\x89\xed\x80RnT@\x8a\x13* \xc5\x09\x15\x90\
\xe2\x84\x0aHqB\x05\xa48\xa1\x02R\x9cP\x01)\
N\xa8\x80\x14'T@\x8a\x13}6\x99k\xb5Z(\
?ReI\xf6\xdf\xe9\xa8^\x14\x8c\xcd\xf2\x96\xd6@\
\xad\xd9\x0c<\x0cLei/puT\x8fR\xa5^\
\xaf\x1b\xa7\x8a\xb0\x0d\x98\x05\xea\xf3\xd2\x0c\xb05\x9e[\
\xc5a\xa5\x09\x15P\x13\xe7\x02'X(\x9eF\x9a\x00\
\xce\x89\xe6]A\xd8hB\x9b\xb0f\xb6\x00K\xdb\xfc\
\xfd\xb2,\x8f\x92\xa1\x02jf\xadA\x9e\x97\x05\xf7\xa2\
D\xa8\x80\x9a\xe9\xf5\x94\xa72\xa8\x80\x14'T@\x8a\
\x13* \xc5\x09\x15\x90\xe2\x84\x0aHqB\x05\xa48\
\xa1\x02R\x9cP\x015s\xcaS\x9e\xca\xa0\x02j\xe6\
i\x83<\x87\x83{Q\x22j6\x8b\xa4\x15\x88\x07\x1a\
\x02\x9ea\xf1\xf5\xb0\x13\xc0\xf9\xc0\xf1\xa2\x1c\x8aAY\
\xe2\x81^\x0d\xec\x04v\x01\xf7\x00\x9f\x00\xfa#\xfa\x03\
0\x0e\xdc\x80\x84s\xccg&\xfb\xbb\xe3E:\xd4\x82\
~\xe0z\xe0n\xa4\xecv\x02\xeb\xa3y\x13)\x9cc\
\x1b\xd2\x97\x98\x1f.\xb1\x07\xa9\x05b\xb3\x09\xf1e:\
K\xbb\xb3?\x8b\xcd\x10\xf0[\x16\x96\xdb\x0bH\x99z\
!\xf5x\xa0a\xe4\x85\x17\x8b\xb9\xd9G\x1a\x22\x02\x09\
\xf9\xb5\x0a\xfb\x0d\xc8\x10R6\x8b\x95\xdb4\x9ej\xa2\
\xd4\x05\xb4\x83\xc5\x0b\xa1\x91\x1e\x01V\xf92\xd8\x05\xac\
DBl;\x95\xdb\xed>\x8c\xa5.\xa0\x07\xe8\x5c\x10\
\xa9\xd5D1\xe9T\xf3\x9c\x99\xee\xf7a0\xf5\x88\xc4\
q\xc3|\x1b\x80\xfb\xa8\xb6\x88\x86\x902\xd8`\x98\xdf\
\xb4l\xfd\x11\xa1\x06\xda\x8a\xd9\xaf\xa9\xea5\x91M\xcd\
\xd3H\xd7\xf90\x9cz\x13\xd6\x8bT\xb5*\xa2\xc5\xc9\
#\x9e]x\x8a\x96L]@\x90\xaf\x80F\x80\xae\x9f\
\xc9D\xdeq\x17\x11\x7f`e\x10\x10\xe4\x13Q\x15v\
D\xbc\x8b\xc8\xb5s\xea\x9d\xe8\x06\xe3\xc0U\xc0\xa8\xc5\
\xbfy[ _R\xc2\xe6\x1dG\x912,\xbe\xf3\x9c\
\x11{\x92\xac!\x22\xd3\x91\xc6Y\x01|X\x0bl\x04\
^\x05\xbc\x22K+\x90_ucM\xec\x7f\x88\xaf\xcf\
\x01\x7f\x03\x0e\x00\xfb\x91\x19\xea\xbf{\xf6\xc7\xf4\x1d\xa3\
\x8b\x07\x88\xda\x84\x9d\x89is\xb6\xd5\x83\xad\x1e\xe4W\
\xfemD\x086\xcdE\xabt\x00\xf8\x16p%~\xd6\
\x16?n`3\xe8\xa0\xa2,}\xa0\xf9t\x12\xd1!\
`\xc0\xe1\xf9\xe7\x01_AB6:\x0a\xa3\xa7\xa7\xa7\
\xde\xdb\xdbk+\xa6\xc3\xc0M\xc0\x1a\x07?\x07\x80\xb1\
66\x82\x8fH\xcb* \x90\x82\x19\xa1\xb5x\x86s\
>\xf3\x22\xa4\xb6\x99j\xf1\xdc\x05\xa9V\xab\xd5{{\
{\xeb}}}.\xb5\xd2\x14R+]\x98\xd3\xe7a\
Z\x8b\xe87\x140\x9da\xa3\x89\x14\xe3\x81j\xc8\xf1\
*\x9b\x90\xf3yF\x81\x1f\x01\x93\x96\xcfY\x0a|\x11\
\xf8,\xf1\xc2D\xa6\x81[\x91Z\xe9y\xcb\x7f;\x00\
|\x10\xb8<{\xce\x08p/\x22\xa4\xa0XU\x16\x89\
\xd5@\xbe\xd8\x824'\xae\xfd\x1b_\xe9)\xe0\x9a\x90\
/\xec\x9327a\xae\xf4\x01_B\x82\xbfZ\xf6k\
j\xb5Z,\x11\xcd\x02\xdf`\xee\xd4\xb3d\xa9\xaa\x80\
\xd6\x00\x0f\x11\xbf\xb6\xe9\x94~\x0f\xbc4P\x19x\xa1\
\x8a\x02Z\x07\x1c$\xbe8L\xd3\x182\xdf\x94$e\
\xefD\xdb\xf2Z\xe0\x97\xc8\xe9b!X\x82\x1c,\xb5\
\x0a\x11\xea\xa5\xc0\x1b\x91y\x9f\xd5\x0e\xcf\xfd'r\xee\
\xe2\x1f\x1d\xfd\xf3N\x95:\xd1\x97\x00\xc7\x08[[\xb4\
\xe3r\xe06\x07\x1f\x8e\x01\x17\xbb\x14@\x08\xaa\xd2\x84\
\xad\xa1\xfd\x84[\x11\x02j0\x00|\x9a|#\xbf'\
q\xab\xc9\xbcS\x05\x01\xf5\x03\xbf\xa3\x98\xfe\x8a\x0d\x03\
\xc8(p\xd2\xd2\xc6C$4:\xab\x82\x80\xbeN1\
\xe2\xc9\xfb\xd2\xc3\xc0c\x96v\xb6\xe7\xb4\xe5\x9dn\x17\
\xd0\x16Z\x9f\xe3\x9c\x92\x80\x00\x06\x81\xbb,\xec\xcc\x22\
3\xf0\xd1\xe9f\x01\x0dRL\xbf\xc7\x87\x80@\x96e\
\xb6[\xd8:L\xfbc\x86\x0b\xa1\x9b\x05\xf4U\x8a\x15\
\x8f\xaf\x97\xbe\xd5\xc2\xdeM\x9el\xe6\xa6[\x05\xb4\x0e\
YT,\xa3\x80z0o\xceN\x02\x17x\xb2\x9b\x8b\
n\x15\xd0w(^<>_z\x00x\xd4\xd0\xe6N\
\x8fv\xad\xe9F\x01\x9d\x87a<O\x80\xe4\x93a\xc3\
\xf7\x98$\xe2\xdc\x90\x8d&\xcar\xc0\xd4\xa7\x08\x13\x0f\
]4\x7f\xc1l\xb8\xfe\x22\xe0\x93\x81}\xf1C\x09j\
\xa0\x1e\xe2\xc6\xf6\xf8f\x10\xb3\xb0\xda1\x22\xed\x83\xeb\
\xb6\x1a\xe8J\xba\xeb\x82\x93\xe71\xab\x85.\x04\xde\x1c\
\xd6\x15w\xca \xa0\xf7\xc5v \x00w\x00\xff2\xc8\
\xf7\x81\xd0\x8e\xb8R\x06\x01\xa5p2\x98o&\x91a\
}'\xd2\xdfH\x99x\x1fh-\xf1\xfa>\xa1\xfa@\
\x0d^gh\xdfe\x8bP.\xba\xa9\x0f\xb41\xb6\x03\
\x01\x19E\xe2\x81:\x91t\x19\xa4.\xa0W\xc6v \
 u\xccN\x14K\xba\x0c\x5c\xf6\xc6\x9f\x8d\x9c$a\
\x1a ~\x149\xcew\xdc\xc2\xc6\xa5\xb6N\x95\x8c\xbd\
\xc8\xde\xafv\xd8\x96A\x11\xdfe\x8e\x9c}\xa0\xebh\
\x7f\xbb\xf1b\xe9\x04\xf0\x11\x0b\xf7Fs\xd8(K\x1f\
\x08\xe0\x9d\x06\xf6\xff`\xf1</\xdf%\xf4R\xc6\xdb\
Yd\xdf\x95a\x9a\xc9\x9ea\xc2\x98\x83\x9d2\x08\xe8\
b\x03\xfb\x87\x0c\x9f\xe5\xed\xbb\x84\x16P\xab\x83\xaem\
\xd3n\xc3B\xf9\xb7\x07[)\x0bh\x95\x81}\x93\xf9\
\x22\xf0\xf8]l4a\xbb\xad\xa7\x0f\x99\xc3p=W\
\xe8\x14\xb2:\xdd\xe9\xe6\x9b\x93\xc4\x8f\x15\x0e\xb9\x9c\xb0\
\x04y\xc7v\x9cD\xd6\xc6\xda\xe1\xf5\xbb\xd4\xebu\xe3\
\x1b\x89b\x8d\xc2\x8a\xf8u\x97\x81\xd46\xdaY\x7f\x17\
[\x01\x9dBv\x10\xb8\xb2\x17is;1\xe1\xc1V\
\xca,3\xc8cR\x06E\x7f\x979\x22t\xa2Oa\
\xbe<1\xe6`\xa7\x0c}\xa0\x94:\xd1\xa7\xbfK\xe8\
N4\xc8\x90/\xcfpq\x02\xf8\xb0i\xe9\xa2\xc3\xf8\
:v\xc3x/\xdf\xc5F\x13y;]\xdf\x07~\x0e\
\x5c\x0b\xbc\x9c\xce\x9d\xbc)\xe0\x09\xe0g\xd8\xdd\xb7u\
\x10\xd9>\xdc\xad\x98L\x12\x1e\xb4x^Q\xdf\xe54\
.\xbd\xf6q\xe0N\x87\x7fo\xc2\x81\xc0\xcf\x8f\xcd\x9b\
\x0c\xf2\xfc\xd5\xf2\x99E|\x97\xd3\xa4\xbe\x16\xb6?\xb6\
\x03\x01\xa9\x01o5\xc8g+\xa0BI]@{b\
;\x10\x90+\x80\x97\x18\xe4K\xba\x0cR\x17\xd0\xb3\xc8\
\xc1\xde\xdd\x88\xc9\x9a\xe0~\xe0HhG\x5cH]@\
 \x17\x8ft\x1b\x83\xc0\x87\x0c\xf2\x8d\x84v\xc4\x952\
\x08\xe8'\xb1\x1d\x08\xc0\xf5\xc09\x06\xf9\xd2\x7f\xf7\x9c\
\xf3@E\xd2\x8d\xdbz\x9e5\xb0;\x86n\xeb\xf1\xc2\
,\x05\x0eK\x0b\xe0\x0b\xc8N\xdbN\xdcI\xf8\x89L\
wJP\x03\x81\x04\x96w\xc3\xd6\xe6\xf5\xc8\xeaz'\
\x9b\xba\xb5\xd93G\x80\xef\xc6v\xc2\x91\xa5\xc0\x0f1\
\x0bO\xb9\x03\xf8GXw<Q\x92\x1a\x08d\xa7\xa6\
\xc9\xaf7\xc5\x1a\xa8\x07\xf8\xb1\xa1\xbd)\x22\xef\xc4-\
b15\x167SN\x01\xddfa\xef\xcb\x9el\xe6\
\xa6\x9b\x054\x80\x847\x94E@\xb6G\xdc=\x85\x1e\
q\x17\x9ck(\xc7!\x9bK1o\xb6\xea\xd9;]\
\xed`\xcf\x1b\xdd. \x80\xaf\x91\xb6\x80\xd6\x03\x8f[\
\xda\xb9%\xa7-\xefTA@\xfd\xc8\xad7\xa9\x09h\
\x10\xe9\xa7\xd9v\xf6\xf7\x10\xff\x02\xe4\xd3TA@ \
\xf3$O\x92\x86\x80\x06\x81\xcf\x00\xcf\xe4x\xfe\x13\x98\
\xad\xca\x17FU\x04\x04\x12S\x1c\xeb\xb2\x95\x1a\xf0z\
\xe0vd\xefV\x9eg\x1fE\x22\x07\x93\xc2F\x13\xdd\
p\xdd\xd3k\x80_\x11\xee\xba\xa7\xb3\x90\xdd\x13/F\
.\xf0\xbd\x0cx\x03rr\x9aK\xcdq\x0c\xe94?\
\xea\xea\xa0o\xac*\x8b\x92\xd7@\x0d.\xa2\x5c\x17\xce\
\x1dB\xae\xaaJ\x92*5ag\xb2\x9a\xe2n\xf0q\
I{H\xac\xcf3\x9f\xaa\x0a\x08:\x5c\xba\x1b95\
.\xdd\x8du\x05\xb91U\x16P\x83\xcd\xa4\xb1)\xf1\
\xcc&+\x89IB\x13\xca\xde\x89\xee\x01\xde\x03\xbc#\
\xfb\xff?\x01\xdf\x03\xfek\xf9\x9cA\xe0\xf3\xc0\xe7\x88\
w@\xc3Id)\xe3f$D\xc3\x86\xe5\xc0\xc7\x90\
A\xc2\x0b\xc0\xaf\x81\x9f\x225YP\xca\xdc\x89\x1e\x02\
\x1e`\xe1/\xf8(\xb2\x8b!\x0f\x17 wO\xd8\xde\
\x22\xe8\x92&\x81\x1d\xe4_U\xbf\x82\xd6\xd3\x13\xf7#\
e\x14\x94\xb26aC\xc0>\x16\xff(G\x80\x15\x0e\
\xcf_\x8d\xact\x87l\xda\xc62\x1b.\xc1`\xcb\x91\
X\xa0\xc5l\xec#\xb0\x88\xca(\xa0N\xe2i\xa4\x1b\
=\xd8\xaa\x01oAj\x08\xdb\xf5\xaaV\xe9q\xe0\x9b\
\xd93}\xb4\xf17\x1a\xd8\x0c*\x22\x1bM\xa4\xb0\xfe\
2\x04\xdc\x07l0\xc8\xebc\x9f|\x1dx0K \
\xe1\xb2\x1b\x91\xd3P/Cf\xb7\xcf\x06V2w\xfc\
\xca\x04\xf0\x1c\xf0\x1fd\xbe\xe9\x00\xb2gk7\xfe#\
\x07M\xcaa\x03RfW\x91\xf7pL_D\xae\x81\
Lk\x9eF\xda\x11\xc2\x89\xc4\xd8\x81yy\x04\xa9\x89\
\xca\xd2\x84\xad\x04\x1e\xc6\xae\xb9\xb8\xd6\xb7\x13\x09\xf2n\
\xec\xca\xe4\x11\xe4\xacEo\x94A@+\xb1\x17\xcf\x08\
\xd0\xeb\xd3\x89D\xe9\x01\xee%\xa2\x88R\x17P?2\
\x9doS@\xc1G\x1e\x89a\xdb\xb4\xd7\x91\xfe\x98\x97\
>m\xea\x02\xda\x8a\x8a\xc7\x84<\x22\xfa\xa8\x0f\xc3\xa9\
\x0b\xc8&N\xb8\xaa\xe2i`+\x22\x93+\xa4:b\
\xa3\x89\x18\x1b\x0b\x97\x1b\xe6\x1b%\x85aj\x5c\xc6\x91\
2\x185\xcc\xbf\x22\xa0/-\x89!\xa0\xc7\x0c\xf2\xa8\
x\xe6\xb0\x11\xd1\x9f\x03\xfb\xb2\x90\x08M\xd8%\xb4_\
\x97J\xa9\xd9ZB:\xe1\x17\x9d\x9a\xb3I`\x9d\x0f\
C\xa9\xf7\x81\x00\xdeO\xeb\xc3\x12\x1e$\x0d\xf1lF\
\x0e\xee\x9e\xcd\xd2^\xd2\x08\xc7\x18BF[\xad\xc4\xf3\
^_F\xca  \x90%\x83\xed\xc0/\x80\x1f G\
\xbe\xa5\xb0\xb4\xb2\x8d\xd6\x1b\x17g\x90\x11dl\xfa\x90\
\xd1\xd6]H\xd9\xdd\x82\xa7\x9a\xa7AY\x04\x94\x22\xe7\
\xd2\xfe\xa0\xee\x09\xccN\x16+5\xa9\x8f\xc2Rf\x0b\
\xed\xf7\xa6/\xcb\xf2(\x19*\xa0f\xd6\x1a\xe4\x89z\
\xf4Jj\xa8\x80\x9a1Yk\xab\xc2z\x9c1* \
\xc5\x09\x15\x90\xe2\x84\x0aHqB\x05\xa48\xa1\x02R\
\x9cP\x01)N\xa8\x80\x14'T@\xcd\x98\xdc\x97n\
|\xa7z\x15P\x015\xf3\xb4A\x9e\xc3\xc1\xbd(\x11\
)\x1e\xae\x10\x93!\xe4\x9c\xc3\xc5\xd6\xc3N\x00\xe7\x93\
\xf3\x82\xda\xb2`\xa3\x09\xad\x81\x9a\x19\x07n\xa0\xf5\x09\
\x183\xd9\xdf\x1d/\xd2\xa1\xe4\xd1p\x8e\x96lB\xb6\
\x1eMgiw\xf6g\x95\xc0F\x13\xda\x84\xb5\xa7\x11\
\xe0V\xa9\x8e\xb3\x95&*V\xb3(\x9e\xd1>\x90\xe2\
\x84\x0aHqB\x05\xa48\xa1\x02R\x9cP\x01)N\
\xa8\x80\x14'T@\x8a\x13* \xc5\x09\x15\x90\xe2\x84\
\x0aHq\xe2\xffY^m6\x10\xd9*\xb8\x00\x00\x00\
\x00IEND\xaeB`\x82\
\x00\x00\x06\x92\
\x89\
PNG\x0d\x0a\x1a\x0a\x00\x00\x00\x0dIHDR\x00\
\x00\x00`\x00\x00\x00`\x08\x06\x00\x00\x00\xe2\x98w8\
\x00\x00\x00\x09pHYs\x00\x00\x0b\x13\x00\x00\x0b\x13\
\x01\x00\x9a\x9c\x18\x00\x00\x06DIDATx\x9c\xed\
\x9c{\xa8UE\x14\x87\xb7\x8f\xd4\xd2\xb2\xba\x16*f\
\xa6\xa1e\x05j\x05\x95\x99(\x15\xa9\x84iTdd\
O+\xfd\xc7 \xecah\x96\xa6\x15\x19X\xa4\x99Q\
$he\x0f\x12\x89J+\x0b\xccR\xfcGz\x99\x19\
Q^\x1f\xa5\x89\xd2KM\xef\x17\xab\xb3L\xbd\xed\x99\
\xbd\xcfq\xe6\xdcs\xee]\x1f\x1c8\x9c\xb3\xcf\xfc\xd6\
\xcc\xec=3k\xcd\x9a\x93$\x86a\x18\x86a\x18\x86\
a\x18\x86a\x18\x86a\x18\x86a\x18\x86a4\x00\xc0\
q\xc0`\xe0N\xe01\xe05\xe03\xe0{\xa0\x16\xd8\
\x01\xec\x03\xfe\xd6\xf7\x1b\x81\x0d\xc0J`!\xf0(0\
\x06\x18\x08\xb4\xb3N\xccn\xf0\x8e\xc0\xad\xc0\x8b\xc0\x97\
\xc0~\xc2!\x1d\xb5\x16x\x1e\x18\x0d\x9cd\x1dRh\
\xf43\x80\x89\xc0\xe7\x81\x1b<O\x87\xac\x00\xee\x05z\
4\xa9\xce\x00\xda\x00\xd7\x00\xcb\x80:*\x835\xc0\x1d\
\xc01I#\x1fb\x9e\x04vR\xb9\xfc\x0aL\x03:\
$\x8d\x05\xe0d\x9dD\xff\xa0z\xf8\x1d\x98\x05tJ\
\xaa\x15\xe0h\xe0a\xe0\xaf#h\x88\x1f\x81E\xba\xa2\
\xb9]WE=\x81.\xc0\x09@\x0b\xa0\xa5\xbe?\x05\
\xe8\x05\x5c\xa6\xc3\xc9\x0c\xe0-`\xd3\x11v\xc4\x03@\
\xeb\xa4\x9a\x00F\x00?\x94P\xe1Z`\x0epU\xc8\
\xbbO;G\xe6\x9dy\xc0\xd6\x12\xecZ\x0f\x0cM*\
\x1dY\xde\x01o\x17Y\xb9-\xc0\xe3\xc0\xf9@\xb32\
\xd8\xd8\x1c\xb8\x10x\x0a\xd8V\xa4\xad\xaf\xc8\xd3\x96T\
\x22\xc0\x15\xda\x98y\x90\xd5\xcf\xfb\xc0H\xe0\xa8\x06\xb4\
\xb95p=\xf0q\x11\x9d\xf0\x130(\xa9\x14t\x0c\
\x9e\x99sIY\xa7O\xc8\xb9I\x85\x01\xf4\x07\xde\xcb\
\xd9\x09\xe2\xb3L\x97\xa7\xa9\xa1\x8d>^\xef\xe4<|\
\x08\xf4I*\x1c\xe0\x02\xe0\xd3\x9cuZ\x02\x1c\xdbP\
\x86\xcajd]\x0e#%FsmRE\x00\xcd\x80\
\x9brN\xd8_\x00\xa7\x95\xdb\xc0>9'\xb0\xe7\x80\
\xb6I\x95\x02\xb4\x07^\xceQO\x99\xfbz\x97\xcb\xa8\
~\xc0\xf6\x0c\x83\xa4s\x86'\x8d\x04\xe0\xea\x1cu\x16\
/\xfa\xbcr\x8c\x8fY\xa1\x84\x95U\xedA\xfa}\x89\
59:!\xce\x02C\xbd\xcc\xac\xbb`\xbe\x04\xdb\x22\
\xe9\xf7\x05\xeeQ\xcfx\xad\xee\x01\xec\xd1\xd7\x0e\xfdl\
\x91^\x13e\xb2\x97`\x9d\xeeK\xf8\xf8\x19\xe8\x1e#\
\x9e#\x1b!>&F\x1a\x83\xef\xcb9\xd9\xd7g\x9d\
\xfe\xb6}\x84\x09zj\x86\xf6\xb7@M\xc8\x98\xce\xea\
\x8c\xb5\xfd\xf8 b\x87;H\x0f\x06\x8a\x9c\xee\xd4=\
\x87VI@\xb4s}\xac\x08\x12C\x02\xe6f4\xfe\
]Ajt\xf8$\xff\x0d\xe1\x912\xfb&\x01\x01\xee\
\xcep@\x9f>R\x81\xeb2*5!Xm\x92\x7f\
\xf5n\x01v\x13\x0f\x89\xcc\xde\x1c\xd8\xe6I\x1e=\xe9\
\x9c\x11\xa5\x16\xdc\x03\xd8\xe5)\xfc\x99\xc0\x15\x99P\xa6\
\x1d\xb2\xba\x087\x8eDY]\xc8\x02\xa1[)\x13\xcd\
\xf2\x0c\x17\xbcE\xc0\x0a\x8c\xcd\xd9xku\x02\x1c\xa4\
\xab\xb2\xb6\xfa\xea\xa5\x9fM\xd5k\xf206p<\xcc\
\x17\x92YZl\x81\xe2\x86\xfb6IN\x0ch\xfc`\
\xdd$\xf7\xf1A1N\x8e\x5c\xab\xbf\xf1\xb1/dT\
SC\xf1\xb2\x9f\xe1bT\xde\x82j<a\x86\xbd\x12\
K\x0fhtMF\x08{W\xc9c\xe8\xc1\x8d!\xdf\
0\xba9\xd8r\xb1\xa0w\x89\xe6)\xa5\xb15\xd7^\
\x020\xdbc\xf0\xa4P\xc6\xaa\xd6\x0b\x1e-\xf1;\xce\
\x0a\xa0\xd1[\x13\xb6\x5c\xcc\x0bS\x9b\xff\xf4\x1e\xf1h\
\xcd\xca\xfaq7\xf5,\xd3\xf8*\xe4Z\x1a8\xc73\
\xe9n\x0b\xe9MJ\xb4\xd2\xf3TKl\xff\xec\xc0>\
\xcc:\xcf*\xacK)\xb3\xb9\x18yq(#Uk\
\x81CK\x1e\xe1\x81!\xb5To\xa0gxX\x18X\
k\x90\xe7\xe6\x9a\xe3\xfaQw\x1d\xe3\xd3\x98\x1f\xd8\xc0\
\x0e\x9e'mvH\xad\x9c\xc3\xeb\x9e\xd0\xb9@\xc0\xab\
\x1e\xad\xff/Ku[1\x8d\xbd\xa1\xd3\xf7\x80q\x9e\
4\x90\x8e!\xb5R\x92\xc3~sh\x8f\x0b\xac\xd5\xcb\
\xf3\xc4=\x91\x96.\xb8\xbd\x1c\x93\x94\xea-vh\xcd\
\x0d\xad\x95\xa2-\x9bDi,\x8e\xa0\xf5\x92C\xeb\x97\
\xc3\xe2D\xc0\x8d\x9e\xb1?\xf8v\x9bz\x87iD\xcf\
\xbd\x01\x86\xa4*\xc3\x8e\x08Z\xa7{\x92\x8e\x0f\xfa\x05\
\x9e\xb4\x8cw\x22\x18\xd5\xc9\xa1\xf5g\xac\xbd\x84\x94U\
\x8ah\xa5\xd19\x82\x9e+\xd3\xe2\xa3C'D\x97'\
ze\x04\x83.rh\xad\x0f\xad\xe5\xb1A\xe2\xf5i\
\xf4\x8f\xa0%Y~i\xc8\xfcP\xe3\x0b;\xd4\x86\x8c\
\xf7\xd4K\xe0J\xe3\x93\xd0Z\x1e\x1b\x96\x97k\x08\xd4\
8\x91x\xdci\x8c\x96\x0b\xde,j\xbdz\xe4\x06\x0d\
w\xe8-\x89\xa1W\xe4\x22`d$=\xd7\x9e\xca\x1b\
\x89'\xf7eH$c.u\xe8\xad\x8e\xa1\xe7\xb0A\
N\xe4\xa4qy$\xbd\xa1\x0e\xbd\xad\xae\x0e\xd8\x15+\
%[7\xd7\xd3\xd8\x18C\xcfa\x83\xe4w\xa6\xd1/\
\x92^\x1bGPps\xa2\x87'\xea3=\x86!j\
L;\x87\x9b\xbe\xbf\x1c\xe9,\xea\x8c\xa5-\x0d\xebb\
\x9e\xa6t\xb6\xb3N\x123\xf4I\xa8\xd5\xa4\xd3\xe0\x93\
o=c$\xdf>\x8d11uU[\x0ez\xa4\xf1\
]d\xdd\x03\xed\xbcI\xdb:z;\x972)-+\
\x83\xf6\xd2\x86\xf2\xc2+\x06`\x18n\x06D\xd4\x1d\xe0\
\xd1\x1d\x964\x15\xf4q\xdc\xe2Iml\x1e\xe9d\x8c\
\x94\x9d\x86\x0c\x09-\x93\xa6\x84&^\xb9\x98\x16AO\
\x8e\x9f\x96-\xab\xaf\xe2\xd1\xb4\xc3\xed\x8e\x06\x91\x15\xc9\
\x0d\x01\xb5Fe\xec\xbe\x05M_\xac\x1a(\xfc\x99\x86\
\x0bi\xb0)\x014\xc6gd]\xdc\x964U(\x8c\
\xcbY\xe7\xb2$\xe3\xb9k\x09ew\x05^\xcf(\xfb\
\xddr\x9c\xcc\xach(d^\xbb<\xd3C7\xb3g\
\xe6\xc9\x92\x90k\xf4\xda\xac\x03\xe2\x92\xdfd\xff\x9a\x22\
\x00g\xe68{p\x80\x0d\xeaGL\x96\xe1C_\x93\
\xf53_\xfaI\xfd\x83\x14\xe59RT-P\xb8s\
\xe5@_l\xb6T\xc3i\xcd\x06\x018\x15X\x15\xb1\
\xf1W\x952\x9f4)\x80V\x9ad\xebJ[)\x85\
\xddZf\xd0C\x1a\x8d\x1a\x0ai\x1d\x0br$\xee\xfa\
\xd8\xa7e\xf4l\xe8\xfaT-\x14\xd2\x0a\xa7\x00_\x17\
\xd1\xf0\x92F\xf9P\xd9\x0fP7v\x80\xce\xfa\x07\x1f\
\xf2\x1f>\xcf\xea\xa9\xcc\xf9\xfa\xfe~\xfd.xf\x83\
a\x18\x86a\x18\x86a\x18\x86a\x18\x86a\x18\x86a\
\x18\x86a\x18\x86a\x18\x86a$\xd5\xc5?S'\x80\
Ue\x19\xca\x0c\x00\x00\x00\x00IEND\xaeB`\
\x82\
\x00\x00\x0ez\
\x00\
\x00Bvx\xda\xed\x9b\xf9SU\xe7\x19\xc7i\xfa'\
d\xa6\xa3\xb8\x9bL\xec2\xed\x8c\xe9t&3\x89\xd6\
\xf6\x87\xca\xd2\x1f:\xedt\xb1I\x1amj\x92j\x9b\
\x04\x13\x85\x08\x1a\x10\xc1-\x8a\x02\x97\xf5\xde\xcb=\xec\
\x97E\x05\x05Qp_\xe2\x16\x83JX\x14eS\x10\
e\xbd\xc2e\xf7\xe9\xf3\x9e\xf7\xbc\xefy\xcf\xc6b\x92\
\x92\xc9x\x9cO\xc8\x98I\xe0\xfb\xc9\xf3>\xcfs\xce\
=\xfa\xf8\xfc\x00\x7f-[\xe6\x83\x7f\x9d\xef\xb3\xf2\xb7\
>>?\xf2\xf1\xf1\xf91\x82\xbf\xe5\x13\xeeC\x7f_\
\xbe\x96\xf9<\xbb\xbe\xc1k\xd3GQ\xcf\x87\x06E\xf9\
\x87\xad\x8b\xfe\xc3\xb4\x10\x14\xed\x17\x1a\xb4\xed\xf9\xe9\xca\
\x8f\xd97\x22\x1e\xfcY`Z\x08\x8a\xf6\x84\x06Eo\
\x9c\xc6\xfc\xd7\xa6-\xbb\xea\xe0\x8b\xe9\xca\x8f\xdf\xbfz\
\xda\xf3\xe3\xcf\xf0,\xff\xb4\xd5\x7f\xe5w\xa0\xfe+\xa7\
1\xff\x0e\xfc\x19\xfa\xa7+;~\xff\xfe\xb0\xa0\xa8\xed\
\xd36\xff>\x8e\xf2\xc5\x9fc\x15\xb2v\x02j\x9f\x22\
_\xedD\xff]\xcc\xbf\x0ag\xf0\xcc\xef\xfa\x9e\x10\xf2\
AD9\x02S\xa4\xfc\xfb\xb2'\xbd\xffnH9\x02\
S\xe4{\x93\xff\xed7\xd7\x94#0E\xbe7\xf9\xff\
\xfa\xc77\xca\x11\x98\x22\xff\x97\xfc9\xce\x9c\xe7\xd2S\
\xdd/\xb9R\xf2\xd6\xba\x92\xf3\x22\xa5\xe4\xbch\x97\x8c\
\x9b\x92DIK\xcaUI\xa48\x13s(\x09\x84\xec\
h\x87\x88-K\xc6\x8el\x0e\x89j\x08Y\xf7)\x84\
\xac\xdb,\x13,\x12$\xb2\x89\x13\xb6!\xb2!9V\
\x8a\x96\xd9'E'\xedsiH\xdcKH\xe3$\xc4\
\x10\x9c\x13\xb3\xc7\x11i\xdb\xe3Xc\x8bq\xbc\x94\x1a\
\x9b\x8a\xd9\xf3\x16K)y\xc7\x91.\xcc=\x86\xf9\xc1\
%\xe3\xa6$Q0\xb7J\x22\x05\xb3S\x12\x08\xd9\xe0\
\x10\xb1e\xc9\xd8\x19\xf1\x992\xa9\x1a2 %N$\
]&9\x96 \xa9\xec\x93\x003k\xc0\xfcH\x1a\x07\
\xf3#\xce\x89\xd9\xe3\x18\xc3\xfc]HER\x8c\xfdg\
\x98\xdb-\xa5\xe4\x8f!\x80\x7f\x0f$\xff\x84\x0e\x12\x19\
9\x13:\xb0O\xe4\xc02\xbf\xd6A\xd27\xe9\x80z\
\x18\x8d\x8fqd\xa4\xa7\xe4\xf7#@\x90v\x1f\x04W\
\xf4a\xe4\x10HQ\x8cb\xcaVB\x91\x8e\x83\x02\x07\
(\x91\x8c\xfd\x94-\x14\xd7\x96B\xfc\xca(\x00)\xa2\
\x00\x5c\x11\xf4\xab\x14\x91/\xe3\x12\x09\xcf\x93IS\xbe\
\xba\xc2\xdd2i\x9f\xea\xd8\x8cu\x88\xa4\x0987\xe5\
X\x92\xba5\x83;\xb0\xc58\xfb\xd2S\x0b\x80\xe5w\
\x06V\x82c\xee}H\x9b{\x0f$$}n\x0bd\
\x22\xd9\xf3\x9a!\x17q\xcfk\x82<\xa4@\xa1p^\
#\x1c\x98\xdf\x08\x07\x91\xa2\xf9\x0dpH\xa1d\xfe]\
(E\x8e e\xc8\xd1\xf9w\xe0\x18R\xbe\xe0\x0eT\
 \xc7\x17\xd4\xc3I\x85S\x0bn\xc3i\x853\x0ag\
\x17\xdc\x82\xb3\x0bo\xc19\x85\xf3\xc8\x85\x85u\x9c\xcf\
\x15.\xca\xd4\xc2%\x1d\x97\x09/P\xae\xc8\xd4p\xca\
\x02\xceh\xea@\xce\xaf8p`~\xfb\xdc\xd6\xaf\xed\
\xe0\xb0\xe0\x80y0sp\x82;\xa87q@=\x88\
\x0e(V\x1e&vA8\xa2\xcb\x9f\xc1\xf2\xa7\xe6\x83\
\xfd\xf7\x95\x90\x82\xf9\xed\x98\xdf\x89\xb8\x14\x07\x19\xe38\
 \xf9\xad\x1c\x1c\xc6\xdc%&\x0e\x8e-\xa0\x1e\x88\x83\
I\xd5\x82\x89\x07\xb3z\x10k\xc2\xca\x85Y~\xe6\xc0\
\x1ex\x1d\x92\xe7\xb4\xf2\x1a08\xc0\xec\xe3:\x98\xa7\
:(6\xa9\x05\xe6@\xac\x05\xe6@\xac\x85S:\x07\
VgB\xef\xc1\xdc\x85\xd6Gi\xc0Y\xd3\xfc\x84\x14\
\xcc\x9f8\xa7m|\x07\x9a:h6\x9c\x85\xfd\xdcC\
\x83\xe9y\x10{\x02\xf3P\x81\x99+\x0c\x1enk\xea\
A\xf5qK\xad\x09C]\xd4i\xce\x87\x99\x93\x12}\
~{\xa1&\x7f\xc2\x9c\x07\xdcA\xea\xb8g\xa1E\xe3\
 \x7f\x12}Q\xf4Pf\xd1\x1b\x09'\x0c\xf5`\xec\
\x0fb\x8f\x10\xebB\xdb+\x8c5r\xd84?u\x90\
\x1cx\x03l\x98?\x01\xf3\x8f\xe7 ]p\x90\xa38\
\x18\xef<\x10\x8a-zc\x99\xc9\x99\x10\xfb\xa3\xd9\xb9\
\x98\x8a\x0b\xbd\x0f}\xfeL\x92_q\x90\x84\xf9\xe30\
\xbf\x99\x03r\x16\xb2\x17\xb7\xc1\xe5m=P\xe3z\x0c\
\xb5H\x9d\xc2\xe5\xe0N\x93\x9e\xa0\x9e\x07\xea\xa0\x01\x8e\
\xbd\xd2\x0c\xb7\x93{\xa0A\xea\x95i$_\xd3z\xa0\
\xf2\xc3v\xee\xe1\xd2\xeb\xf7\xa0\xc9\xd9\x03-\x92\xca=\
\x13\xeeK\xdd\xa6T\x07\xb5\xc2\xb9\x17\xad]\x1c\xb2\xca\
\x8f$\x06\xde\x84}s\xda!\xde\xc4\x01\x99\x0by\xbf\
n\x87\x07U\x83\xa0\xbf\x9a\xcb\xbc\x86\x9e\x90\xaf\xeb\x09\
\xc4\xc1\x89\x80\xfb0\xd8;\xaa\xf9w\xc7F\x9e@s\
^\xaf\xdc\x17\x08U\xd1\x0fal\xf8\x09<\xedu/\
\xaf\x0b\xce.\xd2\xd7\x85\xea\xa38\xe0\x9c!\x7f\xa6\x90\
\x7f\xef\xecvK\x079\xe3\xe4\xcf\x9aKgC\x8eP\
\x07\xfa\xf3p\xdc\x22\x7fS\x9e\x87\x9f\x89\x1b\x91\x0fa\
th\xec\xa9\xf3\xb7`\xfe3\x8b\xcc\xfb\x05\xa1\xd8_\
\x9f\x7f?w`\x0b\xac\x82=\xb3\x1fr\x07q\x88M\
\xf1@\x1cd[\xe4o:\xe2\xd5\xf4\x04\xabZ\xa8\xf0\
o5\xcd\xdf\x88\xf9Y\x8f\xacX\xda\x04=u\x83O\
\x9d\xbf\x19\xf3\x9f^\xa4\xf6M}\xff,\xf6?\xaf\xdc\
+(\xf9\x1d\xfb\xb9\x83x\xcc\xff\xd9\xecG\xd4\xc1\x1c\
\xea Vp\x90\xb9\xf4!\xb4U\x0d\x99\xe6\xa7}\x91\
\xce\x07R\x0b9\x82\x03\xb7\xe2\xa0\xdc\x22\x7f\x03\xe6/\
\x16\xe6\xc4\xa55m\xe0m\x1f6|\x1fr.zn\
\x0e\xc0\xfd\x02\x0f\xa5P\xa5U\xa1*\xf8\x01\x9c|Q\
\xed\x9b'us\xa4H\xc9\xcf\x1c\xc8\xf9\x15\x07q\x98\
\x7f\x17\xe6\xff\x0c\xf3\x13\x071\x82\x83\xf8q\xf27b\
~u_f\xbbR\x8bp\x1e\xa8\x83c\xe3\xe4g\xb3\
\x92P\xb2\xa8\x01\xaa\xb6w\xc0p\xbf\xf6\x1c\x90sq\
\xbf\xc4\x03\xa7\x975a\xaf\x14\xf6Ia\xa7\xac\xe0\xd4\
\xf3\xddJ\x9c%\x07\x85\xfc\x84,\x96\x1f\x89\x0d\xfc\x0a\
v`\xfe\x9d\x16\x0e2\x96>\xb2\xc8?\xa0\xdc3\xe8\
f$:\xc8R\x1c\x10\x8e\xfa\xb7\x99\xe6\xbf\xeb\xf6\xd0\
\xbdI\xd8\x19\x8e\xe2\xach*\xf2\xc0\xd8\xa8\xb6\x17\x0e\
\xf7\x8dA\xcd\xee\x0e8\xfa\xd3\x06\xc3.5\x19\x1f\x07\
\xfc/\x18\xf23\x07\xfb0\xff\xb6\xd9\x1d\x1a\x07\xbb\x89\
\x03\xe5<H\x98\xbf\xd5$\x7f\x03\xe6';\x82~_\
\x94\xd0A\xbaP\x0bG\xc6\xc9\xcfz$\x9f\x97\x0b\x1b\
\xe1\xf4_Z\xa1\x13\xeb]\x7f\xf55\x0f\xc3\x85?\xb7\
\xf2}RD\xbfO0\x17\x8cBC\xfe\x03\xdcA\x0c\
\xe6\x8f\x9a\xd5\x09\xd1\xe8`;B\x1d<\xe2\x0e\xd2\x96\
v\x98\xe6\xbf\x8b\xf9\xd5]\xa9\xd5P\x0b\x19\xca\x99(\
\xf5\x7f`\x9a\xff\x0e\xe6/\xb0\xd8\xa3\xcf\xaf~\x00\x9e\
\xc6!x\xf2D[\x07\x8f*\xbdp\xf2w-\xca>\
\xd5\xc0\xf7\xa9R\xdd}g\x99f\xd7\xbc\x8b\xf9?\x87\
\xa4\xbd\xea\xb3\x13\x9a\x9f:\xd8\x13P\x0d[fu\xc1\
V\x9d\x03\xd6\x13\x9c\x98\xff\xbeE~:#\xdb E\
\xb9w`;\xa3\xe8\xe1\x90e\xfe\xc7|f\xea\xf7h\
\xc2\x8d]\x9dr\xdd\x1bz}\xa9\x07J\x7f\xde\xa8\xdb\
\xaf\xe9~Yb\xe1#\x9f\xe4'\xcf\x8fX~\xe7\x01\
\xee`w@\x0d\x84c\xfeH\xcc\xbfu\xb6\xd1\x81}\
I\xa7i\xfe\xce\xba\x11\xf8|\xbb\x07.\x22\x97dz\
\xe1\x8a\xc0U\xe4\x8b\xed=P\x9d\xf6\x18F\x06\xc7\x0c\
\xf9\xeb1\x7f\xaen\x8f\x16=\x14\xbf\xdc\x0c\x8d%\x8f\
M\xe7Ae\xc4#yv\x88\xf3C\xbd\xfff>T\
'y,\xbf\xf2\xfc,\x9b\xe4W\x1c|\x16X\x03\x9b\
gu\xcb\x0e\xb6(\x0e\xa20?\xeb\x09)K\xbaL\
\xf3\x7f\x9d\x8b\xe4\xbf\x8d\xf9Y\x8f\xcc\xd5\xedOl\x87\
*[~\x1f:k\x8c{\x019\x1bg\xdflS\xfa\
\xa6:C\xac\x9c\xb8\xfd/j\x9e!\x92\xfc\xcc\xc1\xae\
\xc0Z\xd8\x84\xf9E\x07\x91\x82\x83$9\xff\xf07\x9e\
\xff\x16\xe6g\xb3\x22{\x9eqw\x90=\xcco\x82\xd3\
+\x1f\xc0@\xb7\xee\xfc\xe0|h\xbb\xd0\x8f\xb3\xf5\x1e\
\x9f\x1fz\x17\x22\xb9\x86\xfc\x07\xb9\x83\x1d\x98?tV\
\x0f\x84)\x0e>E\x07\x11\xec< \x09K\xba\xe1\xde\
\xb7\x90\xbf\x0e\xf3\xb3\x99)>c\x10]\x10\x0a~\xd2\
\x0c\xd7vv\x19z\xc1(\x9e\x83z\xb2C\xfe\xaaE\
3GX\x0f= \xdc\x8b\xe6\xc8\xf9%]~\xca\xb6\
\xc0:\x08\x99\xd5\x0b\x9f\xa0\x03\xe2a\x93\xec@\xad\x85\
x\xcc\xdf\xf2-\xe4\xafu\xf7\xc9=\x92\xf5\xc9\x83\xbf\
i\x83\xf2\x15\x0f\xa1\x029\xaepbE\xbb\xcc\xc5\xf5\
\x1d\xf0\xc8d\x07\x1f\xc4\xba\xb8\x1a\xda\x01\xfb_j\xd2\
\xcd\x12\xf5^\x94\x90\x8d\xf9\xd5\xe7\xe9\x12d\xa7\xa9\xf9\
\xa3\x03\xea`\xbdo/\x04\x0b\x0e\xc2\x84\xf3\x10\xb7\xa4\
\xc74\x7fw\xe3(\x5cK\xf3\xca|\x89Tr\xfa\xe1\
:rC\xe1v\xf1\x00\x8c\x0c=1\xcd\xcff\x05\xe1\
Ff\xefS\xb9\xec\xae\x1f\x82\xf2?\xb5A\xfe|\xda\
?\xf3u}\x94\x90\xe5\x7fI\xf8LE\x82\x1c!\x7f\
T\xc0-\xf8\xc8\xd7\xa3q\xb0Qq@ja\xdfk\
\xbd\xd0l\x92\xff\xd6\x91A\xcd\x9c\xdc#\xecL\xec>\
\x8a\xec\xcfn\xbf\x0e\x18\xe85\xf6\xff\x1aw?\x7f\xc6\
@\xb8\xfe\x94\xf9\xc9u%\xba\x13\xf2\x16\xeaz\x87@\
\xa6\xffe\xcd\xe7J$?s\xb0\x15\xf3\x07\xf9>\xe6\
\x0e6\xa0\x83\x10\xee\xa0\x07b\xe4\xfc#\x86\xefYw\
dH\x9e\x93\xea\xde\xa8\xdd\x9f\x99\x87l\xbfN\xf0\x9a\
\xe4\xaf\xc6\xfc\xec\x19\x03\xf1P\x99\xe9y\xea\xfc\xd7b\
\xbb!\xf7\x85\x16>O\xb4\xbd\xb4\x192\xc4\xfc\xb1$\
\x7f\x11\xcd\x8fD\x06\xde\x86\xf71?q\xb0\x0e\x1d|\
\xccj\xc1\x97\xd6\xc2n\x8b\xfc\xb5\x98\x9f\xcd\x08\xfd\xce\
\xb4\x9b\xd7C;dZ\xe4\xff\x0a\xf3'*\xcf\x19\x92\
\xd0\xc3U\x87\x07\x86\x1e\x8fM\x8aa\x1dWvuA\
\xd6\x0b\xb4\x87\x92\xfbPq\xa6\x10\xd2\xe5\xfc\xe9\xba\xfc\
\x94\x08\xcc\xff\x1f\xdf>\xd9\xc1\x87\xb2\x03V\x0b\x1e\xd8\
\x80\x0ev\xbd\xe6\x81&\x93\xfc5\x98\x9f\xcd\x88(\x9c\
\x97F\x0f\xd4E\xc6rc\xfeQ\xcc_\x85\xf9m\xfc\
y\xcb\x03\xee\x22\x99={\xe2;e+\xbf\xcfp\x08\
\xfd\x82\xf5N\xf5\xbe\x83\xdd\x87\xaa\xf7\xa3\x0c\x97\xff\x15\
H\x89U?c\x14\xf3\x87\x07\xd6\xc3\x1a\xdf~\xd9\xc1\
\x7f\x91\x0ft\xb5\xb0\xe3\xb5\xc7\xa6\xf9\xab1\x7f\xb80\
+\xa3\x94\xddQ\xefAZ\xdee\x9a\xff\xa6\xdb\xcb{\
\x84Mx\xee\x94\xc0k\x82z\x10\xcfH\xaa\xce\x87S\
\xd8\xb7\xd3\x04\x1f\xa2\x13\x82\x93\xe4'\x9f\xb3\xb2\xfc.\
5\xff\xe6\x80zxof?\xacA\xd6*\x0eX-\
\x10\x0f\xd1\xaf\xf6A\xa3i\xfea\xcd\xbe\xa0\xee\x8eZ\
\x0f\xae\xe5\xdd\x96\xf9\xc5\xe7-\xe4\x19l\xbcP\x0fz\
\x17I\xc23\xc9T\x8d\x0f\xb56\x8cN\xa8\x17\x87\xff\
U\xfe93q\x90\xeb*\xe6\x0e6\x05\xdc\x81wf\
z\xe1]\xe4\xdf\xbe\xd4\x01=\x0f\xb4\x16\xb6Z\xe4\xff\
\x0a\xf3\x87*3b<\x0f\x8e\xe5=\xa6\xf9o`~\
\xda+\xe9\xcc\xd8\xabx\x88\xc5\xecZ\x17m\x1a\x17\xaa\
\x0f\xac\x8d\xb9\x94\x94\xb9\xaa\x17\xbb\x89\x13\xbb\xff\x17\x9a\
\xcf\xdaI\xfe\x5c\x92\x1f\x09\xc5\xfco\xcf\x1c\x80\x7fa\
\xfew\xb0\x06\xdeC\x07\xcc\x03\xa9\x85-\xaf\xf6c\xfe\
QC\xfe*\xcc/\xee\x0b\xd4C\x97\xc1C\xaaE\xfe\
\xeb\xb9^C\xafd\x1eD\x17\xf1\x82\x8b\xc9\xfa\x10\x9d\
\xc8\x98\xe6\xa7l\x0c\xb8\x0b\xabf\x0e\xc2?e\x07\x03\
j-\x903\x81\x1e\xc2_\xf5B\x83I\xfe\x9b\xa5\xc3\
r\x7f\xa4;C\xaf\xec\x81\xed\x8f\x9b\x85\x1d2yy\
\xafi\xfe\xca\xdc\x01\xec\x11\x1dr\x8f\xd8%<s`\
{D\x8cn\x9fP\xcfI\xbb\xc1\x89\xcd\xe2\xdc\xf0\x9e\
\xea\x7fM\xf3\xce\x85\x98?$\xa0\x01\xfe1c\x10\xde\
B\x07\xab0\xbfZ\x0b^\xb9/\x04/\xf6\xc2\xb1\xe4\
a\xa8,\x1d\x91\xb9\xaep8jP3'B4\xfb\
\xa3\xea!\xe6\x95^\xa8,\x1c\x92\xe7\x05\xa3\xbad\x08\
\xca\xc2\xfax\x8f\xd8!\xf4\xcb\x89\x5c\x88>\xe28\xe6\
>\x18I~4\x7f\xaaI\xfe`\xcc\xff\xfa\x8c!\x8d\
\x03V\x0b\xab\xe5Z\xe8\xa7\xfdQ\xd3\x1b\xd4\xfeH\xe6\
\x84vw\x12w\xc8\x1eM\x7f\x08\x17\xceF\xa4E\xbf\
d\xfb\x94~\x8e2\x1f\xdc\xc9\x1c\xa3\x8fX\xa1F\x98\
\x17B\xa2\xdf\x97\xf2{G\xcc\x81[:\xc4\xf3\xaf\xc7\
\xfc+f\x0c\xcb\x0e\xde$\x1e\xd0\xc1J\xe5<\xe8k\
\x81\xf4\x855Bo\xf8@\xe7\xe1c\xc1\x83\xb8K\x93\
>\x19f\xda+\xd5\xe7.\xec\xd9\x8b\xe8b\xbb\xa9\x0b\
\xa3\x8f=\xba\xfa\x10!^lr\xfeL\xee\x80\xe4g\
\x0e\xd6\x074\xc2\xdff\x8c \xc3\xf0w\xcc\xff\x86\xe2\
\xe0-\xd9\xc3\x80\xe2\xc1\xab\xd4\x82\xe8A;'\xa8\x07\
\x8f\x89\x87\x1e\xbeO\x9b\xf5JMM\xccf\xcf\x1e\xe8\
\xf3\x07\xe6\x82=\x8b\x11kc\xa7\xce\x07sb\xf0\x82\
u\x12\xefW\xa9y\xff\x8c\xe5wK\xda\xfc\x84\x15\x82\
\x07R\x0fo\xe9\xeaa5\xaf\x07\xda#\xd7jv\xa7\
>\x93sA\xfbC\xb0\xd2#\xb4.\x8c\xfd2B_\
\x1b\xb3\x98\x0f\xb3\xfa\xd0z\xd9e\x02\xf1\x13\xab\xc9\x9f\
)\xe4?$\xe4\x17!\x0e\xb4g\x82\xf6\x86A\xe5L\
\x18=\x88;\xe4\xfb\xba=\xf2#^\x13\x1e>3\x88\
\x0b\xe6A\xac\x0b\xf5\xf9C\xb7P\x1bZ\x1f[gk\
\x9dl\xd39a=u\x87\xe2g\x9f\xdfu\xcd;x\
\x13\xe7\xb7\xf6\xb0R7'V[\xf4\x07\xe3\xd9P{\
\x84\xbeO0\x17\x1bM\x5c\xb0~\xa1=+B\x0f\x15\
\xfa\x87\xbeN\x98\x9b\x18\xbf\x1b`\xb7\xa9\xef!N>\
\xff\x88p&\x86-\xcf\x84:+\xcc\xfb$\xf3`^\
\x13\xbd:\x17=\xbco\xb2\xe7\x10\x13\xf9\x88\xd0\xcd\x95\
H\xa1\x97\x10/\xbb\xe5\xfcY\xdcA\xaet\xc8\xcb\xf2\
\xa7\xee<\x01qa\xe75\xc4j8\x07\xb1\xa1\x948\
\x99\xb3\x02g ^\xe64\xc4m<\x0d\xf1\x0a\xb6\x8d\
\xa7\xf0+\xf2\xc9)\xb0\xc9\x9c\x148!\x93\xa0`\xfb\
\xe48$\x84\xe8\xa9\x80\x84`\x91rN\xa2\xfc\xf5\x18\
$l\x109\xaa\xb2\x9eP\xa6!)\xbc\x88\xbf\x8f\x8a\
\xff\xff\xbd\xb9Rq\x19\xf6\xbe'b\x1d\x883A\xa5\
Hs\xaf\xc4\x9f\x1b8E\x94g\xc9\xc2g*Y\xc2\
\xe7\xab\xe2\xbb\x06\xe2{G\xe2;x\xfc]\xd4I\xbc\
\x8f\xcb\xdf\xc9\x9d\xc2\xfb\xb8\xfc\x9d\xdc\xf8\xac'\xc8\x11\
\xcc\xb1\x18\xf3}\x89u\xd0\x87\x8c\x19=\x14\x1b=\xe8\
\x1d\xe8<dM\xc2A\xa6\xa5\x03\xf5}Ts\x0fS\
x/\xdb\xcc\x83-{\x0c\xf3\xf7a\xf6\xeb\xc8\xcb\xf8\
\xf3>\x87\xb9~\x81\xd9#\x10'f\x96\xf4\xe0?\xd7\
Q$av\x81\x83R6\xc1\xc98 e\x11\x1c\x8c\
\xfd2\x99\x04;\xa1\x90\x93AH-\xe0\xa4\x13R\xf2\
5H\x84\xe4<\x0e\xe6\xa7$Q0\xbbJb\xae\x84\
\xb9\xb5$\xe4H\x98\x9db\xcbv\xdam\xd9[\xd0\xc1\
/\xed\x09\x19?|\xf6\xa7\x98\x9f]\xcf\xaeg\xd7\xb3\
kj\xd7\xff\x00\xd0s\x96<\
\x00\x00\x12\x9a\
\x89\
PNG\x0d\x0a\x1a\x0a\x00\x00\x00\x0dIHDR\x00\
\x00\x00\x90\x00\x00\x00\x90\x08\x06\x00\x00\x00\xe7F\xe2\xb8\
\x00\x00\x00\x09pHYs\x00\x00\x0b\x13\x00\x00\x0b\x13\
\x01\x00\x9a\x9c\x18\x00\x00\x05\xc9iTXtXML\
:com.adobe.xmp\x00\x00\
\x00\x00\x00<?xpacket beg\
in=\x22\xef\xbb\xbf\x22 id=\x22W5M\
0MpCehiHzreSzNTc\
zkc9d\x22?> <x:xmpm\
eta xmlns:x=\x22ado\
be:ns:meta/\x22 x:x\
mptk=\x22Adobe XMP \
Core 9.1-c002 79\
.b7c64cc, 2024/0\
7/16-07:59:40   \
     \x22> <rdf:RDF\
 xmlns:rdf=\x22http\
://www.w3.org/19\
99/02/22-rdf-syn\
tax-ns#\x22> <rdf:D\
escription rdf:a\
bout=\x22\x22 xmlns:xm\
p=\x22http://ns.ado\
be.com/xap/1.0/\x22\
 xmlns:dc=\x22http:\
//purl.org/dc/el\
ements/1.1/\x22 xml\
ns:photoshop=\x22ht\
tp://ns.adobe.co\
m/photoshop/1.0/\
\x22 xmlns:xmpMM=\x22h\
ttp://ns.adobe.c\
om/xap/1.0/mm/\x22 \
xmlns:stEvt=\x22htt\
p://ns.adobe.com\
/xap/1.0/sType/R\
esourceEvent#\x22 x\
mp:CreatorTool=\x22\
Adobe Photoshop \
26.1 (Windows)\x22 \
xmp:CreateDate=\x22\
2025-02-25T21:40\
:52+02:00\x22 xmp:M\
odifyDate=\x222025-\
04-03T01:24:15+0\
3:00\x22 xmp:Metada\
taDate=\x222025-04-\
03T01:24:15+03:0\
0\x22 dc:format=\x22im\
age/png\x22 photosh\
op:ColorMode=\x223\x22\
 xmpMM:InstanceI\
D=\x22xmp.iid:1fc7f\
5dc-ed11-7b41-bb\
d1-097793f66684\x22\
 xmpMM:DocumentI\
D=\x22adobe:docid:p\
hotoshop:b1171c7\
a-cb19-734f-863e\
-19422512bf1f\x22 x\
mpMM:OriginalDoc\
umentID=\x22xmp.did\
:b71571e8-414a-d\
d42-a0e0-0cf5aef\
30873\x22> <xmpMM:H\
istory> <rdf:Seq\
> <rdf:li stEvt:\
action=\x22created\x22\
 stEvt:instanceI\
D=\x22xmp.iid:b7157\
1e8-414a-dd42-a0\
e0-0cf5aef30873\x22\
 stEvt:when=\x22202\
5-02-25T21:40:52\
+02:00\x22 stEvt:so\
ftwareAgent=\x22Ado\
be Photoshop 26.\
1 (Windows)\x22/> <\
rdf:li stEvt:act\
ion=\x22saved\x22 stEv\
t:instanceID=\x22xm\
p.iid:1fc7f5dc-e\
d11-7b41-bbd1-09\
7793f66684\x22 stEv\
t:when=\x222025-04-\
03T01:24:15+03:0\
0\x22 stEvt:softwar\
eAgent=\x22Adobe Ph\
otoshop 26.1 (Wi\
ndows)\x22 stEvt:ch\
anged=\x22/\x22/> </rd\
f:Seq> </xmpMM:H\
istory> </rdf:De\
scription> </rdf\
:RDF> </x:xmpmet\
a> <?xpacket end\
=\x22r\x22?>`m6\x9d\x00\x00\x0cwID\
ATx\x9c\xed\x9dk\xac\x1eE\x19\xc7\x7fO)\x85\
\x16\x84\x16\x14\xe5N\xcb\x9d\xda\x04!U\x89H,\x05\
\x11*\x1f\xf0\x161 \x84\x8aV%~0^b\xbc\
U\x83$\xa2\x90\x88\x80\x1aI\xd4\xa0\xe1\xe2\x07\x91@\
@.-\xdab\x01[Q\x04J\xb9\xf4\x86\x02E\x14\
\x90B/\xd0\xfe\xfd0\xdb\xc39\xe5\x9c\xf3\xce\xec\xec\
\xee\xec\xbeg~\xc9~:\xcf\xbb\xf3\xec\xec\xff\xcc\xce\
\xe5\x99gL\x12\x99LY\xc6\xa5v \xd3m\xb2\x80\
2Qd\x01e\xa2\xc8\x02\xcaD\x91\x05\x94\x89\x22\x0b\
(\x13E\x16P&\x8a,\xa0L\x14Y@\x99(\xb2\
\x802Q\x8c\x0f16\xb3\xba\xfch%\x92&\x002\
\xb3WS\xfb\xd2$!\xcb[\xb9\x05\x1a\x06I\xa7J\
\xba\x17\xd8\x08l\x94\xb4D\xd2)\xa9\xfdj%\x92\xbc\
\xaf\xb1\x80\xa4\xb9\x92\xb6\xea\x8dl\x91tnj\xff\x9a\
 D\x13\x16\x22\x8c~\xff\x84I\xda\x0bX\x09\xec2\
\x82\xc9z`\xaa\x99=\xd7\x9cW\xcd\x93?a\xe5\x99\
\xc3\xc8\xe2\x01\xd8\xb5\xb0\xc9\x14d\x01\x0de?\x0f\x9b\
\x03j\xf7\xa2Cd\x01\x0de\x87\x8al\xc6\x0cY@\
\x99(\xb2\x802Qd\x01e\xa2\xc8\x02\xcaD\x91\x05\
\x94\x89\x22\x0b(\x13E\x16P&\x8a,\xa0\xa1\xbcV\
\x91\xcd\x98!\x0bh(k=l\xd6\xd4\xeeE\x87\xc8\
\x8b\xa9\x83\x904\x05x\x92\xd1\x17S\xf77\xb3\x17\x1a\
s*\x01\x9dXL\x954C\xd2\x95\x92\xee\x92t\xa3\
\xa4OI\xda1\x95?\x00f\xf6<0\x0f\xd8:\xcc\
\x9f\xb7\x00\xf3R\x8bG\xd2\x8e\x92>]\xd4\xd9\x02I\
WH\x9a\x91\xd2\xa1\xc6\xe3\x81\x0a\xb1\xbc6L\xcc\xcd\
\xddE+\x90\x14I\xb3%-\x96\xb4\xb9\xb8\x16I\x9a\
\xdd\x02\xbf\xa6\x14u\xb4=\xafJ\x9a[a9\xfe\x9a\
hZ@\x92\xa6\x17\x0f<\x12\xcb\xda \x22\x00I\xe3\
%\x05\x85\xfd\xd6E!\x9e\xa5\xa3\xd4\xdbfU\xd4\x12\
\xb5]@\x97\x8fR\x09\xdb\xb8_\xd2\x9e\x95\x14\xd8\x07\
H\x9a,\xe9>\x8fz\xbb\xac\xa2\xf2\xbc\xaf\x14}\xa0\
\xb7{\xd8\x1c\x0d\xdc\xa6\x96\xb4D))\xea\xe0\x0e`\
\xa6\x87y\xe3}\xa1\x14\x02z\xde\xd3\xee\x18\xe0\x8e\xb1\
,\xa2\xe2\xd9o\x07\x8e\xf5\xfc\x89o\xddVF\x0a\x01\
\xfd>\xc0v\xcc\x8ahP\xcb\xe3+\x1e\x80\x1b\xea\xf1\
f\x14\x12\xf4\x81\xc6\xcb\x0d\xddChM\xc7\xba\x09\xe4\
:\xcc\xcb\x02\xebh\x81\xa4J\xa2%\x834\xd1\xb4\x80\
\x0a\x07\xcbVP\x7f\xcfd\x02\x92L\xd2\xc2\xc0\xbaY\
\xaa\x0a\xff\xc1Z/\xa0\xc2\xc92\x22\xea\xfb\x1d\x11\x92\
NO)\x9e\xc2\x87V\x8f\xc2\x80\x81Y\xdf\x93\x80\xbf\
\x06\xfc\xec\xc4\x9a\xdci\x13!\xcf\xb8\x0c8\xb9\xa8\xcb\
$$\x9d$3\xb3\xe7%\x9d\x84\xeb,\x1e\xe3\xf1\x93\
\x9d\xaa\xf6A\xd2~\xc0\xf1\xc0Q\xc0a\xc5\xb5;0\
\x85\xd7\xd7\xc4^\xc6\x8dp^\x04\x1e\x05V\x00\xcb\x81\
Ef\xf6\xaf\x8a]\xf2}\xc6\xe4\xe2\x01\xda\xb1\xb59\
\xe0svn\x05e\x8d\x93t\xa2\xa4\x9fJZ\x11\xf8\
\xb9\x18\x8e\x15\x92~\x22i\x96\xa4\xe8\x16]\xd2y\x1e\
eV\xfe\xd9\xda\xce\x87\xf6\xf7\x81\x86q\xba\x97\x88V\
J\x9a\x18q\xff}%}O\xd2ZOa\x94a\x8d\
\xa4\x0b%\xed\x13\xe1\xe7DI\xabF)\xa3V\xf1\x14\
>tO@\x85\xe3S\xe4F[\xdb\xb3R\xd2\xf4\x92\
\xf7\x9c*\xd7\xdal,\xa7\x89Rl\x94k\x95\x0e*\
\xe9\xf3t\x0d/\xa2F\xe6\xc4\x14\xa0\x89\xd6\xc5\x03\xc9\
\x0d\xd5O\xc3u&'\xe0\xbe\xf5\xd7\x99\xd9\x86\xc0\xfb\
\xec\x02|\x13\xf8\x22\x90*Ld3p\x09p\xa1\x99\
\xbd\x12\xf2C\xb9\xd6\xf6\xe3\xb8\xbe\xe1f\xe0N\xe0\x16\
3\xab\xfd?9D\x13\xadj\x81\xaaB\xd2\x1c\xb9\xcf\
I[X-\xe9\xb4\xd4\xf5\xe2\x8b\xba0\x8c\xaf\x03\xb9\
Y\xee\xf9\xc0\x8d\xb4+\x09\xc2\x81\xc0M\x92~$\x97\
\xf5\xacoh\xdd'\xac,r\x1d\xd7\xdf\x01\xefL\xed\
K\x0f\xee\x01\xce0\xb3gR;2\x12A\x9a\xe8\x07\
\x01I\x9a\x06\xfc\x018$\xb5/\x9e\xac\x06N1\xb3\
GS;2\x1ccJ@\x92\xde\x01\xdc\x0a\xecUS\
\x11\x13p\x89\xa5\xf6\x04\xa6\x01\x87\x03\xef\x06f\x01{\
G\xdc\xf7Y\x9c\x88\xfe\x16\xeb`\xd5\x8c\x19\x01I:\
\x14XL}\xe2\xc1FyhI\xc7\x00g\x03\x9f(\
\xe9\xc3\xb3\xc0{\xcc\xec\xf1\x92\xee\xd5B\x88&:;\
\x0a\x93\xb4\x8fF\x9fp\xab\x04O_&J\xfa\xbc\xca\
\x8d\xfc\x9e\x90\x14\xd3\x92U\x8e\xba:\x91\xe8\x8b\xdc\xd6\
\x96?\x97RD \x81~M\x944_\xd2\x86\xc0b\
\xeeU\x8bFg\x1a\x03\x02\xba\xb4\xbc$\xc2(\xe9\xdf\
tI\x0f\x06\x16\xf5\x83\xaa\xeb\xa9,\xeag\x01\xc9M\
\x12\x0e\x97\xc7\xb9\x16\x22\xfc\x9c$\xe9\x9a\x80\xa2\xb6J\
:\xb5\xca\xba*\x8b\xba\xbc\x941\x1a\x92&\x01\x0f\x01\
\x075U\xe6h\x9d\xe8^\xc8-\xcb\x5c\x0c|\xc9\xf3\
'k\x81\xa3\xcc\xec\xe5\xb2eVA\x88&\xba6\x13\
\xfd-\x1a\x14O,f&3\xfb2p\xa9\xe7O\x0e\
\x00\xbeV\xa3K\x95\xd3\x99\x16Hn\xb2\xf0\x11\x1a^\
\x18\x8di\x81\xb6!\x17'\xf4\x1b\xdc\xe2h/6\x03\
\x87\x99Y\xb2, \xfd\xda\x02}\x95t\xab\xeaQ\x98\
\xd9V\xe0<\xe0\x01\x0f\xf3\x09\xc0W\xea\xf5\xa8::\
\xd1\x02I\xda\x17x\x82\x1aBZ{QE\x0b\xb4\x0d\
\xb9\x98\xa6e\xf4~\x8e\x8d\xc043{\xba\xaa\xb2C\
\xe8\xc7\x16\xe8s$\x10O\xd5\x98\xd9C\x80\xcfp}\
g\xe0\xb35\xbbS\x09\xado\x81\x8a\xfe\xc3*\x12\x85\
gT\xd9\x02\xc1\xc0H\xf2\x11`\xff\x1e\xa6\xabq\xad\
P\xe3\xf3'\xfd\xd6\x02\xcd\xa2]\xb1=Q\x14\x91\x89\
>\xad\xd0A\xc0{\xeb\xf5&\x9e.\x08\xe8#\xa9\x1d\
\xa8\x81\xab\x80\x7f{\xd8}\xacnGb\xe9\x82\x80\x92\
g\x06\xab\x9a\x22\xbe\xfb\x1a\x0f\xd3\xd6o\xa4l\xb5\x80\
\xe46\xfd\x1d\x9a\xda\x8f\x9a\xb8\xda\xc3\xe6HEl\x11\
j\x82V\x0b\x08\xb7c\xb4_Y\x06\xac\xf3\xb0ku\
\x1d\xb4]@G\xa6v\xa0.\x8a\xd1\xd5B\x0f\xd3V\
\xd7A\xe9\xbd\xf1\x92\xf6\x00N\x07\xde\xe6\xf9\x93g\x80\
\x1b\x03\xf7r\x1f\x1e\xecX\xb7\xb8\x87\xde\xcb\x1bAu\
\xd0\xd0{\x19R`p8\x87\xa4OJZ\x1f\x10\xaa\
\xb0\x8d\xf5\x92\xce\x0a\xf0-4\xfdK\xe5\x94\xaaT\xff\
\xe7\xfb\x80\x87\x0b\x7f\x09\xb8_%\xefEu\xc6\x03I\
:I\xee\x0c\xf5\xb2l\x91\xcb\xc8\xe1S!\xab\x22\xca\
\xa9\x84`U\x04 \xe9\x10\x0f\x17Vz\xde\xab\xb2\xf7\
\xa2\x00M\x94\xe9\x03}\x87\xb8\xbe\xd38\xe0\xdb\x9e\xb6\
o\x8a(\xa7\x0b\xf8|6|\xeb\xa0\xc9\xf72@\xd0\
R\x06\xae\xcf\xb4\x81\xf8\xbcB\xaf\x01\x13\xcdl\xd4\x93\
o$m\xc2\xadN'\xa3\xea\xa5\x8c\xc1\xc8\xc5Ao\
\xeaa\xb6\xc9\xccv\xeeq\x9fJ\xdf\x0b\x01'\x12\xa5\
\x1a\x85\xa9\xb8\xc6:\xed\xda'U\xe2\xbd\x04\x09\xa8h\
1\xee\x0d\xf9\xcd\x08\xdccf[<\xec^\xaa\xa0\xac\
6\xb3\xab\x87M\xcf:H\xf0^\x06(\xd3\x02\xcdg\
\xf8\xd3l|\xd9\x82\xfb^\xfb\xd0\xef\x02\xf2\xc9\xf5\xe3\
[\x07\xf3i\xee\xbd\x0c\x10, 3\xbb\x038\x07\x97\
70\x94\xf5\xc09fv\xa7\xa7\xfd\x7fK\x94\xd1%\
|\xf6\xf2\xff\xc7\xe7F\x0d\xbf\x97\x01Ju\xba\xcc\xec\
\xd7\x92n\x06>\x08\x1c\x8c\x0b\x80\x1a\x8d\x8d\xc0\xe3\xc0\
M\x81\xe7m=\x86_\xf2\xcd\xae\xe23I\xf8\x98\xef\
\xcd\x1a|/\x03\x94\xee\xb5\x173\x97>\x0b\x821\xac\
\xa8\xf9\xfe\xa99\xce\xc3\xe6\x91\x90\x1b6\xf4^\x06h\
\xfbZ\xd8\xf2\xd4\x0e\xd4\x85\xdc\x9e\xb1\xf7y\x98\x06\x09\
\xa8i\xda.\xa0\xc5\xa9\x1d\xa8\x91\x99\xc0[=\xecZ\
]\x07\xad\x16\x90\x99\xfd\x13\x97\xd8\xbb\x1f\xf1Y\x13\x5c\
nfO\xd5\xeeI\x04\xad\x16P\xc1\x82\xd4\x0eT\x8d\
\x5c`\xfd\x99\x1e\xa6\xc1\xa3\xa2\xa6\xe9\x82\x80~\x9b\xda\
\x81\x1a8\x1fx\xb3\x87]\xeb\x9f=o\xeb\xe9AM\
\xdbz\x1e\x05\xf6\xeda\xba\x9a\xbc\xad'\x9eb[p\
c\xc3\xd2\x06\xf8\x06\xbd\xc5\x03pu\x0a\xf1\x84\xd2\xfa\
\x16\x08\x06R\xf8\xae\xa4\xfb[\x9bg\x00K\xe9\x1da\
\x90\xb76WI1\x12\xf9Ej?b\x90;z\xe1\
Z\xfc\xc2S\xaeJ%\x9eP:\xd1\x02\x01\xc8\x1d\x5c\
\xb2\x82\x86\xe3\x83*L\xefr-\xf0Q\x0f\xf3M\xb8\
\xf4.kc\xcb-K\xdf\xb5@\x00f\xb6\x1awp\
I\x17\xb9\x04?\xf1\x00\x5c\x9cR<\xa1t\xa6\x05\x82\
\x81\x13l\x1e\x02\xa66Uf\xc3)\xee\xd6\x00\xd3s\
\x8a\xbb\x9a(\xb6\x04_@\x07\xa2\x19\x8b>\xcfu\xf8\
\x8bG\xc0gR\x8b'\x98\x90\x08\xfc\xb6 \xe9\x87\x11\
\xbb\x0f\x82(\xe9\xdf\x0cI\x0f\x07\x16\xf5\xfd\xaa\xeb\xa9\
,\xea\xe74\xbf0\x90h|I\x84.\xbc\x09\xf4k\
\x92\xa4\x8b$m\x0a,f\xb1\x5c`|+P\xbf\x0b\
\x08@\xd2\xder\xc7\x04\xd4\x8a\xa7/\x93$}A\xd2\
\x93%\x8ax\x5c\x92\xcf\xaa|c(@\x13\x9d\xeaD\
o\x8f\xa4C\x80\xbbIp\xd8\x8a\x5c\x07y&nU\
\xfdL\xfc\xd6\xb6\xb6g\x1d\xee\xb0\x95'\xca{X=\
A\x9a\xe8\xb2\x80\x00$\x1d\x8d;+\xac.\x11\xed\x84\
\xdb=\xf1\x16\xdc\xe8\xef\x08\xe0]\xb8\xcci1-\xc7\
:\xdcqO\x7f\x8f\xf6\xb0b\xc6\x94\x80\xc0\x9d\xcc\x0c\
\xdcFw\x0e\x9c[\x85\x13\x8fw\xbcs\x93\x84h\xa2\
S\xc3\xf8\x910\xb3U\xc0\x09\xc0\x92\xd4\xbexp7\
p\x5c[\xc5\x13J_\x08\x08\xa0X;:\x01\xb7\xb7\
)f\x7fT]\x08\xb8\x0c\x98ef>\x89\xa5\xbaA\
H\x8f\xbb+H:U-\xc8\xec1\x88\x95\x92NI\
]/\xbe\xa8\xcb\xa30\xb9\x85\xc73\x80\xf7\xe3Z\xc8\
\x07\x80_\x99\xd9\xff\x02\xef3\x09\xf8:n&8U\
\x82\x86M\xb8\x94\xbe\x17\x15\xb3\xe8\xdeH\xda\x0d\xb7Q\
\xf0h\xe0U\x5c\x1f\xef\x86\x22>\xaaVB4\xd1\xaa\
\x16H\xd2\x14I\x7f\x1c\xe6?\xf8\x19I3K\xde\xf3\
@IW(\xfc\x14\xc1\x186H\xba\x5cR\xa9(J\
I3%\xad\x1b\xe6\xbe\x0b%\xf9l\x87\x8eB]\x9c\
H\x94\x13\xcfh\x19\xc9\x9e\x92\xb4{\xc4\xfd\xf7\x96\xf4\
]\xd5\xfbi[U\x94Q\xfa\x0cTI\xbbIzz\
\x942\x96\xaaf\x11\xa9k\x02Ro\xf1l\xe3\x82\x0a\
\xca2I'\xc8\xb5\x10\xa1\xebU\xc3\xf1\xb0\xa4\x1f\x17\
\xf7\xac\x22v\xe8\x02\x8f2k\x15\x91\x024\x91|\xfd\
\xa5\xa8\x88\xdb\xf1\xdb\x03\x1f\xbdO\xbe\x883\xfeSq\
!\x17.{<.\x1b\xea\x11\xb8\xb9\xa4=\x80\xc9\xbc\
\x9e~\xe5%\xe0E\x5c\xb2\x87\xc7p\x81m\xcb\x81E\
5D\x0e\x1e\xebis\xbb\xa4\x93K'\xc7\xac\x88\xa4\
\x02\x1a$\x1e\x9fJ\x03x\xa5j\x1f\x8ap\xd9\xeb\xab\
\xbeo\x04\xbe\xe1\x1c\xad\x10Q\xb2y I\x93qK\
\x10\xbe\xe2\x01\xb8\xb5\x1eoZ\xc5m\x01\xb6\xc7\x02\x0b\
$\xedY\x973=\x09\xf9\xdeUX\xe6dI\xf7\x05\
\xf65\xee\x94\xb4CeN\xb4\x14I\xe3$\xdd\x12X\
7\xf7W)\xa2 M4- I\xe3%\xdd\x15X\
A\xb5\x8f<\xda\x84\xdc\xa0bi`\x1d-RE1\
Em\x17\xd0YY<\xbd))\xa2\xb3+*\xdb\xfb\
J\xd1\x07\x9a\x13`\xbb\x0cH>\xd2HA\xf1\xcc'\
\xe3\xea\xc0\x97\xd3jrgDR\x08\xc87q\xf6\x98\
\x15\xcf6J\x88\xa8\xf4DkYR\x08\xe8A\x0f\x9b\
1/\x9em\x04\x8a\xe8\x1f5\xbb\xf3F\x12\xf4\x81\x0e\
\x96\xf4r\x17\xfa<\x92&\xc8e\x93O\x8eG\x9fh\
\x83\xa4i\x15\x95\xd5\xdeNt\xe1\xe0\x87F\x10\xd1\xc2\
6\x88G.\x1c\xe4>I[\xe5\x0e!Y\xa2\x16\x84\
c\x14\x22Z4\x82x>\x5ca9\xdeW\xb2p\x8e\
\xe2\xbf\xe5|`\x06\xf0\x02p3p}h\xa6\xf4\xaa\
\x914\x17\xf89o<\x86`+0\xd7\xcc~\xd9\xb8\
S\x83\x90\x1b\xaa\x9f\x89\xeb0\xef\x8e\xfbl\xfd\xcc\xcc\
\xbcN\xf5\xf1,\xc3\xdb\xb6u\xf1@)\x91\xb4\x17.\
\x8d\xcc.#\x98\xac\x07\xa6\x9a\xd9s\xcdy\xd5<!\
\x9a\xe8\x9b\x90\xd6\x8a\x98\xc3\xc8\xe2\x01\xb7\xb8\x1a2\x0d\
\xd1\xf7d\x01\x0de?\x0f\x9b$\xa9\xf6\xdaJ\x16\xd0\
P|\xd6\xda\xfa~=.\x84,\xa0L\x14Y@\x99\
(\xb2\x802Qd\x01e\xa2\xc8\x02\xcaD\x91\x05\x94\
\x89\x22\x0b(\x13E\x16\xd0P|\xceK\xf7>S}\
,\x90\x054\x14\x9f\xfc\xcckj\xf7\xa2C\xe4\xc5\xd4\
A\x14\xa1$O2\xfab\xea\xfee\x0f\xa8\xed\x0ay\
1\xb5$E\xf4\xdf<\x86\xcf/\xb4\x05\x98\xd7\xef\xe2\
\x09&E@Y\xdb\x914[.\xf5\xee\xe6\xe2Z$\
ivj\xbf\x9a\xa2\x13\x01e]\xa0\x08\xde\xc2\xcc\xc6\
T\xc7\xb9\xb6\x80\xb2Lf{r\x1f(\x13E\x16P\
&\x8a,\xa0L\x14Y@\x99(\xb2\x802Qd\x01\
e\xa2\xc8\x02\xcaD\x91\x05\x94\x89\x22\x0b(\x13E\x16\
P&\x8a\xff\x03\xa9\xcb\x5c^\x0b@\xc8\x8d\x00\x00\x00\
\x00IEND\xaeB`\x82\
\x00\x00\x06N\
\x89\
PNG\x0d\x0a\x1a\x0a\x00\x00\x00\x0dIHDR\x00\
\x00\x00`\x00\x00\x00`\x08\x06\x00\x00\x00\xe2\x98w8\
\x00\x00\x00\x09pHYs\x00\x00\x0b\x13\x00\x00\x0b\x13\
\x01\x00\x9a\x9c\x18\x00\x00\x06\x00IDATx\x9c\xed\
\x9ck\x88UU\x14\x80?\xa7IM-\xabQQ\xc9\
r,\x9a\xd2\x02-\x83^&#\x155\x11ZQ\x91\
QV:\xbd\xfe\x18\x84YIO\xcd\x1e4AE\xa6\
\x19EB/{PDTZY`\x93\x8a\x7f\x86\x1e\
>R\x22\xd3\x9c\xb2D\xe9\xa1\xe68\x13\xab\xd6\xc04\
\xdc\xbd\xcf\xb9w\xf6>\xf7\xde\x99\xf5\xc1\x86\xcb\x9ds\
\xf7Zg\xefs\xf6z\xec\xb5\x07\x0c\xc30\x0c\xc30\
\x0c\xc30\x0c\xc30\x0c\xc30\x0c\xc30\x0c\xc3(\x0e\
\x87\x01\x93\x80\x9b\x80G\x80\xd7\x81/\x81\xcd\xc0V`\
'\xd0\x02\xec\xd7\xcf?\x02\x9b\x80F\xe0\x15\xe0!\xa0\
\x1e\x98\x08\x0c\xb0ILf(p\x03\xf0\x02\xf05p\
\x00h\x0b\xd4d\xa2\x9a\x80\xe7\x80k\x81\xc16!\xff\
q\x02p7\xb0*\xf0\x80\xa7\x99\x90\x95\xc0\x1d\xc0\xb1\
=m2\xfa\x02\x97\x03\xcb\x81\xd6\x0c\x07\xdd\xd7\xd6\x02\
7\x02\xfd\xe8\xe6K\xcc\xe3\xc0\xae\x12\x18\xf06G\xfb\
\x0d\x98\x07\x0c\xa2\x1b1D\x8d\xe8\x9f%0\xc0m)\
\xdb\x1f\xc0\x93\xc00\xca\x98C\x80\x07\x80=]\x18\x88\
\x1f\x80\xa5\xea\xd1\xccP\xaf\xe8x\xe0(\xe0\x08\xe0 \
\xa0R?\x8f\x00j\x80\xf3t9y\x18x\x1b\xd8\xd6\
\xc5\x89\xb8\x0b\xe8C\x99q\x09\xf0}\x017\xbc\x15x\
\x16\x98\x12\xf8\xe9\x1b\xa1vg1\xd0\x5c\x80^\x1b\x81\
:\xca\x00q\xef\xde\xc9\xf3\xe6\xb6\x03\x8f\x02\xa7\x01\xbd\
2\xd0\xb1\x028\x03x\x02\xd8\x91\xa7\xae\xaf\xea\xdbV\
\x92\x5c\xa0\x83\x99\xe6F\xc4\xfb\xf9\x08\xb8\x148\xb8\x88\
:\xcb\xd2r\x15\xf0Y\x1e\x93\xb0\x05\xa8\xa5\x84\x905\
\xb8!\xa5K\xd9\xaao\xc8\xa9\x94\x1eg\x01\x1f\xa6\x9c\
\x04\x89Y\xe6\xeb\xdbTT\x0e\xd7'9\x8d\xd2\x9f\x00\
c)}N\x07\xbeHyO\xef\x01\x87\x16KQ\xf1\
F\xd6\xa7PRr4WP^\xf4\x02\xa6\xa54\xd8\
_\x01\xd5Y+86\xa5\x01[\x08\xf4\xa7|\x19\x08\
\xbc\x94\xd2\x91\x18\x9d\x95R\xa7\x00\xbf&($\x933\
\x99\xee\xc3e)\xeeY\xa2\xe8\xf1Y\xac\x8fI\xa9\x84\
\xc6r\x8f =\xb1\xc4\xda\x14\x93\x10\xcd\xc1\xa8I\xf1\
\x14,\xd1d[\x0c\xc6\x01\xb7kd\xdc\xa4{\x00\xfb\
\xb4\xed\xd4\xef\x96\xea5\xb1\x8c}?\xdd\x97\xf0\x8d\xc1\
\xcf\xc0\xa8\x18\xf9\x9c\xcd\x09\x82%\xad\x1cc\x0d\x9e\x9d\
\xd2\xd8wn\xeb\xf5\xb7\xd2Gh\x03=7A\xf6\x06\
\xa0*dNgM\x82o?\x93\xf0\x01\xd2\x9c@\x99\
\xd3]\xfap\xf4\x0e\xac\xe3\xec\x04\xb9+C\xe5\x90\x16\
%\x0c\xfe\xcd\x847\xf2\xeb\x02\x0c|\xe7\xb6N\x97\xb1\
\x90\xdc\x96\x10\x80>\xd5U\x01W&\xdc\xd4,\xc2r\
=\xb07\xc2\xe0\xb77\xc9\xcc^\x17X\xe7{\x12\x1e\
PIL\x16\x84l\xd5\xed\xf6t\xfet\xd8\xfb`V\
F;d\xad\x11\x1e\x9c\xc5\x1ey\xe2 \x8c,\xc4\xd0\
\xacH\x08\xc1%\x17\x1f\x8a[R\x0e^\x93\x1a\xc0Z\
\xf5\xca\xfak\xab\xd1\xef\xe6\xea5i\xfa\x12\x99!\xf3\
a\xbe\x94\xcc\xb2|;\x9c\x96\xb0Ird@\xe5'\
\xe9&\xb9o\xb0>\xce3\xc8\x19\xaf\xbf\xf1\xf5\xd9\x12\
8\xab9X\xf73\x5c\xf2\xa6\xa6\xed\xa8\xca\x93f\xf8\
[s\xe9\xa1\xa8JHa\xef\xee\xca\x1a\xaa\xbf\xf5-\
\xa3?\x85t\x17\x81s\xb4N)\x97\xac\xe6\xb4{\x09\
\x0b<\x0a\x8b\xc1\x09\xc9\xf3\x1eY\x12w\x8c\x09 c\
\xb4\x16l\xb9\xe4\xc8\xfa\x1d\x92\x07=\xb2d\x9f\xd9\xcb\
H\x8d,s\xfd\xf8\x9b\xc0\xbe\xf4\xc9\x1e\xa3\xbb#p\
4Y\xedy\xab%\xb7\x7fR@Y}<\x81\xe3\x1e\
\xdd\xcf\xce\xdb\x9a\x8b\x92g\x13\x96\x97\x1d\xb2\xf6k9\
ah&z\x96\x07)e\x0cI\xad\xe7\xe1\x92=\xef\
\x9c\x8c\xd25\xde\x95\xe3\x09\xc9 \xcf\x9b\xb6\x80x\xb8\
\x96\xd7}\x11j\x81^\xf3\xc8\xca\xe9\x966x\x0co\
\xe8\xf2\xbd[=e C\x89\x87\xf4\xfd\xbbC\xb6\xe8\
\x14\x92\x1a\xcf\x1b\xf7X\xe7\x8b\xfbz2\x9d\xa1\x8d\x94\
\xf0\xaeC\xd6\x22\xe2\xb3\xd0![t\x0a\xcd\x8b\x0eY\
\xbft\xce\x13]\xe3Y\xfbcl\xb7\xedt\xc8\xab#\
>\x17:d\x8bN\xa19\xceSt\xfc\xbf\xb8\xc0U\
\x96\xf1~\x04\xa5\x869d\xfd\x15q/\xa1#}T\
V.\x1d\x86G\x90\xe7\xaa\xb4\xf8\xb4\xfd\x82A\x9eH\
\xf4\xe2\x08\x0a\x9d\xe9\xa9>\xcb\x8a\x0d\x0e\x1d\xa44%\
4S\x1c\xb2\xf6\xb7\x07\x81\xae\xb4\xc3\xd6\xc0\xf9\x9e\x8e\
\x05\x5c\xb9\xe4}Nv\xac\xc8p\x09\xac\xd4\x88;\x97\
<9,\xc2[\xf9\xfa\xab]d\xb2'\xc1\x97\x15.\
'@*\xf5b\xe0\xdaSy\x13O\xed\x8b\x18\xab\x18\
\x9c\xeb\x90\xb7\x86\xecX\xe5\xd0\xe1\xfcH\xf2\xea\x1c\xf2\
\x9a]\x13\xb0;bI\xf68O\x01WVlq\xe8\
 \xbbq1\xe8\xebH\x0a\xca\xd2\xf4\xef\xe1\x89\xce\x7f\
\x90\xba\xc7X\x0cp\x84\xe9\x072*g\x19\xeap\x0d\
[#\x9f\xa6t\x8es\xa5\x1efhV\xc3;?\x92\
\xf1\xed\xc8F\xc7\x13XO|f8d\x7f\x17Yn\
\xfb8o\xd3\xb1\xceb\x9c\xf36J\xcb3\x90\xbd\xac\
\x88Qx\xc9p\x91c\x10\xda\x80\x09\x11\xe5N\xf0\xc8\
\x15\x9dz\x0c\x95\x9e\x9d\xb0\xc6Hu\xf7\x15\xda\xb7\xcb\
\x1b\x11\x9dz\x14s<O\xa3\x1c\x15\x0d\xcd\xbc\x8c\xab\
\xfaJ\x9e\x81\x9e\x0c\xacx$W\x07\x9455a\xf7\
-t\xf9b\xd9P\xefy*e\xc0\xee\x0f cf\
B\xd5\xc5tz0\x15)\xceeI\xc5\xf3\xd1\x05\xf4\
-\xbfy#\xa1\xef\x0f2:\x99Y\xd2\x0c\xf1D\xa6\
\x1d7\xb3\x1bRVI\x8c\xd1k\x93\x0e\x88K}\x93\
\xfd\xd7\x14\xe5\xc4\x14g\x0f\xda\xdb&\xf5\xd9\xef\xd5\xe5\
c\xba~^\x94P~\xd2\xf9 EfG\x8a\xca\x85\
1\x9a\x0fj\x8b\xdc\xb6\x97\xc9i\xcd\xa2p\x0c\xb0:\
\xe2\xe0\xaf.\xd0\x9e\xf4(zk\x91\xad\xabl\xa5\x90\
\xb6W\xfb\x0c}H\xa3[S\xa3\xc5[I\x85\xbb\xbe\
\xd6\xa2}\xc8\x99f\xa3@\xaa5\x1e\xf86\x8f\x81\x97\
2\xca\xfb\x8aq\x80\xba\xbb3\x5c\xb7\x0d\xe5\x7f\xf8<\
\xa3\x15{K\xf4\xf3\x9d\xfa\xb7\x18\x95\x0d\x86a\x18\x86\
a\x18\x86a\x18\x86a\x18\x86a\x18\x86a\x18\x86a\
\x18\x86a\x18\x86A\x19\xf1\x0f\xd5\xf7Ws\xf1\xba~\
\xa7\x00\x00\x00\x00IEND\xaeB`\x82\
\x00\x00\x0b\x83\
\x00\
\x00\x86\xbex\xda\xed]\x0d\x90UU\x1d\xff/\x8b.\
\x14\xb0+\xa2n\xda\xb8\x1b\x01\x91Am\x14\xb6\xe6\xb2\
\x0f\x91\x9cr\x96\x81\x04\xd1D' \x935\x06\x87j\
\x5c\x17\x03v\x97\xa6B\x9a`\x1dG\x9c\x1c\x13\x04J\
\xb1\x0f\xe3C\x1b\x0dkSp\xc7\xc5D\x9b\x91b\xb4\
a\xc1J*\x85\xcd Vx\xfb^\xff\xff\xde\xdf\xf1\
\x9d={\xef}\xf7\xbew\xdf\xc7\xbe\xbdg\xe67\xe7\
\xdd\xf3\xf1\xff8\xf7\xdc\xf3\xf9?\xe7\x11\x15\xd194\
}:\xb1_I\x13g\x10\xcd'\xa2\xaa*\xeb\xf9\xb1\
\xf1D\xab9\xac\xb2\x12\xcfeD\x13\xea\x89\xca\xcb\xad\
\xe7\xb5\xc3\x89^n$*+\xb3\x9e\xeb\x87r\xfe5\
D\x13\x99\x06\x93\xa4f\xb2\xc2{\xdd\x0c\x0a]\xe8\x82\
pR\xa1\xb63\x0e3\x8e\xe5\x18\x87!KE\x96t\
/a<\xc0\x88\xe7\x196B\xb6L\xbb\x0f1\x9e\xcf\
C\xfd\x9f\x87l\xd9x\xff\x0f\xe7\xa1\xfe?\xc9\xd2\xfb\
\x177\x8aq?c\x0f\xa3\xcd\xc0~\xc6)C\xb6\xb7\
m\xd2%\xc3\xdb\x06\x8dS\xa0m\xa6\xdb\x03YFe\
\xb9\x0d\xe4\x9e\x96F3.4P\xcb8d\xc8\xfe\x8c\
M\xbadx\xc6\xa0q\x08\xb4\xcdt\xa3!K\xbe\xb8\
I\x8c\x83\x86\xec\xbbR\xa0\xb3\xcb\xa0q\x10\xb4\xf3\xdd\
\x85\xfa\x87\xfa\x87\xfa\x87\xfa\x0fT\xfd\x87b|\x7f5\
c\x16c\xb6O,c\x1c5d\xdf\x9f\x02\x9d\xfd\x06\
\x8d\xa3\xa0\xed\x97\xce,\xcc|+=\xf4\x93<\x8b\xa6\
u\x8c\x0e\xc6;\x8c\xd3\x8c\xf7|\xe2\x0c#f\xc8\xde\
\x93\x02\x9d\x1e\x83F\x0c\xb4\xfd\xd29\x8d\xb1\x94\xe8t\
\x0ft\xb4s\xb2\x5c\xf0J\x1e\x8ek\x83\xc6\x9f\x18W\
\x19\xba\xcb8\xea5\x9b\xf7V\x88\x88A\xd7\x0b\xa1\xfb\
p\xc6\x8f\x07\x81\xde&\x1ed\x0cc|\x92\xf1\x17\x9b\
x\x19\x7f70\x96\x0ep4\xd8\xcc%\x04\x7ffL\
f\xdc\xc08k\xc4=Z\x80kV\x8f\x19:\x8a\xce\
\xf3\xd1\xa7\xe8\xe1gP&\x85\xe6n\x80n\xba\xae\xa2\
\xfb]F\xd8I\xc6\xb5\x05\xa8\xff\xb5\xd0M\xd7\xf5\xae\
P\xffP\xffP\x7f\xcf\xfa\xaf\xb4\xe9G\xfe\xca\xf8\x8c\
G\x19\x1e\xb7\xc9\xff\x12c\xac\x96&\xdd\xb1\xc8\xecP\
\xff\x01\xad\xff\xad\x8c\x13\x83X\xff\x91\x8c{\x07\xb1\xfe\
j\x8f\xe59\x9b\xb42\x97\xad)\xf0\xf6O9Y\xb3\
\xe8\xb4I/\xfb\x1d\x97\x0e\x02\xfd\x09u\xf9\xb4M\x9e\
'\xc8\xff^\xd7@\xd4\xbf\x98\xf1\x90M\x1e\x99\xbb,\
\x1e\x04\xfa\x8b\xbb\x98\xb1\xc3&\xdf\xdf\xb0\xb6W\xe8\xfa\
\x13\xe6\xe9v}\xe2\xab\x8c\xd2\x1c\xeb\x9f.\xbc\xe8/\
\xeef\x872\xd8\x8c>\xb3\xd0\xf5w\x1a\x17\x9c@\xd9\
\x14\xba\xfen\xe3\x82\x13\xf8F\x0a]\x7f\xb7q\xc1\x0e\
\xb4\x95\xd9\xd6\xff\xbf\x8c\xdf\xa2mK\x86\xa3\x1e\xf5\x7f\
<\xc5\xb2|\x08}\xe6@o\xffS\xd5_\xc6J\x9f\
\x1e\xc4\xfa\x0bf\x86\xfa\x17\xdc\xf8g0\xad\x7f\x85\xfa\
\x87\xfa\x87\xfa\x87\xfa\xe7\xa3\xfesm\xc6t\xf7\xf9\x90\
\xff\x9b6\xf9\xd7R\xc2\x16!\xdc\xff\x09\xf5\x0f\xf5\xcf\
\xae\xfew\x1aa\xffc\xd4\x15\xa0\xfeu\xd0M\xd7U\
t\xbf\x8d\xfa\xdb\xea}\xbd\x00\xf5\xbf\x8d\xfa\xdb\x14J\
\xd85\x8c.#\xfc\x08c\x1a\xe3\x12\xf2\x7fn!\xdf\
 :\xd4B's\xcd\xe8\x0bd\xd9\x85v8\xac/\
\xef#\xff\xe7V\xf2\x0d\xfb\xa0\x8b\xa9_\x07t\x17\xb7\
\x80\xfa\xdb\x80\x152D\xd7\x9b\xb4oC\xec\x00\x7ff\
\xf3}\x14\x22D\xc7\x9fBg\xdd\x8d@\x7f\xf0&\x15\
\xa6\x1d\xac\xe8\xf4\x16t\x1c\xe1\xd0F\x0eE[\xf1]\
F;\xe5\xc7\xf9\xd6 \xce\xc7\xb6C\xa7\x19\x94_g\
\xc5B\x97c\x177]\xb7\x84V\xc4\xe32\x22\xa0\xd2\
\xfe\xbe\x8a\x8f\x8a\x1f\xe1\x0c]\x91hi\xdc\xb3\xdfe\
\xb1-\xed\xc4~N\x9b\xe5\x177[~\x91)_\xb1\
%U\x9bg\xbf3\xd2Y\xc5d\xdd\xfc\xea\x12+]\
M\xb1\xe5\xd7\x16\xf5\xf5#\x04\xbf\xb9\x89}\xd6\xb2-\
\xd2\xd7\xef\xac\xb0\xfc\xae\xd2^\xbfZ\xd1u\xf0#\x90\
\xcb\x97\xefQ_\xb3\xbcT9*_\x95\xaf*o\xf3\
u\xcb=\x11U\x8c\x85\x94\xb8'\xa2y\xfc\xa0\xfd\x1c\
\x86\xa08\xea\x19\xdf\xce0\xea\xc1\xab(@\xf9\xe5\x0e\
\x84\xdd\x98\xe7\x9c\xcd0\x84\x87\x9cQ\xbb4@\xf9k\
l\xc6\xe9\x99\xc4\x11J\xdd\x9e\xcc\xce]\xc0he\xbc\
\x0e\xda\x0a\xfffD1\x06\x89\xe2\xf9H\x12\xa8<q\
\x87<\xaf\x83\xd7\x98\x80\xbf\x019O>\x15\xe3\xa0Z\
\x94\xcfj\xcc\x11E\xfew\xd1\xcc\xd4hiL\xd4 \
\xcd\x7f \xbf\xe4]e\xe4\x99\x0a^\xd9p\xb2n\xa9\
\xee\x138N\xd6\xb9\x8fdn>\xd2\xaa\xfb\x0b\xe6\xe6\
\xb0]\x9a\x07\x19b\x90\xc9\xcb\xf9\x14I\xf3\x8e&\xff\
\xbcP\xfe\xb4\xe5\x8f\xfb\x94\xffx\x86\xe4\x1f\x82\xb6F\
\xd6\xdd\xc7%\x81\xa4Y\x86\xf5\x8e\x18\xbe\xc9\xe5I\xf2\
\x8eE\x9a\x13\xdaZ\xc92\x1f\xfc.\x80\x8cvN\xec\
3\x1a\xd0w\xc8\xde\xc7+\x1e\xd0\xa9\xadO\x9c\xc5s\
&\xf2\x08\xe4\xdc\xf1N\xac\x0d\x9a\xb6$S\xb0\xa6b\
7\xb7\x8ci\xbf\x9d\xfc\x1e\x87\xf4^~{Mk\xde\
\x893E\xeb\x9b\x1e\xd1\xca$\x9f\xe7\xf81\xed\xbd=\
\x82>\xeeK\x8c\x7fhq2\xb7\xdd\x86>p\x03\xd0\
j\xf8\x1bl\x9eS\xfd\xed5\xed6\xc8\xa6\xf4\x10\x99\
\xbf\xc8X\xa3\xe9\xf7wr\xb6\xd3\xc8\x077\x132*\
y[\xc8\xda\xe7S\xcf\x07\xf0\xad\xe7\xab\x1b\x07\x19\x95\
\xbc\x22\xfbF\xea{\x1f\xc1G\xf2X\xfe\xb1\xd4\xf7\xfe\
\x83\xfb\x07\xb8\xfc\x1b=\xc8?\x19c\xc6&\xe0+\x8c\
\x0f\xb8\xf0\xa85\xd2\xcfa\x9c\x8b\xb8\x9b\xb4\xf0\xd5\x86\
o\xfen\xc1\x1eA\xba\xe5\x7f\xb3\xd1\x86=I\xee\xfb\
\xda\xcdF\xfa\xad\x94\xb0c\xfe\x8d\xcf\xf6\xb2:\x00\xf9\
\x17P\xff;K\xdc\xe4_m\xa4\xdf\xa2\xc9\xbf\x5c\x1b\
\xfb\x04!\xffF\x1f\xf2\xf7\xf8\x94\xbf\xc7F\xfe\xf3\xc1\
\xef=\xa3\x7f\xbd\x17\xf9t\x04U\x7f\x82\x94_}O\
\x1dF\x9a\x06\x8f\xeb\xbf\xb9\xae?\xca}L\x9b\x03(\
[\xe3;<\xe8\x90\xeb\xfa\xa3\xbb\x15\xc6\xb7\xf0*%\
\xbf\x895\x88\xfa#\xf6\xe0\xe7\xb9\xf0X\xe9Q\xfe1\
\x18\x83\xc5\xb5\xf5\x8b\x17\x92\xac[\x05Q\x7f\xfc\xc2I\
~\xb5.\xf6\xa4\x91\xbe\xd5e\x1f(\x88\xfa\xd3\xa3!\
\x9e\xe4w2\xf9\xa5\xac/\xd7\xe6\xd0j\x0c\xb9\xc0a\
\x9e\x15D\xfd\xf1:?\xf0\x22\xbf\xfe\xcd\x9c\xd4\xe8\xb7\
\x93\xfd\xb9\x8d \xea\x8f\xdc\xe9\xb2Nk\xa7\xf5\xbe_\
\xd6\xa2\x9eu\xa9?\x13\xb1\xbe\xe6E\xff\x17\xb5qG\
\x90\xf5g'\xfa!'\xb7\xca\xa5\xfc\xa5\xdd<\xa8\xbd\
C\xa7z\xa7\xe2'\xe6Y\xfb\xef\xa7\xfc\x05\x9f\xca\xe3\
\xf6?[\xe3\xffB\x91?\xc8\xf1C6\xe7/\x0b\x8c\
vsw\x12\xf9\x9b\x8c\xf4\xb9.\x7f\xb1\x8f;\x84v\
C\xee\x86z I\xfb\xb3\x14m\xecA\xf8k\x93\xcc\
\xd72-\xffH\xb4{\x0a\x97\x90\xf3Y05\xc6\xd7\
\xd3\x97\x07\xb8\x17\x97J\xfd\x19H\xeb\x0f\xd9\xb2YO\
G\xfe\x97\x8c\xf2\xff\x91\xf6,\xf7\xdf]\x96\xc7\xf2_\
\x06\x19\x95\xbc\x22\xbb\xdc\x8br\x0a\xed\x85\xac\x8b>\x8a\
5\xd1i\xe4\xbc\x0f\x97m\x88,bg\xbc\x1d2\xc6\
 \xf3\xd7\xc8\xba\xbbT\xb7\xb3\x94\xb9\xb5\xd8c\x1d\xc9\
3\xbc\xa5\xcd\xfb\x95\x9d\xe4$\xcc9\x97RbOs\
 @d\xfd\x861_\xbe\x0a\xf37\xd9O>M\x99\
\xb7\x13\xf0\x8b\xd3\x90\xad\x83\xfa\xdf\xd3\xa9\xaf\xef\xce\xc1\
\xfb\xf8V\x9ea)d\x9b@\x05\xe4,k!\xf6\x9b\
\xb9\x93t\xf3\xdb\xc4f\x8b\xfdXiW\x93\x8b/\x9b\
qr\x9a\xbf\x0d;\x82\xcdd\xdf\xfb\xf6\x1a,u\xba\
\xf8\xc5]\x95\xe4\xeeWUX~u\xa9\xe5\xd7(\xbf\
\xa4\xb3W\x84\xdab\xf8E\x96\x1fi\xb1|'z\x91\
\xb8\x1f\xdfAn'\xa7\xcaC\x95\x8f*w\x99\x10U\
\x92uI\xef\xfbvZe\x03\xaa\x0aM\xc2\xbeX7\
\xbe\xf1T\xd0\x0d\x1a\xa9\xdc\x83\xbd(\xc0vuQ\x8a\
ep#\xda\xe3z\xcc\x0f\xe2h\xeb\x96 \x5c\xc7\x12\
\xc4\xa9\xb9D=\xc2o\x0c\xe8}\xa8\xf9\xc7\x1b.i\
\xde@\x9a\xa6\x0c\xd4\x87\x16\x1f\xfc[2\xc0?\xd3\xfa\
\xdf\xc2\xd8D\x96\xad\xbd\x89mX\x07\x16\xda\xefb\xef\
\xc7L\xb3\x15qj\xcdx\x9b\x03\xad\x87\xa9\xff\xfd/\
{r0\xd6x\x16\xbc\x97ha\x7fd<\x85\xfd\xac\
L\xe0)\xf0\xd0\xcf3\xfd\x0a\xbf\x7f\x97\xc5\xb6\xed\xf7\
\xe0)\xbc\x9f\xc6\xefMY\xe4\xbf\x09<\x9f\xd6\xf8o\
\xce\x22\xff\xcdI\xf8\xd7h\xef\xe8\x876\xf9\xaf\xd7\xe2\
W \xec\xb5$\xf5m\x9c\x0f\xfeWj\xf9\xd6\xda\xf0\
\x9f\xab\xc57\x18\xfb#\xb9\xe2o~\xc7W\xa6Q\xfe\
\xa9\xf2\x975\x95\x7fQ\xc2\x86\xf3\xfc\x00\xf8\x7f\xcf&\
\xffl\x07\xfe\xe2\xae\xd0\xe2\xf6\x06\xc0?\x19\x1a\x1c\xf6\
\xf0T\xfc\xaa\x1c\xf0'\xeak\x13pE\x1a\xfc\xa5\x8d\
\xfa2\xde\xb9\xe0:\xec\x93\x98\xfc\xafw\x91Q\xea\xc4\
\xb0\x14\xf9\xff\xc0F\xb7\xeb|\xf2\x8fS\xdf\xff\xfb\xcb\
T\xfd\x0f\xaa\xfd\xcb5\x7f\xbd\xfd]g\x93\x7f\x9e\x16\
\xdf\x98\x01\xfe\xa3\xc1c\x9e\xc3\xd8\xfdb-~B\x06\
\xf8g\xb3\xffS\xfb\xcc\xdb\xb3\xc8\x7f;%l\x8e\xbe\
O\x89\xff1\x90\xb6\xeav\x9b\xb9EP\xb8\x1d<\xce\
hm\xbb\xbck?\xb6?A\xe18%\xce\x13\xc8\xda\
\xff\xcf\x11\x96\xce|\xd3\xcb|Tx\xfc\x92\xfa\xdb\x00\
\xe5l\x9d&J\x14\x11\xc4x\xde\x12o\x7f3\xae\xd0\
f\x9d\xb3\xeb]e\xa9\x88\xc7\xbb\x15\xca\x1b\xa7\x97[\
X\xc4\xbf\x172\x96w\x97Scc9\xad\xac.'\
\x15\xd7\xd4\xadC\xe5U|{\x97\x7fp\x9eL6R\
\xaa\xb4u\x8a\x85\xc3}\xad\xdb\x8b\x9d\xc3T\x8f\xb8\xdc\
\xc7>\x84\xd8?\xff3\x85z%\xeb\x0d^\xce\xd8\xc8\
^\x93\xd8&\x89]\x89\xd8\xcbD\xb1\x8f\xb6\x9e\x12\xf6\
\xc1\xeb\x11\x16E\x9aV\xe4)\xf6\xf9\x9a\xc7c\x8dz\
\x8bM\xdc\x16\xc4\xa5s\x8a/(\xfa\x1f\x86~\xdfa\
\xdc\x8dq\xd4\xdd(\x0b)\x83\x03Z\xd8\x0a\xe0\x00\xe2\
6hq\x0a\xcb@S\xdc\xe7\xa8\xff}&A\xe0$\
h\xff\x02r\xc8\x9dE\xf2_h3\xd3\xc4\xd5X\x1f\
\x8e\x82\xf6~\xd4\xc7\x91\x01~\xfe#A\xb3\x03\xf4\x8f\
i\xf4?\x8e\xfd\x99\x8b\x8c<\x93\x11>\x06\x98\x86\xf1\
\x82\x8e\xf1\x1a\xfdc\x06}\xf5\xbf\xab;\xb59\xb8\xee\
\xf6\x22\x5c\xce\xc3\x5c\xe3P\xe6[\x91v\x94\x0b\xfd'\
\x90\xf6V\x83\xfe\x1f4\xfa\x04Zq,\xa5~\xde\x90\
_\xa7\xdf\xe1@\x7fq\x12\xfa\xb2\x97\xa2\xfe/\xea\xab\
FZ/\xf2\xef@\x9f\xd9\x04\xbf\xd3\xa0/n\x0a\xf6\
n\xa4.~\xd4\x81\xbe\x93\xfcN0\xcf,-F\xf8\
>m,\xefE\xfe{\xb4r\x95y\x88\xfa\xcf89\
/W\xea\xf0M\xb6\x04\xf4~\xc5\xce\xeaN\xeak\xc3\
-[\x07\xb3<\x94\xcf\xaf\x1d\xe8?\xe7P>v\xce\
M\xfe\xadxg\xb7\x18yv#|N\x8a\xf4\xd5\xf7\
\xfbA\xb2\xec9M[\xb3\x11\x08?\xc7c\xfb\xa0\xe8\
\xbf\x88\xf5\xe5 \xff7y\x14h\x0a\xed\xfb\xb41i\
+\xf5=Gc\xfe6\xcf\xd8\xd8\xa5Y\x8f\xf5>u\
\x9e\xe3\x22\xd4\x8dh\x80m\x7f\x144U\x1b)e\xfa\
\x09\x8c5>\x9b&\xa6\x82V\xef{\xea\xe6\xe9k\x17\
\x7f.\x82XMS/\x9a\xb5\x0d\xb0\x0a\x1eZ\x9d\xd7\
6\xcc\xc2^A5\x95\x9d[Ne%\xc3\xa8\x8c\x10\
\xde\xde\xfd>*\x12C\xb1^:2\x0e+\xc3\x9e\x91\
\x1a\x87M\xcf\xfc\xcd\x1f^\xcb\xd9\x0b\x1d/aA\xe4\
\xafK\xa3\xbe\xd4i\xbe_WgS\x1eq\x07\x99M\
\xbe\xc5Fx\xb2\xfc+\x8d8\xbf\xf9\x09\xed\xfc.\x87\
\xf7\xed\xf6\xfe\xf5\xb6\xa7\x1b\xb2\x90O\xfe&\xcd!)\
\xc8\xefV_\xd3\xcd\x9f\xce\xfbO\xb7\xfe\xa59_\xe4\
\x01H\x09\xd1\xd9\xc3\x16\xc4\xc9\xe4\xf1\x8e5\x8c\x07\x19\
/\xf3\xfc\xed\x05<\xc7,D\xa2\x89\xbc\xff\x07\xbc\x99\
\xf0\xef\
\x00\x00\x10P\
\x89\
PNG\x0d\x0a\x1a\x0a\x00\x00\x00\x0dIHDR\x00\
\x00\x00`\x00\x00\x00`\x08\x06\x00\x00\x00\xe2\x98w8\
\x00\x00\x00\x09pHYs\x00\x00\x0b\x13\x00\x00\x0b\x13\
\x01\x00\x9a\x9c\x18\x00\x00\x0bZiTXtXML\
:com.adobe.xmp\x00\x00\
\x00\x00\x00<?xpacket beg\
in=\x22\xef\xbb\xbf\x22 id=\x22W5M\
0MpCehiHzreSzNTc\
zkc9d\x22?> <x:xmpm\
eta xmlns:x=\x22ado\
be:ns:meta/\x22 x:x\
mptk=\x22Adobe XMP \
Core 9.1-c002 79\
.b7c64cc, 2024/0\
7/16-07:59:40   \
     \x22> <rdf:RDF\
 xmlns:rdf=\x22http\
://www.w3.org/19\
99/02/22-rdf-syn\
tax-ns#\x22> <rdf:D\
escription rdf:a\
bout=\x22\x22 xmlns:xm\
p=\x22http://ns.ado\
be.com/xap/1.0/\x22\
 xmlns:dc=\x22http:\
//purl.org/dc/el\
ements/1.1/\x22 xml\
ns:photoshop=\x22ht\
tp://ns.adobe.co\
m/photoshop/1.0/\
\x22 xmlns:xmpMM=\x22h\
ttp://ns.adobe.c\
om/xap/1.0/mm/\x22 \
xmlns:stEvt=\x22htt\
p://ns.adobe.com\
/xap/1.0/sType/R\
esourceEvent#\x22 x\
mlns:stRef=\x22http\
://ns.adobe.com/\
xap/1.0/sType/Re\
sourceRef#\x22 xmln\
s:tiff=\x22http://n\
s.adobe.com/tiff\
/1.0/\x22 xmlns:exi\
f=\x22http://ns.ado\
be.com/exif/1.0/\
\x22 xmp:CreatorToo\
l=\x22Adobe Photosh\
op 26.1 (Windows\
)\x22 xmp:CreateDat\
e=\x222024-12-12T21\
:52:33+02:00\x22 xm\
p:ModifyDate=\x2220\
24-12-12T22:06:2\
5+02:00\x22 xmp:Met\
adataDate=\x222024-\
12-12T22:06:25+0\
2:00\x22 dc:format=\
\x22image/png\x22 phot\
oshop:ColorMode=\
\x223\x22 xmpMM:Instan\
ceID=\x22xmp.iid:6e\
381ee5-d99a-e047\
-815c-c0a0a6d5aa\
5a\x22 xmpMM:Docume\
ntID=\x22adobe:doci\
d:photoshop:ac1f\
77fc-4b6f-6d45-b\
9fe-26233ff734b5\
\x22 xmpMM:Original\
DocumentID=\x22xmp.\
did:aea60fb7-af1\
7-0246-af5e-fe27\
c1a67225\x22 tiff:O\
rientation=\x221\x22 t\
iff:XResolution=\
\x22720000/10000\x22 t\
iff:YResolution=\
\x22720000/10000\x22 t\
iff:ResolutionUn\
it=\x222\x22 exif:Colo\
rSpace=\x2265535\x22 e\
xif:PixelXDimens\
ion=\x2296\x22 exif:Pi\
xelYDimension=\x229\
6\x22> <photoshop:T\
extLayers> <rdf:\
Bag> <rdf:li pho\
toshop:LayerName\
=\x22Hz\x22 photoshop:\
LayerText=\x22Hz\x22/>\
 </rdf:Bag> </ph\
otoshop:TextLaye\
rs> <xmpMM:Histo\
ry> <rdf:Seq> <r\
df:li stEvt:acti\
on=\x22created\x22 stE\
vt:instanceID=\x22x\
mp.iid:aea60fb7-\
af17-0246-af5e-f\
e27c1a67225\x22 stE\
vt:when=\x222024-12\
-12T21:52:33+02:\
00\x22 stEvt:softwa\
reAgent=\x22Adobe P\
hotoshop 26.1 (W\
indows)\x22/> <rdf:\
li stEvt:action=\
\x22converted\x22 stEv\
t:parameters=\x22fr\
om image/png to \
application/vnd.\
adobe.photoshop\x22\
/> <rdf:li stEvt\
:action=\x22saved\x22 \
stEvt:instanceID\
=\x22xmp.iid:9429db\
38-8a77-8043-962\
e-427837465776\x22 \
stEvt:when=\x222024\
-12-12T21:58:28+\
02:00\x22 stEvt:sof\
twareAgent=\x22Adob\
e Photoshop 26.1\
 (Windows)\x22 stEv\
t:changed=\x22/\x22/> \
<rdf:li stEvt:ac\
tion=\x22saved\x22 stE\
vt:instanceID=\x22x\
mp.iid:56cd83bd-\
7de9-214b-b491-f\
7090a3e688e\x22 stE\
vt:when=\x222024-12\
-12T22:06:25+02:\
00\x22 stEvt:softwa\
reAgent=\x22Adobe P\
hotoshop 26.1 (W\
indows)\x22 stEvt:c\
hanged=\x22/\x22/> <rd\
f:li stEvt:actio\
n=\x22converted\x22 st\
Evt:parameters=\x22\
from application\
/vnd.adobe.photo\
shop to image/pn\
g\x22/> <rdf:li stE\
vt:action=\x22deriv\
ed\x22 stEvt:parame\
ters=\x22converted \
from application\
/vnd.adobe.photo\
shop to image/pn\
g\x22/> <rdf:li stE\
vt:action=\x22saved\
\x22 stEvt:instance\
ID=\x22xmp.iid:6e38\
1ee5-d99a-e047-8\
15c-c0a0a6d5aa5a\
\x22 stEvt:when=\x2220\
24-12-12T22:06:2\
5+02:00\x22 stEvt:s\
oftwareAgent=\x22Ad\
obe Photoshop 26\
.1 (Windows)\x22 st\
Evt:changed=\x22/\x22/\
> </rdf:Seq> </x\
mpMM:History> <x\
mpMM:DerivedFrom\
 stRef:instanceI\
D=\x22xmp.iid:56cd8\
3bd-7de9-214b-b4\
91-f7090a3e688e\x22\
 stRef:documentI\
D=\x22adobe:docid:p\
hotoshop:97611d9\
c-f4ea-3745-9de7\
-b60d521de409\x22 s\
tRef:originalDoc\
umentID=\x22xmp.did\
:aea60fb7-af17-0\
246-af5e-fe27c1a\
67225\x22/> </rdf:D\
escription> </rd\
f:RDF> </x:xmpme\
ta> <?xpacket en\
d=\x22r\x22?>\x03Z4\xfa\x00\x00\x04\x9cI\
DATx\x9c\xed\x9dAh\x1cU\x18\xc7\x7f\xdf&\
\xd8\x8a \xa4\x0dVE\xa3\x15\x15\xaa\x15\x94 \xad\xe8\
\xa5\xd6\x93(\xdaC\x0b\x1e\xaa\xa0\xd0\xa2 x\x91\xf6\
\xe2\xad\x07{\xa9\x0a\x8a\xd4\x8b\xe8EhPAE\x05\
[{\x12\xaa\x18\x11T\x14\xd4\x10P\xa8T1\x0d\x08\
-\x95\xe4\xefav\xe3\xa6\xcd\xce\xec&o\xf7\x9b\x9d\
\xf9~\xb7\xdd}|\xef\xdb\xf7c\xbeyofxc\
\x92\x08\xfchx'PwB\x803\x96\xf7\xa3\xa4q\
\xe0a`\x070\x01l\x02.\x1b@^\xc3\xcc\x05\xe0\
\x0f\xe07\xe0s\xe0#3\xfb\xabS\xe3\x15\x05H\xda\
\x08<\x0f<\x07\xacK\x9fc\xad\xf8\x17x\x13x\xc1\
\xcc\xce\x5c\xfc\xe3%\x02$m\x07\xde\x07\xae\xee\x7fn\
\xb5\xe24\xb0\xcb\xcc\xbel\xffr\x99\x00I\x0f\x00\x1f\
\x02\xeb\x07\x98X\x9d8\x0f<df'Z_,\x09\
\x90t+p\x0a\x18sH\xacN\xcc\x01\xdb\xcc\xecg\
X>\x0bz\x8d\x18\xfcA0\x06\xbc\xda\xfa`\x00\x92\
v\x02\xc7\xbd2\xaa)\xf7\x9b\xd9\xc9\xd1\xe6\x87\xbd\x05\
\x8d\xbf\x07^\x07~\x01\x16\xfb\x9a\xd6\xf0\xd3\x00n\x06\
\x9e\x01n\xcfi\xb7\x178\x89$\x93\xf4\xa7:s\x5c\
RLE{D\xd2:I'r\xc6\xf5L\xab\xe1\x86\
\x9cF\x92\xb4\xc5\xf9\xbf\x0c-\x92n+\x18\xdb\xb1\x06\
pMN\x8c\xb3\xc0O\x83I\xb7\x92\xfcH6\x86\x9d\
\xb8\xb6A\xfe\x9c\x7f\xde\xcc\xe2r\xe9*i\x8e\xdd|\
N\x93\xf5q1\xce\x99\x10\xe0L\x08p&\x048\x13\
\x02\x9cI\x22@\xd2g\x05\xf3\xdd\xa3k\x8c_\xc4\xbe\
\x14\xff\xc3\x838\x02\x9c\x09\x01\xce\x84\x00gB\x803\
!\xc0\x99\x10\xe0L\x08p&\x048\x13\x02\x9c\xa9\xbc\
\x80.V\xd1\xab%\xc9\xea\xbb\xf2\x02\xcaN\x08p&\
\x048\x13\x02V\xc7\x0c0\x95\x22\xd0\xa0\x04\xec[\xcb\
\xd9n@9\xf6\xc2\x1e3\x9bK\x11\xa8\xf2G\x80\xf5\
\x00p\xb0\x8b\x90\x07\xcdl:U~\x95\x17\xd0-\x92\
&\x81\x17\x0b\x9aM\x99\xd9\xe1\x94\xfd\x86\x00@\xd2\x18\
p\xac\xa0\xd9\x0c\xb0?u\xdf! \xe3(pSA\
\x9bdu\xbf\x9d\xda\x0b\x90t\x00\xd8]\xd0,i\xdd\
o\xa7\xd6\x02\xba\xac\xfb\xd3\xa9\xeb~;\x83\x12\xf0F\
/\xb3\x91\x15f'\xc9\xe9\xb2\xee\xcf\x01{\xfa\xd1\x7f\
\x8b:\x1f\x01\xdd\xd4\xfd\xfdf6\xd3\xcf$j)\xa0\
\xcb\xba\x7f\xd8\xcc\x92\xacv\xf3\xa8\x9d\x80\x1e\xea~7\
\x8b\xb25S+\x01e\xa9\xfb\xed\xd4J\x00%\xa9\xfb\
\xed\xd4F@\x99\xea~;\xb5\x10P\xb6\xba\xdfN\xe5\
\x05\x94\xb1\xee\xb7Sy\x01tW\xf7\xc7\x80_{\xbc\
Mq Er\x95\x16\xd0e\xddw\xa5\xb2\x02\x94m\
\xbdST\xf7\xdd\xa9\xac\x00\x8a\xcbN)\xa8\xb2\x80\xa1\
 \x04x#i2\xe7L?\xeb\x9d\xdf\xb0#i6\
g|'\xe3\x08p&\x048\x13\x02\x9c\x09\x01\xce\x84\
\x00g\x1ad{\x1dw\xe2\x8aA%Ra\xf2\xc6\xf0\
B\x83l\xa3\xe9N\x8cK\xba!qB\xb5A\xd2\x8d\
\xc0xN\x93\xd3\xad]\x13\xe7s\xe6\xaa\xc7$\xf5\xe5\
\xd1\x90*\xd3\x1c\xd7\xa9\x9cq=+\xc9F\xcdL\x92\
>\xa5\xf3\xf5\xf0\xdd\xc0FI/\x93m\xe0\xb70\xa8\
?1\xa4\x8c\x00[\xc8v\x9e\xdf\x91\xd3\xee\x133S\
k\xe7\xdcG\xc9vL\x0f\x06\xc7#f\xf6AK\x80\
\x01_\x00\xf7\xf8\xe6T\x1b\xbe\x02\xb6\x9b\x99\x1a\xb0\xb4\
\xbd\xe2\xb3\xc09\xd7\xb4\xea\xc19\xe0\xe9\xd6v\xa0K\
\xeb\x80\xe6\xd3\xbfO\x11{C\xf7\x93E\xe0I3\xfb\
\xa6\xf5\xc5Jo\xd0x\x10x\x07\xb8r\x80\x89\xd5\x81\
\x7f\x80\xc7\xcdl\xd9\xb9\xf6\x92\x95\xb0\x99}\x0c\xdcM\
\x9c\x94S!\xe0]\xe0\xae\x8b\x07\x1f\x8a\xdf\xa2\xb4\x15\
\xd8\x05\xec\x04\xae\x036$N\xeer:o\x9d|\x9e\
t\xe7\xa4A\xf5\xd3\xe2o\xfe\x7f\x8b\xd2{f\xf6C\
\xe2\xf8i\x90t(g\xa1r$a?Gr\xfa9\
\x94\xaa\x9f\xd5\x10\x17\xe3\x9c\x09\x01\xce\x84\x00gB\x80\
3!\xc0\x99\x10\xe0L\x08p&\x048\x13\x02\x9c\x09\
\x01\xce\x8c\x167Y\x1d\x92n!\xbb~4\x92\xd3l\
s\xceo\x13\xca\x9e\xf1O\xc1D^\x0e\x05\xfd,\x00\
\xbf[\xf3\xed\xa7\xa9I~\xb3]\xd2f\xb2\xcb\xd9\xdb\
R\xc7v\xe6\x14\xf0\x98\x99\xcd\xa6\x0c\x9aT\x80\xa4\x11\
\xe0[`k\xca\xb8%\xe2;\xe0N3Kv\xd3*\
\xf59\xe0>\xaa;\xf8\x00w\x00\xf7\xa6\x0c\x98Z\xc0\
U\x89\xe3\x95\x91M)\x83\xa5\x160M\xb5\xef)/\
\x02_\xa7\x0c\x98T@s\x8f\x85WR\xc6,\x19/\
\x95\xfa$\x0cK\xcf\x18=A\xf6\xc6\xe8\xeb\xc9\x9f\x86\
\x0e\x03\x0bd\xb7\x17\xdf6\xb3\xb7R\x077\x95rc\
\xda\xfa\x10+agB\x803\xff\x01\xe5LQ\xc2\xf6\
\xbdx\x09\x00\x00\x00\x00IEND\xaeB`\x82\
\x00\x00\x05Q\
\x89\
PNG\x0d\x0a\x1a\x0a\x00\x00\x00\x0dIHDR\x00\
\x00\x00`\x00\x00\x00`\x08\x06\x00\x00\x00\xe2\x98w8\
\x00\x00\x00\x09pHYs\x00\x00\x0b\x13\x00\x00\x0b\x13\
\x01\x00\x9a\x9c\x18\x00\x00\x05\x03IDATx\x9c\xed\
\x9c[\x88\x95U\x14\xc7\xff\x0a)h\x17\xb4p\xa6q\
*\x13\x9bT\xa2\xa8\xc1\x1e\x82\xd2J}H\xf31\xf5\
%\x82j\xcc\xc2\xa7\xe8\xa1\x92,\xb2\x8cJ\xc5\xa8\xa4\
\x9b\x0f\xa2\x99\x16\xe1{\x10\xe4\x94\x19v\x81\x14E\xc9\
\xcb\x84:55\xf5VsB\xcf\x8e\x05k`8\x9c\
\xb5\xce9\x9c\xef\xdb\xb7Y?\xd80\x9cs\xe6\xdb\xff\
\xb5\xd7\xf7\xed\xcb\xda\xeb\xdb\x80a\x18\x86a\x18\x86a\
\x18\x86a\x18ip-\x80>.\xf4\xb7\xe1\x91;\x01\
\xfc\x0d\xc0q\xf9\x0b\xc0\x02\xf3\x80?\xbe\x19\xd3\xf8\xa3\
\xe5ks\x80?*u\x1c@\x9f\x19\x9epB1\xcc\
\x01\xe3\x03gO\x809`\x5c\xe3\xec\x090\x07$\xcd\
\x0a\x00G\x01\xfc\x07\xe0\x10\x80\xde\x00O\xc0m\x00\xfa\
yA\xf7\x13\x80\x071\x0e\xb8\x0c\xc0f\x00\xd5\x9a\x86\
\xfb\x13\xc0\x15\x1e\x1dp%\x80\xa1\x9a\xff%Mo\xb2\
\xc6,\xb9\x1e\xc0\xb7J\xe3\xad\xf4\xe8\x80\xd5\xca5h\
\x95}\x1d2c\x1e\x80\x0b\x8a\xd1\x0e\xc0C\x1e\x1d\xb0\
\xb2\x81\x96\xf3\x00\xe6\x22\x13n\x05\xf0{\x03\x83\x07\x01\
\x5c\xee\xd1\x01\xd4\xdd\xfd\xd6@\x13}\x7f\x0b\x12\xe7v\
\xee\xdf5CO\x01\x98\x1f`\x10\x9e\xcfuk\xda\xfe\
\xe0\xc1:I:\x01\x9ck`\xe0~\x00\xd3\x02\xae\x03\
h0\xde\xd7@#u\x9d]H\x8cIB\xc8x\xec\
\x8c\xe3i\x00\x13\x22X\x88\x91\x86g\xea\xcc\xcc\xc6\x96\
~\xb6)\x19\xdeW\x8c\xb9\x04\xe0\xd16\xaf\xef\x0at\
\xc0(}\xacM\xba\xf6\xbbHh\x91\xa55\xfe\xc3\x05\
\xd4\xe1Jp\x00\xf1H\x03',C\xe4L\x01pZ\
1\xe0\xd9\x82\xeaq%9\x80X\xaf\x5c\x7f\x00\xc0T\
D\xcc\xeb\x8a\xf8\xcf\xdb\xe8\xf3}:\x804\xeeU\xea\
\xd8\x84H\xb9\x89c;\xf5D\x9f,\xf8\xceq%:\
\x00\xbc&\xf9E\xa8\x83l\x9c\x83\xc4\x06\xde\xc5\x05\xd7\
\xe5Jv\x00\xb1T\xa9g;\x22\xa3\x03\xc0\xbf\x82\xd8\
]%\xd4\xe7<8\x80\xf8D\xa8g\x84\xd79\xd1\xb0\
I\x11\xda\x95\xb0\x03\xba\x85\x0c\x0c*/#\x12&r\
,\xa7\x9e\xc8\x0fJ\xaa\xd3yr\x00\xb1C\xa8k\x90\
m\x0f\xce=\x82\xc0*GASw\xc0\x5cemp\
\x17\x22`\x8b \xee\x8b\x12\xebt\x1e\x1d@|)\xd4\
\xf7\x06\x22\xe0\x8c nmF\x0exJ\xa8\x8f\xa2\xa9\
A\xe9\x16\x84]*9c\xb9\xe295q\xa6\x12\xac\
\x0b\x1a)].\x88\xfa>\xc3\xe4\xdc\x1f\x05[\x1f@\
@\xd6{\x9e\xfd\x8c\xb2\x80S\xd2}\xa6\xa7\x7f$\xd8\
\xfa\x1c\x02\xf2\x99 \x8a\xfa\xcc\xb2\xe9\x04\xf08\x17\x1f\
\x8b\xa2u\x82\xad\xb4\xa1\x13\x8cC\x82\xa8\xbb\x91\x1f\x0b\
\x05[\x0f\x86\x14uB\x10\xd5\x83\xfc\x98'\xd8z,\
\xa4()\xb3`\x06\xf2\xa3SY\x11\x07cD\x105\
\x19\xf91Y\xb0\x95\xda \x18R\xa0*\xa9\x0d\xec\x94\
\x1d0,\x88\x9a\x8e\xfc\xb8F\xc9\x1d\x8a.\x0cq#\
\xf2c\xb6`+\xed\x81\x07\xe3\x07A\xd4\x22\xe4\xc7}\
\x82\xad\x87C\x8a\x92v\x8c\xd6 ?\x9e\x14l\xfd8\
\xa4\xa8\x97\x04Qo!?\xde\x11l\xdd\x10R\xd4*\
A\xd4\xcf\xc8\x8f\xa3\x05\xa4\xd5\x97\x12\xa6\xad'\xaa\xca\
\x1b\xf5\xb9\xd0\xa1\x84\xa3\xa9\x0d\x82rR\x10\xd6n\xfe\
gL\xac\x891\x0c1\xcavA\xdcW\xc8\x87~\xc1\
\xc6\xb7\x11\x01\xf7+\xddP\x94\x19d-\xd2\xa3t?\
QL\xb7)5\xe3WA e\xcb\xa5\xce\x0e\xc1\xb6\
\xb3\xb1\xa4\xa5\x10\xaf\x0a\x22+\x89\xbfq8K\xc9w\
\xdd\x88\x88\xe8V\x22\xa3\xbb\x91.\x9f\x0a6\x8d\xc40\
\xfb\xa9\xe5=A\xac\xe3e|j,Q\xec\xa1EY\
\x94\xc1\xaa\x8a\x92?s\x15\xd2a\x9a\x12h\xacp\xd7\
\x14%\xaf)w\x0d=\xce)0\x81_&\x91\xecx\
\x05\x113\x95_\xe3q1\xa6p4\xc9\x0b\x8a\xfe3\
\xfc\x1aV\xd4,W\xe6\xcd\xd5\xc8W\xc8}J\xe3W\
C'a\xb5\xc2V\xc5\x90\x8b\x00\x1eC\x9c\x8d\x7fQ\
\xd1M'\xa9$\x03\xed\x09\x7f\xd7\xe0nz\x1e\xf1\xf4\
\xf9Z\xb7\xe3\xf8\x94\x97\xe4\x8e\xb1\xe9Rf\x12\xed\x1e\
UP\x14\xcd\x1cUp:\xe5\xa3\x91{\xea\x1c\x8cT\
\xcf\xc0\xc5\x01\xb4-m\xe2\x06\x19\xe2\xb7?\x93\xa6\xb7\
\x09'8\xde\xde\xa4C\x9d\xcaf\x96\xb2\xc2\xadm\xfc\
;\x90\x0977q\xb79^\xe4|X\xd2]\xd7\xc3\
\x815)\xb6S\xfbT&\x7f\xe7\xd7\x1b\x13\xb4\x81\xd9\
\xd5\x0c\xd2\x078\xf3\xb9\xa3\xcdt\xc2>\x8e\xe7k\xa7\
\xa1\xd4\x0e\xb8\xc9\xf6\xf9\xcd\xcc\x8e\xb6\xb6\xd0\x18\x8e\x7f\
{\x847?\x9e\xe0\xb8\x12\xed3\x5c\xcd\xd7\x9b\xc4\x7f\
\xcf\xe1\xef\xd6\xf2o\xa5=\x5c\xad\x9e\xac\x0f\xed\xab]\
\xac\x0d\xb4\xd8@e\x96\xb3)-\xb2\x8ab\x0a\x80\x17\
\x950\xb6\x8fB\xe3\xc1\xb6\x16\xcf\xab\xcb\x8e\x1b\xb8\x11\
\xfe\xf1\xd8\xf04\xd8\xef\xccd\xcb\xb40f\xf2.\xd3\
@\xc9]\xcd\xc6\x14\xcf\x80\xf3\xc9D\x00\xf7\xf2\x11a\
\xc7\x0bh\xf4\xe3\xbc\x81\xb20\xa6=\xdc\x94\xe8\xe2\x83\
V)\x05p\x0f'\xc3\x9e\xe2\xd4\xf8\x0a\x97a\xfe\xec\
0\xe7jn\xe0\x8c5\xbb\xd3\x0d\xc30\x0c\xc30\x0c\
\xc30\x0c\xc30\x0c\xc30\x0c\x18\xf8\x1f\x1cFk\x88\
\x07:\x86\xde\x00\x00\x00\x00IEND\xaeB`\x82\
\
\x00\x00\x0c\xf5\
\x89\
PNG\x0d\x0a\x1a\x0a\x00\x00\x00\x0dIHDR\x00\
\x00\x00L\x00\x00\x00L\x08\x06\x00\x00\x00\xc7\x97Q+\
\x00\x00\x00\x01sRGB\x00\xae\xce\x1c\xe9\x00\x00\x0c\
\xafIDATx^\xed\x5c[\x8c^U\x15^\xfb\
\x9f\x86\x18\xe3%\xf8\xaa\xf8\xea\xa3\xbe\x17KA\x856\
\xc6Dc\xf4\xc5\x18c\x0c51\x1d&\xd3a\x9c\x99\
Ng:\x9d\xb6\x86\x17l\xd4'*\x9dR{\x19:\
\x15Zh\x02\x94Rkah\x11\x11!xA\xbc\x05\
\xa8JT\xac\x0c\x12\x14\x9c\xd9\xba\xcf\xbe\xad\xb5\xf6\xda\
\xfb\x9c\xd3\xff'?$\xf3\xa7Ig\xce}\x7f\xfb[\
\xdf\xfa\xd6\xda\xe7\x1f\x05\xab\x9fV\x08\xa8VG\xaf\x1e\
\x0c\xab\x80\xb5$\xc1*`\x97\x03\xd8\xdc\xfc\x89\xab\xd6\
\x0c\x0c\xec\xd1\x1a\xae\x07\x05\xef\xcd]Ck-\xec\xd2\
\x90n\xd6\x00\xf6\x1f\xfa\xf0mho8\x96n3'\
k|\x15\xb7\x9bl\xb3\x07\xf1#\xc1?\x14y\x06\xf4\
\xa0a;{x\xbb=>\xbc\x06x\x154\x9cQ\xb0\
<\xfe\x8d\xaf}\xf97\xca\x8050\xd0y\x0a@}\
\xa0\x0c\xb6\x0c\xcc;\x1a,6\xab\x1c\xac0\x17v\xda\
.)\xe8|T\xfd`\xe1\xe4\x0f5\xc0\xe7\xdfR\xb0\
\xe8\xa4yJ\xa0\x89\xacaV8\x9f1\x5cd\x16\x1e\
\xa6\x1b\x95\xc4\xac\x16`\x05\x92+8\xa6\x0e\x1c=\xb9\
T\x0a\xc3\xea\xf6\x09\x8d\x9a\x84\x5c|p\xfal!\xae\
P\xb0\xc5mBpeBN\x0aC\x01,;\x00\x1f\
h\x1eA\xa2\x17\x12\xb3\xc8\xd5\xfd<iXR\x07\x16\
N\x92i\x1b\xbboCs\x194)Ci\x80\x0e\x80\
2\xffW\xbf\xc7m\xd5\xbe\xb0\xcdnW\xf8\x18\xb6\xaf\
\xba\xb1?_\xd8\x17\xcfu\xc0\xf8c\xaa\xf3\xdc\xbd\xfc\
5\xf0\xb5\xf86?Bs\x0e\xdaWe@\x9c\x06\x15\
\xc0\xc4\x95\xf7\x07<L`^\x1e`=\x03*\x054\
\x00l\xf8\xa7\xccD \x10\x03\x08~`\xe8\xfc\x12@\
\x15\x08\x11\xd0\xea\x9a\x014\xba\x8fn\x07\x98x\xff\x03\
\x81\x95\x06\xdev\x80\xa1\xd9W\x1d\x89Qh\xa6\xdd\x8c\
\xcb\x8cb\xe7r6a\xa0\xfc@s\xc0\xe1\xfd\x02h\
\x815\x0c4\xcc\xac\xc8*\xc4Rw\xad\x89\xf7\x9c\x8a\
\x19\xd8\xecn\x1c\x92\x08\xa0\x08\x96\xbbA\x07\x03\x95\x09\
=\xe1\x18\x12\xc2\xe6\xb4F\xe1\xea\xee\x95a[`\x0f\
\x07\xc8\xb3*\xb7\x9d\x87\xa3\x0b\xf3\x89w\x9f\xf2\xae\xc5\
b\x5c\x0b\x98\x14~\x05v\x91AW \xa5`\x12\xa0\
\x02\x9bxxe\xc2\x95\xeb\x1c\x06Zb\x1b\x0a\xc5\xc0\
$\x12\x92H\xc2\xb9\x8dW\x00\xe3\xef2\x0c\x8b\x89\x9d\
\x01\xa6a\xec\xbe\x8d1\xbe\x1d0$\xfc\x02X\x94]\
\x09;j\x18UdSV\xb7\x9c\xae\x11v!\xe1\xc6\
\xec!\x8crCb\x22O\xc220\xcc^\xcf\x87\xf2\
\xd8\x15\x0f\x92\x8cJ\x003\xf6a\xfc\xfe\x8d\xf6h\x0f\
\x96\xcb\x82>\x1b\x92\xcc\xd7\xc9d=\xce@\x04@\xbd\
\xa6\xc9\x8c\x8cZT#\xf4\x01(\x9a\x01S\xcd\xd2\x01\
\x14.\xf4\xf8\xf7\xb1\x81\x07Q\x86@Y\xd2{\xad\xf1\
S\x1blv\xf2\x83\xc6\x83g\xecR\x12\x8b2a\x18\
\x80*\x80IB&\x974\x84\x90\x8c\xe7\x09\xd6\xc2i\
\x11\xb1\x0cR\x96\x145\x0c`L\x9dN\xb3$6\xa6\
\xe3\xa77XO\xe5\xc1\xc0\xa0\xb8\x9f\xed\xe0\xfd1\x88\
\x11%\xf1\xaf\x03\x0ag\xe0\x9a\x90\x0cl\xe1!\x86\xd8\
%\x02T\xca\x94\x04\xb0\xc8\xce1\xfd\x10\xa9S\xd5\x81\
\xa3\xf7\x12\x1f?q\xe6\x86\x10\x8e84+\xd3\x89\xd9\
\xc3\xc1a\x804fT\x02T\x03\xb1\xc7\x1aVbP\
\x0ePw\x8e\xaca(\x02\x15\xc0\xd8\xf2\xe9X\x91\x98\
G\xbb\xe3\xe8\xbd\xc4\xe9O\x9c\xbd>\xb2\xab\xd22d\
\x13\x0a\xe1I\x8e\xcb1P\xc8\x98\xcd\xc4\xdf\xa5)\xcf\
<\x0eR\x9deh\xea\xc1XX\x9ag\xfb\xe6\x9b\x0f\
Q[A\x01\xd30q\x0e3\xac\xc0*\xc20_\x1e\
\x95\xc3\x13\xdb\x09\xc2V\xee\xbfr:eX.\xb0+\
\xb1\x0bu\x1e\x0c\x01C\x5c\xbf\x10\x96\xa3o\x9cAY\
Rc\x86\xd9\x82zb12\xac\xbaX\x8eU(<\
[\x89\x7f\x9d7\xf3\xe1\x82\xd8D\xeaT\xbc\x1f\x0f0\
WK\xd6\x95D\x5c\xec\x99\x17\x1b}\xfdL\x10\xfd\xea\
\xd0\xc00m\xdbr[\xcf\x7f\xca\x15\xd3B\x11M\x12\
\x00\xb2\x14\x19o\xd6\x98Q8T\x11\xbb\x88k\x17=\
\x96Tp\x0b5c\x00!\x97E\xbdn\xb1\xd2\x08\x00\
F_\xfb\x91\x00\x98\x03\xcb\xec\x99|\xcc\x00\x86\x847\
c/B\xa6D:G;\x15X\xfb\xea\xdd>\xce|\
A\xd7\x04\xb6%]\x09\x16~\xadK\xa3\x22\xc34\x8c\
\xbez6\xd8\xfc\xaa\xf8\xbe\xe3\xe8=\xa4\xdd5\xf9\xf8\
'\x89q\x0d\xf6\xc2\x85\xa7\x0dS\xacU\xf9\xb6N\xd6\
~p\xf1\xaf\xca\x1b\x96\x1dy\xd1\x9d\x94=\x8cIu\
\xbaE\x12\x03n\xe3\xa4\x057\xca\x930\xfa\x8ae\x98\
\xebU\x82\xda\x7f\xe7=$KN>a\x00\xe3>\xcc\
\xb1\x85x\xb3L\xdf+\xb8\xff|a\x1e[8B\x1f\
\x0d\x0f\x0c\x83\x88\x13\xc1e\xd7\x8f\xf9\x90\x0cQ\xeb\xad\
\x88C\xed\xe6Kgi\x96\xa4\x80i\x98|\x923L\
\xd0\xaaL\x22\xa8e_N\xc8\x13`d\xb6\xc5p\x13\
\xca#\xb1\xf0f\x9d\x0d\x07\xba\x05\xa7N\xcf,b#\
/\x9f\xa5Y2\x02f\xb3\xe4\xe4\xd3\x94a$\x03\xd6\
\xb9\xff\x06n>\xe9\xcc\x06K\xc1\xbc\x96\x0f[\xde\xf6\
!\xb6\xa2\x19p\xd6\x8a\x94j\xcb|\xc7b\xe4\xaf?\
\xa6\xa2o\x01s]m\x0d\xb0\xed\x99O\x04\x0d\xa3\xb6\
\x02\x95B(+\x16\xdd?k[gM*\xd1+\xd4\
i-\x89>\x0f]\xee\xad\x0aeS\xd0(l!\x98\
\x9d\xf0\xden\xe4%\x03X\x04T\xed\xbf\xf3\x84\xd53\
\xb7m\xdb/\xaf\xb3\x8d<I\xd8C\xc6\x94\xdc\xbfP\
[:\x96\x90^<\x09\xbf\xb4\xf3\x1a3\xa4P\x22\x15\
\xd8\x15\x12\x0c\xf1f\x8c\xb5\x1e)\x11(\x81\x81&$\
\xff\xe2\x19fa\xb3\x80\xa1E\xd7\xa9_]\x17m\x05\
\x0fA_&\x95jJ\x04H>\xfc\x0a@afd\
\xfc\x99\x9f\xfd\x04\xa4\xc0:6\xf8\x04\xa0Bx2P\
G\xfed\x01\x8bYr\xfe\x04)\xbe\xa7\x9e\xbd\x96u\
*\x90\xdb\xc7\x19\xd0\x83\xc6Mk\xc2\xaar\xff>\xbf\
\xc8\x81\xf5\x89\xb2M\xd5\xf4\xf1\x83\xa7\x0bl+X\x07\
!\x14\xab\xeb\xbb\xcf\x96\x8b\xe7,`\x1e\xe3\xb9y\x1b\
\x92\xf6\xa3a\xea9\xcc0o\x0d\x9c\xae\x94\xfc\x97\x0b\
\xe3\xa6\xac\x92C/\x1f\x86\x22\x9b\xb2:\x85B\x11\x87\
(\xfb\xb9zV)L\xd1q[^8\x87l\x85\x06\
\xf3\xaa\x00YE\x9d\xfa\x1dg\x98/\xc0\x99F5Y\
\xf8\xe0\x06\x954\x053m\x1c\x94\x1d\xe32\x1b\xcf\x86\
RI\x94\x01\x091(\x00\xd4@\xec=\x8e\xc3\xcf\x9f\
\x8b\xf1h4\xcc\x02\x161\x9b\xfa\xe3\xb5\xc4\xb8\x06[\
!\x99Vg\x09\x92%\xb7n\x80r\x83!\xa5\x17\x03\
\x91v'r\xe0Y7\x1f\xc2\xb7(\xf8\xc8v\xb0\xe3\
\x86\xff\xf00\xcd\x92s\xf3\xc7\xc9J\xf9\xf4\xf3\xebe\
[Q2\xab\x12@\xb8\x9b\x11\xbcVN\xcf\xa2\x08\x8b\
@%eM\x0b\x90$6U\xdb\xe4\xac\xc8\xdf\x98\x1b\
\xfe\xbd\xd5\xb0\x80c\x05\x18\xca\x92\xd3/\xac\xaf\xb2\xa4\
\xcc\xac8\xe0\xa0U\xbc/\xc6\xc0\xc9\x02\xc0@\xae\x05\
\xca\x0f\x92\xf8/7\x0c\xce$\x0ep\xa5I5\x991\
\x11\x7f{\xfc\xf0o\x0d\xc3\x9c\xc2\x9b\xe1\xcf\x1d9N\
\xdem\x99\xbe\xb8\x9e\x82%d\xc1d!\x17\x0f\x9e\xf4\
\xfd\xeb\xbb\x14\xad\x80b@\x10MJX(\xb0(\xe7\
\xbf\x0a\x9a6\xfc\x9c\x05\xcc\x9bU\xb5\xef\x88\x0bIG\
\xd1\xed\x7f\xbe\xc6\xd9\x0a\xdc<\x8c\xc5x\xe2\xd6\x05\x86\
% dJ&1\xa3\xfa\x0c\x85\x19\xc5XEtI\
\x0aW\x9c\x0ds\xfb\x0b\xd9\xb3B\xc8\x9d7\xfc\xec\xc3\
4K&\x80\xbdt\x0d]\x11\xc2e\x90\x0f\xb7\x9c\xf7\
\xaa\xeb\xa6f\xb3d\xa1\xb5\x83\x00L\x80\x0a`d\x8c\
jn\x7f\x06\xac$A\x00\xc0\xd0\xaf\x1f\xa1Y\xd2\x02\
\x16\xb3\xe4\xf6\xbf\xad\x8b\xaf(\xe1\xc5\x5cssI\xaf\
\xf8\xd2\x1b\xd60\x06`Q\xcf\xbc\xce\xf8\xf3%\xa0Z\
\x89\x7f\x9d\xdbw\xad%){\x22@\x87~\xf1\x08\xcd\
\x92\xfb\x8e\xdc\x1d\xb2\xa49n\xfb\xdf\xd7\x91\x8e+Y\
\xa3L\x18\x86jJi\x9d\x12i\x9b\x98$\x02(,\
\xeb\xb9\xfb4v\xf4\x0d\x99&\x86r64-,C\
\xcf\x18\xc0\xe2GU\x80!\xeb:\xf3\x8f\x8f\x07\x86\x95\
\xdf\xd2\x11\xdc?\x11\x7f!\xa3\xb2\xcc\x18Z\xdaD\xb7\
XS\x11\x83\xca\x8e+\xaex;\x10E7\x9f\x88|\
>\x83\x0e=\x9d\x01\xcc\xd3l\xe6\x92\x0d\xc9:\xb0\xd2\
e\xb2\xb4[A\xfb\xfe\x19\xb7\x8eB0]\x1dbv\
\x80\x88\x7f^\xb7\x8a\x8e\x9e\xdb\x13\xce0\xf6\xfb\xd0S\
\x110\xd3\xcbW\xfb\x0e\xdfM\xde\x00\x9d\xf9\xe7:\x0a\
\x16\x17\xf2\x86-h\xd9\xfd\xbb\xec\xc3:\x12\x01(\xcc\
\xa0l\x96D@!\x00\xcb\x99\xd3\x19\x03\xc9\x9fI\x80\
\xa1n\xec\xd0\xcf\x17\xad\xadp(\xa9\xdb\x0f\x1b\x0d\x8b\
E\xe8\x8e%\x1f\x92\xa8\xaf\x8f\x04?\xbf\xb0\x11\x19\xd6\
\xac\x00\xb7\xba\x90.~0\xefV\x13\x92\xa2\xce\x05\x10\
\x9a\xb4\xa1Y'\x83\x08\x16\xc0\xd0\x93\x8b\xe4\xa5h\x0a\
\xd8\xff\xcf\xdd\xf1/\x03XK\xb0B6\xcd\xad&\xa1\
\x19\xf6\x82\xce\x17^\xb1\xbe\x11\xa6e\x18%u*x\
\xb8\xe5\x0c)[\xe8\xb03G\xb4=\xfc:\xf83\xc3\
0\xd4q\xbd\xfd\xf0]$K\xeex\xed\xeaf\xefV\
0Pc6\xe5\xee>eL-\xabp\xd6c6#\
\xef\xee\x99F&\xd9\x0f\xb5r\xd8\xbe\xeav\x04\xb0x\
\xec\xe0\x136$\xfdGa\xc0\xcca\xb3\xaf_\x1d_\
\xe1\x16_D\x11\xc4\xbd\xc1\xe2\x87_ZK\x06\x9c[\
J#\x02\x8f<S\xe2\xd3J~K\x06\x89\x02T\xe8\
\x89\x01\xc0\xe0O%\xc0\xd0w}f\xffm\x00\xcb\xbd\
\xb5\xd3\x00,\x03r5c\xacK\x9a,\xd4f\x98\xc8\
\x84\x9fhT\x93,\x89\x97\xcf\x10sD\x90X\x18J\
\xa19\xf88\x07\xec\x90\x0dIo\xc6f\xff\x13C2\
\xbbj\xe4\xc2\x91\x84\x16g\x19\x1ax\x12\x82%\xfd\xc2\
\x99/w\x1c\x0e\xa10hY\xe0\xe3\xdb9\xcd\xda9\
\xa1\xab\xe1\xe6}\xf0'\x8f\xb2\x90<t\x17z\xb3\x02\
`\xf6\x0d\x03\x98[\xbc\xc55#[\xf8\x88\xce\xbd\xd4\
9E\x0d<\x1fJu\xaf\x04ToU3\xa1\xcfY\
\x0c\xcf\xe4 0\x8e\xdc8K&ZF\xc5\x9d\x03\xc4\
Y6\xf8\x18\x03\xec\xfb\x87\xccw\xb3\xe2g\xf6\xbfk\
\xdd2\x9b\x07\x22mM7\x06+aH\x01\x5c7\xb0\
\xec\xabM\xdcC\x09\xfd\xf8\x18v\x85E\x0f\x0er\x22\
\xf84\x01\x0c^(\x01\xa6\x01v\xae\xac\xcd\xbe[A\
\xbeS\x94\x15z\xc1[\xd5\x85`\x8eU\x9ci\xd5\xbc\
\xa6\xa1g\xc3\xae\xaeAX\x10w)CVMI\x80\
\xcd\xe7\xcf\xd3\x90\x0c\x0csJ\xb6S\xaf\x8d\xfd0l\
\x1d\xf0\x17\xb0.\x07\xac\x90\xdd8\xcb\xa4\xda\x91\x97Q\
\x19\xa00[$\xcf\xd5`U\x08\x03\x9d\xe4\x00\x05\xb0\
\xf9Q\x09\xb0P|k\xd8\x05\x1e0j^\xc5\xd7\xd0\
\xeb2!\xd7+\xc6\xb44\x19\xe4jG\xca\x1e1\xf4\
\x08`\x196\xb1\x04A\x00\xcad\xcc\xcd\x8b\x1c\xb0\x83\
V\xc3|\x96\xdc\xd5q!YY\x0b\xdf\x91\xc8\xe8Y\
\x10\xf2B\x18f\xc4^\x14v\x1e\xba,\xfcj5J\
bT\x1b\x90ph\xbb@\xdc\xbcx\x81\x86\xe4\xde\x83\
\xc7\x96\x00\xd8\xf7\xbc\x09\x84\xee\xf8\xe4K\x9ah9\x98\
\x14\x0f\xf4\xcb\xde\xa1\x8c@\x93.m\x0bSFR\x10\
\xfavw\xd8\x8e\x0a\x13\xb6\xad\x9axi\x1b\xdd\x11\x00\
\x90\xbf\xc3\xce\xb2(\xfeU\xc3+j\xef\xc1\x85\xe3\x00\
\xea\xb3\xf1*\x98o\x1e\xac(\xaa\xf1y\xe2\xc8\xc8O\
5\xc0\xc8`E\x86\xc7\xb2-\x0f\x8c\x9bO\xfcp>\
\x1d\x90vrxjz\x82=V\xfc\xc2\x7f\x01,\xb3\
k\x05\x16\xd4\xbe\x83\x0b\x1fY\xd6\xea\x02(\xb8\xd2w\
\xfb\xd9$\x93w<\xd1\xf4\xc4\x87\xf4?\xd5\xb2\xc8\x01\
\xc3*\x16\xd2\xc1D3'\x01\xd3\x06\xacH,zC\
\x8b\x15{\x88\x1a\xac4\xe8\x97\xd7\xacY\xf9X\x15\xb5\
s\xf3\xf3W-\xbf\xb9\xe6V\xad\xf5\x0dZ\xc1\xfb8\
\xdb\x92\xcb\xd7\xfc9\x83\xe6,\x92\x98\x85\x18\x9e\xce\x1c\
Y\xc1\xf1\xcf\x19\xc7_\x0fL[\xb04\xe8%\xb5\xa2\
\x1e\x18\xb8by\xe4\xa6\x1bo\xbc(\xe5\x86\x1a\xac{\
\xb3\xfb3\x9f\xfbB\xbb)f\xb7=y\xfcX_\x9e\
\xbd/75c\xff\xe2\x97\xbe\xda\x15`\x0b\x87\xf7\xf7\
\xe5\xd9\xfbrS\x03\xd8W6\x0dv\x05\xd8\x81\xbd\xdf\
\xeb\xcb\xb3\xf7\xe5\xa6\x06\xb0\xaf\x0f\x8dw\x05\xd8m\xdf\
\xb9\xa5/\xcf\xde\x97\x9b\x1a\xc0n\x1a\x9f\xe9\x0a\xb0\xef\
\xde2\xd3\x97g\xef\xcbM\x0d`[\xa6\xbe\xd5\x15`\
\xdf\xde\xb9\xb5/\xcf\xde\xb3\x9b\xde<\xbd\xfb\xd3+Z\
\xdd\x06\x00\x1f\xecM\x1e\xed\xcdU\xb4\xd6\x17;\x1d\xd8\
t\xeb\xecd\xfc\x13']\x5c\xbag\x80\x0do\xdb\xfd\
\xa2R\xeaC]<\xcb[v\xaa\x06xq\xcf\xce\xad\
\x1f\xee\xc5\x0dz\x06X\xb7!\xd6\x8b\xc1\x94\xae\xd1\xab\
\x10^\x05\xac\xe5L\xad\x02\xb6\x0a\x98\x8c\xc0\xdb.$\
WE\xbf%UG\xa6wo\x5cY\x81\xbdo\xb7L\
i2$h\xb5i\xcf\xae\x09\xff\x87\xc0Z\x8e\x8c\x1e\
\xde3\x0d\xeb\xea)\xdeA'\xaf\x02\xd6r\xb2\xfe\x07\
\xc6\xbeu\xc2\xc0f5\xd8\x00\x00\x00\x00IEND\
\xaeB`\x82\
\x00\x00\x0f\xbc\
\x89\
PNG\x0d\x0a\x1a\x0a\x00\x00\x00\x0dIHDR\x00\
\x00\x00`\x00\x00\x00`\x08\x06\x00\x00\x00\xe2\x98w8\
\x00\x00\x00\x09pHYs\x00\x00\x0b\x13\x00\x00\x0b\x13\
\x01\x00\x9a\x9c\x18\x00\x00\x0bZiTXtXML\
:com.adobe.xmp\x00\x00\
\x00\x00\x00<?xpacket beg\
in=\x22\xef\xbb\xbf\x22 id=\x22W5M\
0MpCehiHzreSzNTc\
zkc9d\x22?> <x:xmpm\
eta xmlns:x=\x22ado\
be:ns:meta/\x22 x:x\
mptk=\x22Adobe XMP \
Core 9.1-c002 79\
.b7c64cc, 2024/0\
7/16-07:59:40   \
     \x22> <rdf:RDF\
 xmlns:rdf=\x22http\
://www.w3.org/19\
99/02/22-rdf-syn\
tax-ns#\x22> <rdf:D\
escription rdf:a\
bout=\x22\x22 xmlns:xm\
p=\x22http://ns.ado\
be.com/xap/1.0/\x22\
 xmlns:dc=\x22http:\
//purl.org/dc/el\
ements/1.1/\x22 xml\
ns:photoshop=\x22ht\
tp://ns.adobe.co\
m/photoshop/1.0/\
\x22 xmlns:xmpMM=\x22h\
ttp://ns.adobe.c\
om/xap/1.0/mm/\x22 \
xmlns:stEvt=\x22htt\
p://ns.adobe.com\
/xap/1.0/sType/R\
esourceEvent#\x22 x\
mlns:stRef=\x22http\
://ns.adobe.com/\
xap/1.0/sType/Re\
sourceRef#\x22 xmln\
s:tiff=\x22http://n\
s.adobe.com/tiff\
/1.0/\x22 xmlns:exi\
f=\x22http://ns.ado\
be.com/exif/1.0/\
\x22 xmp:CreatorToo\
l=\x22Adobe Photosh\
op 26.1 (Windows\
)\x22 xmp:CreateDat\
e=\x222024-12-12T21\
:52:33+02:00\x22 xm\
p:ModifyDate=\x2220\
24-12-12T22:09:5\
2+02:00\x22 xmp:Met\
adataDate=\x222024-\
12-12T22:09:52+0\
2:00\x22 dc:format=\
\x22image/png\x22 phot\
oshop:ColorMode=\
\x223\x22 xmpMM:Instan\
ceID=\x22xmp.iid:72\
aeaf7a-2d5d-9041\
-a422-185f80c785\
da\x22 xmpMM:Docume\
ntID=\x22adobe:doci\
d:photoshop:6e12\
d734-b4f4-e443-b\
3c0-95dc33b486b4\
\x22 xmpMM:Original\
DocumentID=\x22xmp.\
did:aea60fb7-af1\
7-0246-af5e-fe27\
c1a67225\x22 tiff:O\
rientation=\x221\x22 t\
iff:XResolution=\
\x22720000/10000\x22 t\
iff:YResolution=\
\x22720000/10000\x22 t\
iff:ResolutionUn\
it=\x222\x22 exif:Colo\
rSpace=\x2265535\x22 e\
xif:PixelXDimens\
ion=\x2296\x22 exif:Pi\
xelYDimension=\x229\
6\x22> <photoshop:T\
extLayers> <rdf:\
Bag> <rdf:li pho\
toshop:LayerName\
=\x22Hz\x22 photoshop:\
LayerText=\x22Hz\x22/>\
 </rdf:Bag> </ph\
otoshop:TextLaye\
rs> <xmpMM:Histo\
ry> <rdf:Seq> <r\
df:li stEvt:acti\
on=\x22created\x22 stE\
vt:instanceID=\x22x\
mp.iid:aea60fb7-\
af17-0246-af5e-f\
e27c1a67225\x22 stE\
vt:when=\x222024-12\
-12T21:52:33+02:\
00\x22 stEvt:softwa\
reAgent=\x22Adobe P\
hotoshop 26.1 (W\
indows)\x22/> <rdf:\
li stEvt:action=\
\x22converted\x22 stEv\
t:parameters=\x22fr\
om image/png to \
application/vnd.\
adobe.photoshop\x22\
/> <rdf:li stEvt\
:action=\x22saved\x22 \
stEvt:instanceID\
=\x22xmp.iid:9429db\
38-8a77-8043-962\
e-427837465776\x22 \
stEvt:when=\x222024\
-12-12T21:58:28+\
02:00\x22 stEvt:sof\
twareAgent=\x22Adob\
e Photoshop 26.1\
 (Windows)\x22 stEv\
t:changed=\x22/\x22/> \
<rdf:li stEvt:ac\
tion=\x22saved\x22 stE\
vt:instanceID=\x22x\
mp.iid:c95fd167-\
aaf6-534a-a0e3-e\
34ea68303b5\x22 stE\
vt:when=\x222024-12\
-12T22:09:52+02:\
00\x22 stEvt:softwa\
reAgent=\x22Adobe P\
hotoshop 26.1 (W\
indows)\x22 stEvt:c\
hanged=\x22/\x22/> <rd\
f:li stEvt:actio\
n=\x22converted\x22 st\
Evt:parameters=\x22\
from application\
/vnd.adobe.photo\
shop to image/pn\
g\x22/> <rdf:li stE\
vt:action=\x22deriv\
ed\x22 stEvt:parame\
ters=\x22converted \
from application\
/vnd.adobe.photo\
shop to image/pn\
g\x22/> <rdf:li stE\
vt:action=\x22saved\
\x22 stEvt:instance\
ID=\x22xmp.iid:72ae\
af7a-2d5d-9041-a\
422-185f80c785da\
\x22 stEvt:when=\x2220\
24-12-12T22:09:5\
2+02:00\x22 stEvt:s\
oftwareAgent=\x22Ad\
obe Photoshop 26\
.1 (Windows)\x22 st\
Evt:changed=\x22/\x22/\
> </rdf:Seq> </x\
mpMM:History> <x\
mpMM:DerivedFrom\
 stRef:instanceI\
D=\x22xmp.iid:c95fd\
167-aaf6-534a-a0\
e3-e34ea68303b5\x22\
 stRef:documentI\
D=\x22adobe:docid:p\
hotoshop:97611d9\
c-f4ea-3745-9de7\
-b60d521de409\x22 s\
tRef:originalDoc\
umentID=\x22xmp.did\
:aea60fb7-af17-0\
246-af5e-fe27c1a\
67225\x22/> </rdf:D\
escription> </rd\
f:RDF> </x:xmpme\
ta> <?xpacket en\
d=\x22r\x22?>\xe3\xde\xbc\xff\x00\x00\x04\x08I\
DATx\x9c\xed\x9d;k\x15A\x14\x80\xbfM\x82\
F\xac\xe2+\x8d\xc6\x07\x1a\xd0X\x99B\x1b\x11\x89\x95\
\xa0h\xa1h\x11\xec\x14\xac\xec\xf4\x07X\x18\x10\xb1\x93\
\xd8i\xa9b%\xa8\xf8\xea|\x80i|\x80\xe0\x83\x80\
\xa2\xa2\x12\x15!J Y\x8b\xc9\xc5\xe5\x9a\x9d\xdd{\
\xefl\xce\xdc\x99\xf3\xc1)\xc2\x1df\x0f\xe7\xcb\x9e\xbb\
\xaf;\x9b\xa4i\x8a\x22G\x87t\x02\xb1\xa3\x02\x84I\
\x0a>_\x06\xec\x01v\x02}@/\xb0\xa0\xea\xa4\xda\
\x9c)\xe03\xf0\x1e\xb8\x0f\xdc\x00\xbe5:\xc9R\xe0\
\x0c\xf0\x07H5Z\x8a)`\x14XQ\xb6\xf8\xdb\x80\
O\x1e$\x1eZ|\x04\xb6\x16\x15\x7f\x17\xf0\xdb\x83d\
C\x8d\xdf\xc0P^\xf1\xfb\x81\x09\x0f\x92\x0c=&\x80\
\x0ds\x09\xb8\xe3Ar\xb1\xc4\xed\xfa\xe2\x0fy\x90T\
l\xb1\x13\xa0kV\xc0p\xbd\x91:^\x00\x17\x807\
\xc0L\xc1\xd8\xd8\xe9\x00\xd6\x03\xc7\x81\x01\xcb\xb8a\xe0\
\x01\x98s\x81\xaf\xe4\x9b\xba\x0b,\xac.\xdf`Y\x08\
\xdc#\xbf\xae_j\x03\x97X\x06\xa5\xc0\xc6\xf9\xcc:\
06a\xafm\x0f\x98\xdd$o\xc0w\x8a\xcf\x96\x95\
|\x12L\x0d\xf3\xea;\xd0\x01t[&\xf89;P\
i\x8e\x14S\xc3<\xba\xf5b\x9c0*@\x18\x15 \
\x8c\x0a\x10F\x05\x08\xe3J@\xd1u\xa4\xd1\x16\xe7/\
:\xad?\xda\xe2\xfcb\xe8\x1e \x8c\x0a\x10F\x05\x08\
\xa3\x02\x84Q\x01\xc2\xa8\x00aT\x800*@\x18\x15\
 L\x0c\x02\xaa\xba\xa9\xee\xe4\xec;\x06\x01^\xa3\x02\
\x84Q\x01\xc2\xa8\x80\xe6x\x07\x5cu1\xd1|\x098\
Jk_x\xbeq\x10\xf3\xb4C\xcb\xc4\xb0\x07$\x0d\
\xc4\xa9\x12\xf3\x9d\x02\xc6\x5c%\x17\x83\x80\xb2\x0cb~\
\x94b\xe3*0\xe2r\xa3*\xc0\xd0\x03\x5c)\x18\xf3\
\x0e8\xe6z\xc3*\xc00\x0a\xac+\x18\xe3\xac\xefg\
Q\x01p\x128P0\xc6i\xdf\xcf\x12\xbb\x802}\
\x7f\x0c\xc7}?\xcb|\x09\xb8HcG#\xf5Q\x05\
e\xfa\xfewL\xeb\xa9\x8c\x98\xf7\x802}\xff\x18\xe6\
\xcb\xb72b\x15P\xa6\xef\x8f\xe0\xe8l\xd7F\x8c\x02\
\xca\xf6\xfd2'e-\x13\x9b\x00/\xfa~\x96\xd8\x04\
x\xd1\xf7\xb3\xc4$\xc0\x9b\xbe\x9f%\x16\x01^\xf5\xfd\
,1\x08\xf0\xae\xefg\x89A@\x99\xbe\xdf\x03\xbc\xa5\
\xb1{\x14']$\x17\xba\x802}_\x94\x90\x05\xec\
\xa2\xb8\xef\x8b\x13\xb2\x80\xa2\xb6\xe3\x05!\x0bh\x0bT\
\x80\x07\x0c\x92\xffM?.\x97V0\x8c\x93_\xdfA\
\xdd\x03\x84Q\x01\xc2\xa8\x00aT\x800*@\x98\x0e\
\xcc\xd2\xbay,\x9e\xafD\x02\xc6V\xc3)\x80\xe5\xd8\
/:\xad\xae8\xc1\x90Y\x83\xbd\xb6\xcb\xc0<\xf6\xf1\
\xd32\xe8\x0a\xban\x5c3$\x98\x9b;yu\xfd\x01\
$]\xb3\x7f\xdc\x22\xffz\xf8\x01\xccj\xea\xe7\x81W\
\xc0t\x85I\x87@'f\xa5\xc9\x13\xcc.\xce\x9a\xc3\
M2\x8f\xde\xef\xa3\xba\x1f\xb3i\xcc\x1d{\xb36\x12\
\xe0\xa1\x07I\xc5\x12O\x98\xa3\xad\x0f\x02\x93\x1e$\x17\
zL\x02[\xea\x8b_\xe30\xa6\xc7K'\x19jL\
\x03\x87\xf2\x8a_c7\xf6\xa3\x22\x8d\xe6\xe2\x17\xb0\xbf\
\xa8\xf85\xfa\x81\xeb\x1e$\x1dB\xcc\x00\xd70+\xaa\
\xffG\xd1\xf1\xfdf\x8c\xb5!`%f\xa1o\x97,\
\x22\x7f\xe9\xe4?\x98W~\xb4\xd3vjL\xf0\xef-\
J\xd7\x81\x97\x8e\xe7w\xc6i\xf2\xffs\xce9\xdc\xce\
9\xcbvN;\xdcN\xc3\xe8\xc58aT\x800*\
@\x18\x15 \x8c\x0a\x10F\x05\x08\xa3\x02\x84Q\x01\xc2\
\xa8\x00aT\x800]\xc5C\x9af\x03\xe6\xfaQ\xa7\
e\xccZ\xcbg}\x98g\xfc]\xd0W\x90\x83m;\
\xd3\xc0\x07\xe0\xb5\xa3\x5c*g-\xf0\x18\xf9\xab\x90\xae\
\xe3\x11\xe6)\x07\xaf\xe9\x04\x9e#_\xac\xaa\xe2\x19\x9e\
\xb7\xed\x1d\xc8\x17\xa9\xea\xd8\xee\xacZ\xb8\xb7Y\xfa\xc5\
\xf5mL\xaf\xcb\xc9\x5c\x0b\x18#\xec\xf7\x0d\xcf\x00O\
\xa5\x93(\xc2v\xf3\xa3\xdd\xe3\xac\xc3:\x01\xd5<r\
\x98\x00G0o\x8c^\x85\xfd0\xb4\x1d\x98\xc6\xdc^\
\xbc\x0c\x5cr=y\x92\xa6\xa9\xeb9\x95\x06\xf0\xfa\x90\
*\x06T\x800\x7f\x01\xe0\xc2\x02\x1d\xe9\xe9\xbaD\x00\
\x00\x00\x00IEND\xaeB`\x82\
\x00\x00\x08\xe3\
\x89\
PNG\x0d\x0a\x1a\x0a\x00\x00\x00\x0dIHDR\x00\
\x00\x00\x90\x00\x00\x00\x90\x08\x06\x00\x00\x00\xe7F\xe2\xb8\
\x00\x00\x00\x09pHYs\x00\x00\x0b\x13\x00\x00\x0b\x13\
\x01\x00\x9a\x9c\x18\x00\x00\x08\x95IDATx\x9c\xed\
\x9dI\x8cUE\x14\x86\xffF\xba\xb5\x9b\x04yBP\
\x86\x08(`LKD#,I\x04\x03\x02\xeaB#\
!\x11\x19D7\x0a\xe2\xce\x0dh\x83@ \x08\x84A\
\xc1\x18u\x034q\xa1\xd1\x85\xba\x90!\xd0* B\
\x8cH\x82\xca\xd08!(\x1bHz\xa0\xe1\x99\x8a\xa7\
\x13l\xee\xeb>u\xeb\x0eu\xef\xfd\xbf\xe4l\x1e\x97\
\xf7NU\xfd]\xb7\x86S\xa7\x00B\x08!\x84\x10B\
\x08!\x84\x10B\x08!\x84\x10\x92Qj\xc4\x08\xb1b\
*\x80C\x00\xae\x89\x1d\x000\x85uH4\xcc\x17\xd1\
\x94\xbb\xd8U\x00sY\x85\xa4;\x06\x02\xb8\x1c \x9e\
N\xbb\x04`\x00\xab\x90Tb^7\xe2\xe9\xb49\xac\
>R\x89%\x0a\x01\x99g\x08\x09\xa4A! \xf3\x0c\
!\x81P@\xc4\x09\x0a\x888A\x01\x11'( \xe2\
\x04\x05D\x9c\xa0\x80\x88\x13\x14\x10qb\xb1b\x1d\xc8\
<CH \xb3\x15\x02z\x96uG*QRl\xa6\
\xf6c\xf5\xf9\xc1}\x00\xde\x02\xb0\x1b\xc0\xa7\x00\x9e\x07\
P\x9d\xb6S\x00fI\xe8FW\xf1t\x00x&m\
\xe7\xf0_\x1d\xbd\x00\xe0\x13\xa9;S\x87cP\xc0\x98\
\x9b\x8e\x80Fj\x92^ m&\x89/\xedb\xfb\xe5\
\xb3\xb4)\x01\xf8*\xa0\xde\xaeH\x9d\x16\x82z)p\
\xa5\xd7\xc4aODd\xe8-\xe6\x03%\xa9\x9bJ\xf5\
\xd6^\x94\x9eh\xb3b\xa0z\x14@\xff\xb4\x1d\xf5\x88\
~\x12b\xdbS\xbdmD\x01\xd8\xab\xa8\x08\xdfz\x22\
\x9f{\x9e\xf2u\xb6\x07\x05\xe0ceePD\xb0\x12\
\x8f\xb1\x8fP\x00\xe6ZTH\x91ET\xb2\x14OY\
\xd6\xb1r\xcfM\xd2\xd5RD\xd1\x8ag\xb7\xd4m!\
\x08SA\xbb\x00T!\xffT\x89\x18\xf8\x07\x16\x83\x88\
\xa6#\xff<N\xf1\xc4'\xa2\xb5\xc8?\xeb9>\x8c\
ODf\x0d)j\x86\x02\x98\x09`\x19\x80\x9d\x00\x8e\
\x008\x09\xe0\x22\x806\xb1\x8b\xf2\xd9\x11yf\xa9\xfc\
\x9f!1\xf8\xf36'\x17\xf1\x89(\x8a\xa3\xc5\xbd\x00\
L\x04\xb0\x15\xc0\x09\xcb\xd7E\x90\x9d\x00\xb0\x05\xc0\xc3\
\xf2\xdd\xae<\xc7\x99i<\x22:\x05\xa0\xd6\xa1aL\
o\xb1\x02\xc0\xd9\x08DS\xc9\x9a\x01,\x070\xd8\xc1\
OS\xc6\xd3\x5c\xd6\x08/\xa2]\x15\xc4c\xf6\xd0\xc2\
0Bz\x9b\xd6\x18\x85S\xeeb\xad\xd2+\x0d\x0f\xe9\
s}\x05\x11}Y\xd051\xebi\xec4\x190o\
\x92\xd7V\x98\x9e\xa7\x0f\x80U\xb2\xc9XN\xc9\xda\x00\
\xac\x04P\x17\xc2\xffZ9\xab\xbfI\xeabZA\x96\
1\xbc`\xba\xbcN\xca\x9e\xd8\x19\x11\x00\xf1\x9c\xde\x12\
\x18\x1f\x14\x10\x96\xb6]\x03\xb0\x81\x19\xcf\xfc\xc5\x0c\x5c\
\x0fz \x94r\x0f\xf6\x0d\x80;\xd2\xae,\xf2\x7f\xee\
\x02\xf0\xb3\x07\xe2(+\xcd\x0c\x90G\xb3\x11\xfd\xe0\x01\
\x00\x7f96\xe8\xef\x00\xb6\x01X\x08`2\x80\x912\
\xdb\xa9\x16+\xc9g\x93\xe5\x99\xed\x00\xfep\xfcM\xe3\
\xf3\xd8\xb4+\xaf\xe8\x8cr\x10\x8f\xf9\x7f\xebD\x80a\
yP\xb6\x1e\x5c|0\xc2$)\x8dy\xba[p\xeb\
nF\xf4\x22\x80[\x22\xf4\xa5\x16\xc0K!g~f\
\x8bdP\x84\xbe\x10\x05\xe6\xb5\xf2u\x885\x99U\x11\
\x0b'HHf\x16\xd8b\xe9\x9b\x19\xfc3\x1fu\x82\
\xac\xb3l\xa0\x1f\x00\xdc\x9b\xa0\x7f\xf5\x00\x8eY\xfa\xb8\
&A\xffP\xf4E\xc2\xa0<\xce\x95l\xbb\xe3\x1eZ\
X\xea\x004Z\xf8yM\x12\x9c\x93\x98\x1b\xc5f\xdc\
\xb31\xa2\x1d\xf2\xb0TI\xcf\xa2\xf5\xb7Y\xb6`H\
L\xac\xb2h\x8c8b\x87\xc2\xb2\xd6\xc2o\xb3\x9bO\
bZ,\xd4n\x8cn\xf3l\xe3\xb1\x97\xc5\xeb\xcc\x0c\
\xf6\x87\xa5\xedp\x1eyG\xd9\x00\xc7B\xee~\xc7M\
-\x80\xef\x95e0\x09\x13H\x84\x0cQ\xc6\xf3\xb4$\
<\xdb\x0a3;\xd3\x96\x83kC\x11\xb2B\xf9\x97\x9b\
\x85,\xf2o(\xcbbb\xb4ID\xe3\x87f\xe5\x0a\
s\x9c\x8b\x84QQ\xa7\x0c\xab=\xed\xd98.\xb3L\
R\xfe\xc5\x9a\xed\x89\xac\xb0PY\xa6\x09i;\x9a\x07\
\xb6(7%\xb3\xd0\xfb\x5c?\xa0>\x9f\xb1\xa5\x88\xcc\
\xf2SN\x0f\x1cnP\x94\xebx\xdaNf\x9d\xa1\xca\
\xae\xde%$#-\x1eR\x96\xcd\xe5\x88P\xe1\x99\xa9\
\x0c\x06\xcb\x22U\x00\xce)\xca7#mG\xb3\xccR\
\xe5\xaasViT\x94\xefu\xe4\x94\xdb\xe4\xfe\xd0W\
\x956'\xc4\xa1\xb8\x9d\x8a\x0a63\x9a\xac\xb2HQ\
\xbe\x1d\x1e\xb6\x8b3\xb3{H\xc8]\xc9.K\x1ef\
-\xdf)\xbe\xd3\xc4)g\x95G\x15\xe5\xfb\xd6\xc3v\
q\xe2\x11\xc7sWW\xe5;4hB7\xcc&k\
V\x19\xa9(\x9f9\xd6\xed[\xbb8\x11\x94\xe8\xda\xd6\
L\xe2n\x0d\x7f+\xbe\xcbt\xd9Y\xa5\xbf\xa2|\x17\
<l\x17\xa7\x93\x9f\xdd%\x09\xd7\xda\x15e\x02\xef6\
\xc5we9\x96\xb8FQ>\xb3\xf9\xea[\xbb\x84&\
*G\xdb\x95\x09!\xf3.\xa0\x9b=\x13\x90\xb6]\x9c\
h\x8a\xc0\xd1}\xca\xdf\xe2+\x0c\xeaWX\x92\xed\xe2\
\x84\xeb`\xad\xc3\xe2\xe2\x12\x0e\xa2\x91\xd8 \xda\xa6]\
\x9c\x99\x15r\xbax\xc9\xf2\xca$N\xe3a5\x8dO\
\xaa]\x22\xa1$\xb7\xf75H\xb0{w\xd6 \x85\xb3\
\xbd\xac\x8d\x0b\x89\xb0^HL\xa2]2C\xde\xb72\
v*\xca\xf7Z\xdaNf\x19n\xa6\x82\x9b\xa9I\x84\
s\x98,\x19Yc\xbc\xb2l\x0c\xe7pD\x93\xcb\xd9\
\x9c\x95\xcf\x1a\x1b\x15\xe5b@Y\x82!\xadi\x9c\x7f\
w\x09\xac\xbf\xa0(\x97\xc9\xd0J\x1c\x99\xa8\xec\xeaM\
~\x9e<\x85q\x94\x19T\x9f\xec\xb1\x9e\xe6\x8c\xf4B\
u\x00~S\x94\x87\xc7z\x22dy\x8e\x0e\xe3\xad\xcc\
QY2\xc3`\xe5\x91\xe0V\x87+\x11\x92`\x8cr\
\x83\x98G\x9bS\x1aL\xfb\x9c\x5c\xa1\x0f\x80\x1f\x95e\
\xe0\xe09\x06\x86+\xffz\xcb\x12\xac\x9efb\xa9\xae\
\x18_>T\xfanz\xd1;o\xf8\x06\x92\xe8\xf8\xc1\
\xb7\x14)\xeb-\xfc\xe6\xd8'Fj%\xbc\xa1l\xf1\
*\xc8R\x8a\xbb3Lq\x17?\xd3,\x93l6\xa6\
4&\xeac\xf1\xda*K\x99\xa6\xa4\xe0g!y\xd3\
\xa2a\xca2x\xadOx\xb6u\xdc\xd2\xc7\xd5\x09\xfa\
Wx\xaa\xe5\xd6\x1b\x9b\x06j\x95\xe4Nq\xf6Fu\
2N\xd3\x0e\xf6;\xad)\xee`vr#\x83\xe4\x9a\
\x80\xb2\xa5\x9d\x95\xd3\xac\xb5\x11\x0b\xe7e\x00\xbf\x86\xf0\
\xe7\x17\x00\xb7\xb3\x81\xd3;\x98\x17\xf6\xa2\x93\xf3\x92b\
e\x9c\xc3\x00y\xbc\xec\xaak6F\x83\xcc$W\xb8\
;\xe2:!\x96\x8c\x8d\xe0\xba\xa7s2\xd8^$\x03\
\xd9\xd1\x12\x1aZ#f\x0e/\xde#G\x91_\x91g\
\xcfE\xf0\x9b\xf7\xb3\xb5\xfd`D\xc6.\x9c;%W\
U\x11\xcf\xc6D\xb67\xf8\xa4aM\x1c\xf3\xf8K\x16\
.\xdd\xadN\xbb\x92H\xcfL\x0dy\x19]\x9c\xaf\xac\
)l\xb8d0[\x0fO\xc9\xd5\x06\xef\xca\x94\xbbo\
\xc8\xa9\xf5\x8a\x10k2QZ\xab\xac=\x85Y2\xe8\
+e\x7f\x0f\xc0V\x00Oz\xb6A\xec%f\xe6\xb3\
\xb7\xc2\x8c%\xect{\x98l\xac\xda\xde\x22\xe8b-\
\x92\xa27\xec\xae\xfa\xb8\x0a3\xcb=id\x13\xcb\x0a\
\xa6b\x0ew\xd3(\xe6\x96\xe4[\x1d\x07\xd9\xcbb~\
\xb5\x9d\x96\xdfp\xb9\xe7\xc2\xf4<\x7fv\xf3\x1b\xa6\x8e\
(\x22K\xf1t\xda\x02\xb8S%\x19\xe07\x87\xd8\xaf\
\x0a\xb2\xe3\xb2\xeb?!\xa2\xab\x09\x16(~\x93\x22\x0a\
!\x1ec\xef#\x9ep\xd9\x19\x92\x0d\xb5Q\x92\x19\x98\
-\x92\x7fd\xfc\xd4&ifN\xca\xbf\xed\x90gg\
\xc4t\xa3\xce\x07\xca\xba\xa0\x88,\xc5S\x94\xd4\xff\x9b\
-\xea\xa3\xd0\x222\x19!\x0eY\xbe.\x1eC\xfey\
\xc2\xb2N\x8eJ\xae\xc5B\x11F<\xbb\x92H\xbf\xe6\
\x01\xbd\x00|N\x11U\xa6:D:\xb6\xa2u\xd5%\
\xcbW{g\x86\xd5B\xc4\x14\xcd\xa5xb\x13\x91I\
,\x95{l\xe2\x84\x8b\xd6\xf3\xb8\x8a\xc8\xcc\x22s\xcf\
\x17\x14Ol\x22\xfa\x0c\x05@\x13\x10_\xf4\x9e'\xac\
\x88\x0a\x11\x98?\xaa\x87})\x9f\xc4S\xe3Q\xf8E\
\xa9\x07\x11\xb5d\xfc\xde\x10+\x9e\xae\x90,a\x9f'\
\xe21\xe1 \x07%\x86\xc7\xd8\x01O\xc21J2\xdb\
\x0a\x12\x8f\x89`(\x5c@\xfc\x1ayo\xef\x90t\xb3\
>LC\xe7W8\xb8xUf\x90i\xd3[f[\
\x8dRw\xab\x8b\xd4\xf3\xf8\xce\xc0\x1e\x12u\x9b\x84\xdc\
\x03\xd2v\x92\xf8\xcb<\xc5@\xd5\xdc\xf0GH K\
\x14\x022\xcf\x10\x12H\x83B@\xe6\x19B\x02\xa1\x80\
\x88\x13\x14\x10q\x82\x02\x22NP@\xc4\x09\x0a\x888\
A\x01\x11'( \xe2\xc4b\xc5:\x90y\x86\x90@\
f3l\x94\xb8\x86K\xf4\xb4\x99\x9a\xdb\x0bjI4\
\xcc\xaa\x90_\xa8#\x8d\xab\xb1I6\x99$G\x8f\xda\
\xc5\xf6\xcbg\x84X\x07o\xf9\x10\xe4F\x08!\x84\x10\
B\x08!\x84\x10B\x08!\x84\x10B`\xcd\xbf\x07\x93\
\xc1E\x84\xf0\x8fG\x00\x00\x00\x00IEND\xaeB\
`\x82\
\x00\x00\x01\xdf\
\x89\
PNG\x0d\x0a\x1a\x0a\x00\x00\x00\x0dIHDR\x00\
\x00\x00`\x00\x00\x00`\x08\x06\x00\x00\x00\xe2\x98w8\
\x00\x00\x00\x09pHYs\x00\x00\x0b\x13\x00\x00\x0b\x13\
\x01\x00\x9a\x9c\x18\x00\x00\x01\x91IDATx\x9c\xed\
\xdc]N\xc2P\x14E\xe13\x19\xeb\xbb\xfb\x01\xc6\x0c\
\xe3\x12}\x91\xde\x19`\x9a\xd0\xc4T~\xdaB8\xf7\
\x9e\xb3\xbe\xa4\x89\x0f\xe6J\xd6\x96\xa2\x89b\x06\x00\x00\
\x00\x00\x00\x00\x00\x00\x00\x00\x00\x00 \x9bw3\xdb\x9b\
\xd9\xe1|\x0d\x1fw\xde\x0f*K\xaf\xe1\xb0\xa3\x99\x9d\
&Wof\x9b\xe7>\xee\x106\xe76\xd3^\xc7\xb5\
#\xec/\x1c6^\x85\x11\xfe\xc5/7z\xedl\x85\
\xaf\x1b\x07\x8e#l\xd7\x1c\x1c\x8c\xae\xdc)\xfe^\xdf\
k\x0e>\xdc9\x94\x11lV\xfc\xe1\xfa\x5c3\xc0n\
\xc6\xc1\x99oG\x9b;\xb7\x9d\x87oA\xdd\x95\x17\x15\
F\xb0E\xf1\xfbG~\x12\xfa0\xb3\x9f\x05#dx\
M\xd0\xcc\xdb\xce\xd3\xee\x0e\x8c\xe0\x18\x7f\xc4\x08\xe6\x17\
\x9f\x11\xcc?~\xe6\x11TK\xfc\x8c#\xa8\xb6\xf8\x99\
FP\xad\xf13\x8c\xa0\xda\xe3G\x1eA\xad\xc4\x8f8\
\x82Z\x8b\x1fi\x04\xb5\x1a?\xc2\x08j=~\xcb#\
(J\xfc\x16GP\xb4\xf8-\x8d\xa0\xa8\xf1[\x18A\
\xd1\xe3\xd7<\x82\xb2\xc4\xafq\x04e\x8b_\xd3\x08\xca\
\x1a\xbf\x86\x11\x94=\xbe\xe7\x08\x22\xbe\xdf\x08\x22\xbe\xdf\
\x08\x22\xbe\xdf\x08\x22\xbe\xdf\x08\x22\xbe\xdf\x08\x22\xbe\xdf\
\x08\x22\xbe\xdf\x08\x22\xbe\xdf\x08\x22\xbe\xdf_\x1e\x97\x85\
\x9f\x1b\xf67\x5c\xcfg\xc2\x89\xf8u\x8fP\xf8\xce\xf7\
\x1b\xa1\x10\xdf\xef\x99P\x88\xef7B!\xbe\xdf\x08\x85\
\xf8~#\x14\xe2\xfb\xbd%@O\xfc\xd7\xe9&o\x8a\
1\xfc\x1f\xee\xdb\x0b\xbf>\x00\x00\x00\x00\x00\x00\x00\x00\
\x00\x00\x00\x00\x00\x00\xb0K~\x01\xec\xb6\x84\xa3\xd1\xcb\
\x900\x00\x00\x00\x00IEND\xaeB`\x82\
\x00\x00\x02a\
\x89\
PNG\x0d\x0a\x1a\x0a\x00\x00\x00\x0dIHDR\x00\
\x00\x00`\x00\x00\x00`\x08\x06\x00\x00\x00\xe2\x98w8\
\x00\x00\x00\x09pHYs\x00\x00\x0b\x13\x00\x00\x0b\x13\
\x01\x00\x9a\x9c\x18\x00\x00\x02\x13IDATx\x9c\xed\
\xddIn\xd4P\x14F\xe1#f\xb0\x82\x84\x11\xcd&\
\x08\x03\xba\x1d\x11X\x09\x8d\xd2\xac$\xb4\xbb \xb0\x06\
\x88\xe8\x12\x9a\xd9CV<B\xb8HJ\xcf\xf9\x9f\xed\
\xf3IoZ\x91\xef)\xdb\x11\x127 I\x92$I\
\x92\xfe\xef>\xb0\x0f\xbc\x07N\x80\xb2\xd0s\xd2\xcf`\
\x0f\xb8w\x11_\x9c\x9b\xc0\x9b\x06.\xbc4z^\x01\
\xd7\xc7\x1a\xfem\xe0\xa8\x81\x8b,\x8d\x9fO\xc0V\xed\
\xe1_\x03>6pqe\x22\xe7\xa8\x7fZT\xf3\xba\
\x81\x8b*\x13;ok\x0d\xffA\x03\x17S&z\xaa\
\xbc\x98\xf7\x07>\xfc\x17\xf0\x10\xd8`\xb96\x81\xed~\
\x16\xff\x9a\xd1n\x8d\x1f\xf2a\xe0\xc3\xbb\xe1\xeb\xd4\xa3\
\x81\x19\x1dR\xc1\xf1\xc0\x87/\xf9\x9b\xff\xb7\x8d\x81\x19\
}\xa7\x82\xa1\xe7\x9b.hN\x068\x1b\x03\x84\x19 \
\xcc\x00a\x06\x083@\x98\x01\xc2\x0c\x10f\x800\x03\
\x84\x19 \xcc\x00a\x06\x083@\x98\x01\xc2\x0c\x10f\
\x800\x03\x84\x19 \xcc\x00a\x06\x083@\x98\x01\xc2\
\x0c\x10f\x800\x03\x84\x19 \xcc\x00a\x06\x083@\
\x98\x01\xc2\x0c\x10f\x800\x03\x84\x19 \xcc\x00a\x06\
\x083@\x98\x01\xc2\x0c\x10f\x80\xb9\x06\xe8\xfe\xbb\xbd\
\xab\x0aV\xbb:0\xa3o\x8c\xb8\xac\xa3\xdb\x12\xa2S\
\x8f\xc7\x5c\xd6\xb1\xb7b]\xcdv\xbf\xb2e\xa96\xfb\
M)\xbf\x07f\xb4SkC\xe2:\xcb\x8a<p\x87\
J^:P\xce\xfb\x85:\xa0\x22\x97\xf6q\xee\xa5}\
7\xa8l\xab_\xc9\xe8\xa3\x85\x953\xe8\xb6K\xdeb\
$\xddRR\x1fG\x0c\x0e\xffE\xff\xb4\x18\xdd\xdd~\
!\xdd\xe1\x8a\x95fK8\xc7\xc0\xbb\xfe\xb7\x9dj/\
\xdc\x942pZ\xfd\xdc\xd9)\x060\xc0\xa2\x15\xef\x00\
\x03,Z\xf1\x0e0\xc0\xa2\x15\xef\x00\x03,Z\xf1\x0e\
\x18\xc7\x15\xe09\xf0\xb5\x81\x7f:(g<_\x80g\
\xc0ef`\xb7\x81\x81\x965O\x95?\xc0\x90t\x09\
\xf8\xd9\xc0 \xcb\x9a\xe7G\x7f\x0d\x93e\x80\x06L\xf9\
\x11\xb4\xc3\x0ct/\xb2\xa7\xfd\x8b\xadL\xe4|\x06\x9e\
\xcc\xe5%,I\x92$I\x12\xcd\xf8\x03+\x88J\x1d\
\xd1vR>\x00\x00\x00\x00IEND\xaeB`\x82\
\
\x00\x00\x02_\
\x89\
PNG\x0d\x0a\x1a\x0a\x00\x00\x00\x0dIHDR\x00\
\x00\x00`\x00\x00\x00`\x08\x06\x00\x00\x00\xe2\x98w8\
\x00\x00\x00\x09pHYs\x00\x00\x0b\x13\x00\x00\x0b\x13\
\x01\x00\x9a\x9c\x18\x00\x00\x02\x11IDATx\x9c\xed\
\xdcKN\x14Q\x18G\xf1\x1bg\xba\x02q\x04\xb2\x09\
q\xa0\xe8\x8e\x00W\xe2#\xa0+\xc1\xe7.|\xacA\
\x8d\x0f@qvL%50\xa4\xabU\xfaV\xfe}\
\xab\xceo\x01W\xeew\xba\xba:\x0e\xbeR$I\x92\
$I\xd2_\x00\xf7\x80g\xc0{\xe0\x8c\xf9:\xebg\
\xf0\x14\xd8\x1d\xfd\x83\x03l\x03\xaf\xd3\xb7^c/\x81\
\xad\xb1\x86\x7f\x1b\xf8\x9c\xbea\x03>\x01;\xb5\x87\xbf\
\x09|L\xdf\xac!\xdd\x07u\xbbf\x80W\xe9\x1b5\
\xe8M\xad\xe1\xdfO\xdf\xa4a\xab\xbf\x98\xfb_;\x8b\
\x9c\x03{\xc0\xf52S\xc0\x06\xb0\xdf\xcfb\x91\xa3\x1a\
\xff\xc8\x87\x81\xc3\xf7\xaa\xdcb\x02\x80\x83\x81\x19\xbd\xab\
q\xf8\xe9\xc0\xe1\xb3\xfd\xe4_\xd4\xcdb`F'e\
U\x03\x07\xb3\xf2\xc1\x13\xc3Xs2\xc0\xbf1@\x98\
\x01\xc2\x0c\x10f\x800\x03\x84\x19 \xcc\x00a\x06\x08\
3@\x98\x01\xc2\x0c\x10f\x800\x03\x84\x19 \xcc\x00\
a\x06\x083@\x98\x01\xc2\x0c\x10f\x800\x03\x84\x19\
 \xcc\x00a\x06\x083@\x98\x01\xc2\x0c\x10f\x800\
\x03\x84\x19 \xcc\x00a\x06\x083@\x98\x01\xc2\x0c\x10\
f\x800\x03\x84\x19 \xcc\x00a\x06\x98p\x80\x93\x81\
\xb3]U\xd0\x03n\x0c\xcc\xe8{\x19qY\xc7\xfe\xca\
\x87O\x04\xf0`\xcce\x1d\xddB\xbaE\xce\xfbU-\
\x1be\xde\xebj\x0e\x80_\x033:\xac\xb5!Q\x97\
s\xa7V\xe9\x17\x97\xfc\x03\xe6\xec\xb8\xca\xf0\xfb\x00.\
\xed\xfb\xff\xa5}7\xab\x05\xe8#\xec\xf4+\x19\xb5\x5c\
\xb7]\xf2V\xd5\xe1\xff\x11a\xcb\xaf\xa3\xa5\x9ew\xdf\
\x16\xa3\x0c\xffB\x88\xbb\xddB\xba\xeeg\xd6\x92\x95f\
sp\x0a\xbc\xed~\xedT{\xe1\xa60`]\xcf\x9d\
\x1c\x0c`\x80Y\xc3'\xc0\x00\xb3\x86O\x80\x01f\x0d\
\x9f\x00\x03\xcc\x1a>\x01\xa3\x0d\xf6\x1a\xf0\x04\xf8F;\
\xbe\x02\x8f\x81\xab\xa5u\xfd\xff\x19\xb5\xea\xa8\xb4\x0c\xb8\
\x02\xfc\xa4]?\xba;\x94V\x19`\x0d4\xfe\x15t\
XZ\xd7\xbd\xc8\x80G\xfd\x8b\xad\x15_\x80\x87\x93x\
\x09K\x92$I\x92T\xd6\xc9o\xc9>\xb4\xe7\xd0=\
B\x8e\x00\x00\x00\x00IEND\xaeB`\x82\
\x00\x00\x86\xbe\
\x00\
\x00\x01\x00\x05\x00@@\x00\x00\x01\x00 \x00(B\x00\
\x00V\x00\x00\x0000\x00\x00\x01\x00 \x00\xa8%\x00\
\x00~B\x00\x00  \x00\x00\x01\x00 \x00\xa8\x10\x00\
\x00&h\x00\x00\x18\x18\x00\x00\x01\x00 \x00\x88\x09\x00\
\x00\xcex\x00\x00\x10\x10\x00\x00\x01\x00 \x00h\x04\x00\
\x00V\x82\x00\x00(\x00\x00\x00@\x00\x00\x00\x80\x00\x00\
\x00\x01\x00 \x00\x00\x00\x00\x00\x00B\x00\x00\x00\x00\x00\
\x00\x00\x00\x00\x00\x00\x00\x00\x00\x00\x00\x00\x00\x00\x00\x00\
\x00\x00\x00\x00\x00\x00\x00\x00\x00\x00\x00\x00\x00\x00\x00\x00\
\x00\x00\x00\x00\x00\x00\x00\x00\x00\x00\x00\x00\x00\x00\x00\x00\
\x00\x00\x00\x00\x00\x00\x00\x00\x00\x00\x00\x00\x00\x00\x00\x00\
\x00\x00\x00\x00\x00\x00\x00\x00\x00\x00\x00\x00\x00\x00\x00\x00\
\x00\x00\x00\x00\x00\x00\x00\x00\x00\x00\x00\x00\x00\x00\x00\x00\
\x00\x00\x00\x00\x00\x00\x00\x00\x00\x00\x00\x00\x00\x00\x00\x00\
\x00\x00\x00\x00\x00\x00\x00\x00\x00\x00\x00\x00\x00\x00\x00\x00\
\x00\x00\x00\x00\x00\x00\x00\x00\x00\x00\x00\x00\x00\x00\x00\x00\
\x00\x00\x00\x00\x00\x00\x00\x00\x00\x00\x00\x00\x00\x00\x00\x00\
\x00\x00\x00\x00\x00\x00\x00\x00\x00\x00\x00\x00\x00\x00\x00\x00\
\x00\x00\x00\x00\x00\x00\x00\x00\x00\x00\x00\x00\x00\x00\x00\x00\
\x00\x00\x00\x00\x00\x00\x00\x00\x00\x00\x00\x00\x00\x00\x00\x00\
\x00\x00\x00\x00\x00\x00\x00\x00\x00\x00\x00\x00\x00\x00\x00\x00\
\x00\x00\x00\x00\x00\x00\x00\x00\x00\x00\x00\x00\x00\x00\x00\x00\
\x00\x00\x00\x00\x00\x00\x00\x00\x00\x00\x00\x00\x00\x00\x00\x00\
\x00\x00\x00\x00\x00\x00\x00\x00\x00\x00\x00\x00\x00\x00\x00\x00\
\x00\x00\x00\x00\x00\x00\x00\x00\x00\x00\x00\x00\x00\x00\x00\x00\
\x00\x00\x00\x00\x00\x00\x00\x00\x00\x00\x00\x00\x00\x00\x00\x00\
\x00\x00\x00\x00\x00\x00\x00\x00\x00\x00\x00\x00\x00\x00\x00\x00\
\x00\x00\x00\x00\x00\x00\x00\x00\x00\x85~s\x13\x85|q\
I\x86}rP\x86}rP\x86}rP\x86}r\
P\x86}rP\x86}rP\x86}rP\x86}r\
P\x86}rP\x86}rP\x86}rP\x86}r\
P\x86}rP\x86}rP\x86}rP\x86}r\
P\x86}rP\x86}rP\x86}rP\x86}r\
P\x86}rP\x86}rP\x86}rP\x86}r\
P\x86}rP\x86}rP\x86}rP\x86}r\
P\x86}rP\x86}rP\x86}qH\x87|q\
\x13\x00\x00\x00\x00\x00\x00\x00\x00\x00\x00\x00\x00\x00\x00\x00\
\x00\x00\x00\x00\x00\x00\x00\x00\x00\x00\x00\x00\x00\x00\x00\x00\
\x00\x00\x00\x00\x00\x00\x00\x00\x00\x00\x00\x00\x00\x00\x00\x00\
\x00\x00\x00\x00\x00\x00\x00\x00\x00\x00\x00\x00\x00\x00\x00\x00\
\x00\x00\x00\x00\x00\x00\x00\x00\x00\x00\x00\x00\x00\x00\x00\x00\
\x00\x00\x00\x00\x00\x00\x00\x00\x00\x00\x00\x00\x00\x00\x00\x00\
\x00\x00\x00\x00\x00\x00\x00\x00\x00\x00\x00\x00\x00\x00\x00\x00\
\x00\x00\x00\x00\x00\x00\x00\x00\x00\x85|qz\x85|q\
\xf2\x86}r\xff\x86}r\xff\x86}r\xff\x86}r\
\xff\x86}r\xff\x86}r\xff\x86}r\xff\x86}r\
\xff\x86}r\xff\x86}r\xff\x86}r\xff\x86}r\
\xff\x86}r\xff\x86}r\xff\x86}r\xff\x86}r\
\xff\x86}r\xff\x86}r\xff\x86}r\xff\x86}r\
\xff\x86}r\xff\x86}r\xff\x86}r\xff\x86}r\
\xff\x86}r\xff\x86}r\xff\x86}r\xff\x86}r\
\xff\x86}r\xff\x86}r\xff\x86}q\xf2\x86|q\
z\x00\x00\x00\x00\x00\x00\x00\x00\x00\x00\x00\x00\x00\x00\x00\
\x00\x00\x00\x00\x00\x00\x00\x00\x00\x00\x00\x00\x00\x00\x00\x00\
\x00\x00\x00\x00\x00\x00\x00\x00\x00\x00\x00\x00\x00\x00\x00\x00\
\x00\x00\x00\x00\x00\x00\x00\x00\x00\x00\x00\x00\x00\x00\x00\x00\
\x00\x00\x00\x00\x00\x00\x00\x00\x00\x00\x00\x00\x00\x00\x00\x00\
\x00\x00\x00\x00\x00\x00\x00\x00\x00\x00\x00\x00\x00\x00\x00\x00\
\x00\x00\x00\x00\x00\x00\x00\x00\x00\x00\x00\x00\x00\x00\x00\x00\
\x00\x00\x00\x00\x00\x00\x00\x00\x00\x85|q\xce\x86}r\
\xff\x86}r\xff\x86}r\xff\x86}r\xff\x86}r\
\xff\x86}r\xff\x86}r\xff\x86}r\xff\x86}r\
\xff\x86}r\xff\x86}r\xff\x86}r\xff\x86}r\
\xff\x86}r\xff\x86}r\xff\x86}r\xff\x86}r\
\xff\x86}r\xff\x86}r\xff\x86}r\xff\x86}r\
\xff\x86}r\xff\x86}r\xff\x86}r\xff\x86}r\
\xff\x86}r\xff\x86}r\xff\x86}r\xff\x86}r\
\xff\x86}r\xff\x86}r\xff\x86}r\xff\x86}q\
\xcd\x00\x00\x00\x00\x00\x00\x00\x00\x00\x00\x00\x00\x00\x00\x00\
\x00\x00\x00\x00\x00\x00\x00\x00\x00\x00\x00\x00\x00\x00\x00\x00\
\x00\x00\x00\x00\x00\x00\x00\x00\x00\x00\x00\x00\x00\x00\x00\x00\
\x00\x00\x00\x00\x00\x00\x00\x00\x00\x00\x00\x00\x00\x00\x00\x00\
\x00\x00\x00\x00\x00\x00\x00\x00\x00\x00\x00\x00\x00\x00\x00\x00\
\x00\x00\x00\x00\x00\x00\x00\x00\x00\x00\x00\x00\x00\x00\x00\x00\
\x00\x00\x00\x00\x00\x00\x00\x00\x00\x00\x00\x00\x00\x00\x00\x00\
\x00\x00\x00\x00\x00\x00\x00\x00\x00\x86}r\xd6\x86}r\
\xff\x86}r\xff\x86}r\xff\x86}r\xff\x86}r\
\xff\x86}r\xff\x86}r\xff\x86}r\xff\x86}r\
\xff\x86}r\xff\x86}r\xff\x86}r\xff\x86}r\
\xff\x86}r\xff\x86}r\xff\x86}r\xff\x86}r\
\xff\x86}r\xff\x86}r\xff\x86}r\xff\x86}r\
\xff\x86}r\xff\x86}r\xff\x86}r\xff\x86}r\
\xff\x86}r\xff\x86}r\xff\x86}r\xff\x86}r\
\xff\x86}r\xff\x86}r\xff\x86}r\xff\x86}r\
\xd6\x00\x00\x00\x00\x00\x00\x00\x00\x00\x00\x00\x00\x00\x00\x00\
\x00\x00\x00\x00\x00\x00\x00\x00\x00\x00\x00\x00\x00\x00\x00\x00\
\x00\x00\x00\x00\x00\x00\x00\x00\x00\x00\x00\x00\x00\x00\x00\x00\
\x00\x00\x00\x00\x00\x00\x00\x00\x00\x00\x00\x00\x00\x00\x00\x00\
\x00\x00\x00\x00\x00\x00\x00\x00\x00\x00\x00\x00\x00\x00\x00\x00\
\x00\x00\x00\x00\x00\x00\x00\x00\x00\x00\x00\x00\x00\x00\x00\x00\
\x00\x00\x00\x00\x00\x00\x00\x00\x00\x00\x00\x00\x00\x00\x00\x00\
\x00\x00\x00\x00\x00\x00\x00\x00\x00\x86}r\xd6\x86}r\
\xff\x86}r\xff\x86}r\xff\x86}r\xff\x86}r\
\xff\x86}r\xff\x86}r\xff\x86}r\xff\x86}r\
\xff\x86}r\xff\x86}r\xff\x86}r\xff\x86}r\
\xff\x86}r\xff\x86}r\xff\x86}r\xff\x86}r\
\xff\x86}r\xff\x86}r\xff\x86}r\xff\x86}r\
\xff\x86}r\xff\x86}r\xff\x86}r\xff\x86}r\
\xff\x86}r\xff\x86}r\xff\x86}r\xff\x86}r\
\xff\x86}r\xff\x86}r\xff\x86}r\xff\x86}r\
\xd6\x00\x00\x00\x00\x00\x00\x00\x00\x00\x00\x00\x00\x00\x00\x00\
\x00\x00\x00\x00\x00\x00\x00\x00\x00\x00\x00\x00\x00\x00\x00\x00\
\x00\x00\x00\x00\x00\x00\x00\x00\x00\x00\x00\x00\x00\x00\x00\x00\
\x00\x00\x00\x00\x00\x00\x00\x00\x00\x00\x00\x00\x00\x00\x00\x00\
\x00\x00\x00\x00\x00\x00\x00\x00\x00\x00\x00\x00\x00\x00\x00\x00\
\x00\x00\x00\x00\x00\x00\x00\x00\x00\x00\x00\x00\x00\x00\x00\x00\
\x00\x00\x00\x00\x00\x00\x00\x00\x00\x00\x00\x00\x00\x00\x00\x00\
\x00\x00\x00\x00\x00\x00\x00\x00\x00\x85|q\xd0\x86}r\
\xff\x86}r\xff\x86}r\xff\x86}r\xff\x86}r\
\xff\x86}r\xff\x86}r\xff\x86}r\xff\x86}r\
\xff\x86}r\xff\x86}r\xff\x86}r\xff\x86}r\
\xff\x86}r\xff\x86}r\xff\x86}r\xff\x86}r\
\xff\x86}r\xff\x86}r\xff\x86}r\xff\x86}r\
\xff\x86}r\xff\x86}r\xff\x86}r\xff\x86}r\
\xff\x86}r\xff\x86}r\xff\x86}r\xff\x86}r\
\xff\x86}r\xff\x86}r\xff\x86}r\xff\x86}q\
\xd0\x00\x00\x00\x00\x00\x00\x00\x00\x00\x00\x00\x00\x00\x00\x00\
\x00\x00\x00\x00\x00\x00\x00\x00\x00\x00\x00\x00\x00\x00\x00\x00\
\x00\x00\x00\x00\x00\x00\x00\x00\x00\x00\x00\x00\x00\x00\x00\x00\
\x00\x00\x00\x00\x00\x00\x00\x00\x00\x00\x00\x00\x00\x00\x00\x00\
\x00\x00\x00\x00\x00\x00\x00\x00\x00\x00\x00\x00\x00\x00\x00\x00\
\x00\x00\x00\x00\x00\x00\x00\x00\x00\x00\x00\x00\x00\x00\x00\x00\
\x00\x00\x00\x00\x00\x00\x00\x00\x00\x00\x00\x00\x00\x00\x00\x00\
\x00\x00\x00\x00\x00\x00\x00\x00\x00\x85|q\x89\x86}r\
\xf5\x86}r\xff\x86}r\xff\x86}r\xff\x86}r\
\xff\x86}r\xff\x86}r\xff\x86}r\xff\x86}r\
\xff\x86}r\xff\x86}r\xff\x86}r\xff\x86}r\
\xff\x86}r\xff\x86}r\xff\x86}r\xff\x86}r\
\xff\x86}r\xff\x86}r\xff\x86}r\xff\x86}r\
\xff\x86}r\xff\x86}r\xff\x86}r\xff\x86}r\
\xff\x86}r\xff\x86}r\xff\x86}r\xff\x86}r\
\xff\x86}r\xff\x86}r\xff\x85|q\xf5\x85}q\
\x88\x00\x00\x00\x00\x00\x00\x00\x00\x00\x00\x00\x00\x00\x00\x00\
\x00\x00\x00\x00\x00\x00\x00\x00\x00\x00\x00\x00\x00\x00\x00\x00\
\x00\x00\x00\x00\x00\x00\x00\x00\x00\x00\x00\x00\x00\x00\x00\x00\
\x00\x00\x00\x00\x00\x00\x00\x00\x00\x00\x00\x00\x00\x00\x00\x00\
\x00\x00\x00\x00\x00\x00\x00\x00\x00\x00\x00\x00\x00\x00\x00\x00\
\x00\x00\x00\x00\x00\x00\x00\x00\x00\x00\x00\x00\x00\x00\x00\x00\
\x00\x00\x00\x00\x00\x00\x00\x00\x00\x00\x00\x00\x00\x00\x00\x00\
\x00\x00\x00\x00\x00\x00\x00\x00\x00\x85~t\x1a\x86}r\
a\x86}rk\x86}rk\x86}rk\x86}r\
k\x86}rk\x86}rk\x86}rk\x86}r\
k\x86}r\xd8\x86}r\xff\x86}r\xff\x86}r\
\xff\x86}r\xff\x86}r\xff\x86}r\xff\x86}r\
\xff\x86}r\xff\x86}r\xff\x86}r\xff\x86}r\
\xff\x86}r\xff\x86}r\xd8\x86}rk\x86}r\
k\x86}rk\x86}rk\x86}rk\x86}r\
k\x86}rk\x86}rk\x85|qa\x85~s\
\x19\x00\x00\x00\x00\x00\x00\x00\x00\x00\x00\x00\x00\x00\x00\x00\
\x00\x00\x00\x00\x00\x00\x00\x00\x00\x00\x00\x00\x00\x00\x00\x00\
\x00\x00\x00\x00\x00\x00\x00\x00\x00\x00\x00\x00\x00\x00\x00\x00\
\x00\x00\x00\x00\x00\x00\x00\x00\x00\x00\x00\x00\x00\x00\x00\x00\
\x00\x00\x00\x00\x00\x00\x00\x00\x00\x00\x00\x00\x00\x00\x00\x00\
\x00\x00\x00\x00\x00\x00\x00\x00\x00\x00\x00\x00\x00\x00\x00\x00\
\x00\x00\x00\x00\x00\x00\x00\x00\x00\x00\x00\x00\x00\x00\x00\x00\
\x00\x00\x00\x00\x00\x00\x00\x00\x00\x00\x00\x00\x00\x00\x00\x00\
\x00\x00\x00\x00\x00\x00\x00\x00\x00\x00\x00\x00\x00\x00\x00\x00\
\x00\x00\x00\x00\x00\x00\x00\x00\x00\x00\x00\x00\x00\x00\x00\x00\
\x00\x81yo\xbb\x81yo\xff\x81yo\xff\x81yo\
\xff\x81yo\xff\x81yo\xff\x81yo\xff\x81yo\
\xff\x81yo\xff\x81yo\xff\x81yo\xff\x81yo\
\xff\x81yo\xff\x81yo\xbb\x00\x00\x00\x00\x00\x00\x00\
\x00\x00\x00\x00\x00\x00\x00\x00\x00\x00\x00\x00\x00\x00\x00\x00\
\x00\x00\x00\x00\x00\x00\x00\x00\x00\x00\x00\x00\x00\x00\x00\x00\
\x00\x00\x00\x00\x00\x00\x00\x00\x00\x00\x00\x00\x00\x00\x00\x00\
\x00\x00\x00\x00\x00\x00\x00\x00\x00\x00\x00\x00\x00\x00\x00\x00\
\x00\x00\x00\x00\x00\x00\x00\x00\x00\x00\x00\x00\x00\x00\x00\x00\
\x00\x00\x00\x00\x00\x00\x00\x00\x00\x00\x00\x00\x00\x00\x00\x00\
\x00\x00\x00\x00\x00\x00\x00\x00\x00\x00\x00\x00\x00\x00\x00\x00\
\x00\x00\x00\x00\x00\x00\x00\x00\x00\x00\x00\x00\x00\x00\x00\x00\
\x00\x00\x00\x00\x00\x00\x00\x00\x00\x00\x00\x00\x00\x00\x00\x00\
\x00\x00\x00\x00\x00\x00\x00\x00\x00\x00\x00\x00\x00\x00\x00\x00\
\x00\x00\x00\x00\x00\x00\x00\x00\x00\x00\x00\x00\x00\x00\x00\x00\
\x00\x00\x00\x00\x00\x00\x00\x00\x00\x00\x00\x00\x00\x00\x00\x00\
\x00xog\xbbxog\xffxog\xffxog\
\xffxog\xffxog\xffxog\xffxog\
\xffxog\xffxog\xffxog\xffxog\
\xffxog\xffxog\xbb\x00\x00\x00\x00\x00\x00\x00\
\x00\x00\x00\x00\x00\x00\x00\x00\x00\x00\x00\x00\x00\x00\x00\x00\
\x00\x00\x00\x00\x00\x00\x00\x00\x00\x00\x00\x00\x00\x00\x00\x00\
\x00\x00\x00\x00\x00\x00\x00\x00\x00\x00\x00\x00\x00\x00\x00\x00\
\x00\x00\x00\x00\x00\x00\x00\x00\x00\x00\x00\x00\x00\x00\x00\x00\
\x00\x00\x00\x00\x00\x00\x00\x00\x00\x00\x00\x00\x00\x00\x00\x00\
\x00\x00\x00\x00\x00\x00\x00\x00\x00\x00\x00\x00\x00\x00\x00\x00\
\x00\x00\x00\x00\x00\x00\x00\x00\x00\x00\x00\x00\x00\x00\x00\x00\
\x00\x00\x00\x00\x00\x00\x00\x00\x00\x00\x00\x00\x00\x00\x00\x00\
\x00\x00\x00\x00\x00\x00\x00\x00\x00\x00\x00\x00\x00\x00\x00\x00\
\x00\x00\x00\x00\x00\x00\x00\x00\x00\x00\x00\x00\x00\x00\x00\x00\
\x00\x00\x00\x00\x00\x00\x00\x00\x00\x00\x00\x00\x00\x00\x00\x00\
\x00\x00\x00\x00\x00\x00\x00\x00\x00\x00\x00\x00\x00\x00\x00\x00\
\x00jc]\xbbjc]\xffjc]\xffjc]\
\xffjc]\xffjc]\xffjc]\xffjc]\
\xffjc]\xffjc]\xffjc]\xffjc]\
\xffjc]\xffjc]\xbb\x00\x00\x00\x00\x00\x00\x00\
\x00\x00\x00\x00\x00\x00\x00\x00\x00\x00\x00\x00\x00\x00\x00\x00\
\x00\x00\x00\x00\x00\x00\x00\x00\x00\x00\x00\x00\x00\x00\x00\x00\
\x00\x00\x00\x00\x00\x00\x00\x00\x00\x00\x00\x00\x00\x00\x00\x00\
\x00\x00\x00\x00\x00\x00\x00\x00\x00\x00\x00\x00\x00\x00\x00\x00\
\x00\x00\x00\x00\x00\x00\x00\x00\x00\x00\x00\x00\x00\x00\x00\x00\
\x00\x00\x00\x00\x00\x00\x00\x00\x00\x00\x00\x00\x00\x00\x00\x00\
\x00\x00\x00\x00\x00\x00\x00\x00\x00\x00\x00\x00\x00\x00\x00\x00\
\x00\x00\x00\x00\x00\x00\x00\x00\x00\x00\x00\x00\x00\x00\x00\x00\
\x00\x00\x00\x00\x00\x00\x00\x00\x00\x00\x00\x00\x00\x00\x00\x00\
\x00\x00\x00\x00\x00\x00\x00\x00\x00\x00\x00\x00\x00\x00\x00\x00\
\x00\x00\x00\x00\x00\x00\x00\x00\x00\x00\x00\x00\x00\x00\x00\x00\
\x00\x00\x00\x00\x00\x00\x00\x00\x00\x00\x00\x00\x00\x00\x00\x00\
\x00\x5cWR\xbb\x5cWR\xff\x5cWR\xff\x5cWR\
\xff\x5cWR\xff\x5cWR\xff\x5cWR\xff\x5cWR\
\xff\x5cWR\xff\x5cWR\xff\x5cWR\xff\x5cWR\
\xff\x5cWR\xff\x5cWR\xbb\x00\x00\x00\x00\x00\x00\x00\
\x00\x00\x00\x00\x00\x00\x00\x00\x00\x00\x00\x00\x00\x00\x00\x00\
\x00\x00\x00\x00\x00\x00\x00\x00\x00\x00\x00\x00\x00\x00\x00\x00\
\x00\x00\x00\x00\x00\x00\x00\x00\x00\x00\x00\x00\x00\x00\x00\x00\
\x00\x00\x00\x00\x00\x00\x00\x00\x00\x00\x00\x00\x00\x00\x00\x00\
\x00\x00\x00\x00\x00\x00\x00\x00\x00\x00\x00\x00\x00\x00\x00\x00\
\x00\x00\x00\x00\x00\x00\x00\x00\x00\x00\x00\x00\x00\xa7\xa7\x9e\
\x02\xa9\xa3\x9b&\xaa\xa1\x9ak\xaa\xa1\x99\x83\xaa\xa2\x99\
\x86\xaa\xa1\x99\x86\xa9\xa1\x99\x86\xa9\xa1\x99\x86\xa9\xa1\x98\
\x86\xa9\xa1\x98\x86\xa8\xa0\x98\x86\xa8\xa0\x98\x86\xa8\xa0\x98\
\x86\xa8\xa0\x97\x86\xa8\xa0\x97\x86\xa7\x9f\x97\x86\xa7\x9f\x97\
\x86\xa7\x9f\x96\x86\xa6\x9f\x96\x86\xa6\x9e\x96\x86\xa6\x9e\x96\
\x86\xa6\x9e\x96\x86\xa5\x9e\x95\x86\xa5\x9e\x95\x86\xa5\x9d\x95\
\x86\x85~x\xdf\x7fyr\xff~yr\xff~xr\
\xff~xr\xff~xr\xff~xr\xff~xq\
\xff~wq\xff~wq\xff}wq\xff}wq\
\xff}wq\xff\x83|v\xdf\xa1\x9a\x92\x86\xa1\x9a\x92\
\x86\xa1\x9a\x91\x86\xa0\x99\x91\x86\xa0\x99\x91\x86\xa0\x99\x91\
\x86\xa0\x99\x91\x86\xa0\x98\x90\x86\x9f\x98\x90\x86\x9f\x98\x90\
\x86\x9f\x98\x90\x86\x9f\x97\x8f\x86\x9e\x97\x8f\x86\x9e\x97\x8f\
\x86\x9e\x97\x8f\x86\x9e\x97\x8f\x86\x9e\x97\x8f\x86\x9e\x97\x8f\
\x86\x9e\x97\x8f\x86\x9e\x97\x8f\x86\x9e\x97\x8f\x86\x9d\x97\x8e\
\x83\x9d\x96\x8ej\x9d\x96\x8f&\x9b\x9b\x92\x02\xaa\xa2\x9b\
1\xaa\xa2\x9a\xbd\xaa\xa2\x9a\xee\xaa\xa1\x99\xfd\xaa\xa2\x99\
\xff\xaa\xa1\x99\xff\xa9\xa1\x99\xff\xa9\xa1\x99\xff\xa9\xa1\x98\
\xff\xa9\xa1\x98\xff\xa8\xa0\x98\xff\xa8\xa0\x98\xff\xa8\xa0\x98\
\xff\xa8\xa0\x97\xff\xa8\xa0\x97\xff\xa7\x9f\x97\xff\xa7\x9f\x97\
\xff\xa7\x9f\x96\xff\xa6\x9f\x96\xff\xa6\x9e\x96\xff\xa6\x9e\x96\
\xff\xa6\x9e\x96\xff\xa5\x9e\x95\xff\xa5\x9e\x95\xff\xa5\x9d\x95\
\xff\xa5\x9d\x95\xff\xa4\x9d\x94\xff\xa4\x9d\x94\xff\xa4\x9c\x94\
\xff\xa4\x9c\x94\xff\xa4\x9c\x94\xff\xa3\x9c\x94\xff\xa3\x9b\x93\
\xff\xa3\x9b\x93\xff\xa3\x9b\x93\xff\xa2\x9b\x93\xff\xa2\x9b\x93\
\xff\xa2\x9a\x92\xff\xa1\x9a\x92\xff\xa1\x9a\x92\xff\xa1\x9a\x92\
\xff\xa1\x9a\x91\xff\xa0\x99\x91\xff\xa0\x99\x91\xff\xa0\x99\x91\
\xff\xa0\x99\x91\xff\xa0\x98\x90\xff\x9f\x98\x90\xff\x9f\x98\x90\
\xff\x9f\x98\x90\xff\x9f\x97\x8f\xff\x9e\x97\x8f\xff\x9e\x97\x8f\
\xff\x9e\x97\x8f\xff\x9e\x97\x8f\xff\x9e\x97\x8f\xff\x9e\x97\x8f\
\xff\x9e\x97\x8f\xff\x9e\x97\x8f\xff\x9e\x97\x8f\xff\x9d\x97\x8e\
\xfd\x9d\x96\x8e\xee\x9d\x96\x8e\xbc\x9c\x98\x8f+\xaa\xa2\x9a\
\xa9\xab\xa2\x9a\xfd\xab\xa2\x9a\xff\xaa\xa2\x9a\xff\xaa\xa2\x99\
\xff\xaa\xa2\x99\xff\xaa\xa1\x99\xff\xa9\xa1\x99\xff\xa9\xa1\x99\
\xff\xa9\xa1\x98\xff\xa9\xa1\x98\xff\xa8\xa0\x98\xff\xa8\xa0\x98\
\xff\xa8\xa0\x97\xff\xa8\xa0\x97\xff\xa7\xa0\x97\xff\xa7\x9f\x97\
\xff\xa7\x9f\x97\xff\xa7\x9f\x96\xff\xa6\x9f\x96\xff\xa6\x9e\x96\
\xff\xa6\x9e\x96\xff\xa6\x9e\x96\xff\xa5\x9e\x95\xff\xa5\x9d\x95\
\xff\xa5\x9d\x95\xff\xa5\x9d\x95\xff\xa4\x9d\x94\xff\xa4\x9d\x94\
\xff\xa4\x9c\x94\xff\xa4\x9c\x94\xff\xa4\x9c\x94\xff\xa3\x9c\x93\
\xff\xa3\x9b\x93\xff\xa3\x9b\x93\xff\xa2\x9b\x93\xff\xa2\x9b\x93\
\xff\xa2\x9a\x92\xff\xa2\x9a\x92\xff\xa1\x9a\x92\xff\xa1\x9a\x92\
\xff\xa1\x9a\x92\xff\xa1\x99\x91\xff\xa0\x99\x91\xff\xa0\x99\x91\
\xff\xa0\x99\x91\xff\xa0\x99\x91\xff\xa0\x98\x90\xff\x9f\x98\x90\
\xff\x9f\x98\x90\xff\x9f\x98\x90\xff\x9f\x97\x8f\xff\x9e\x97\x8f\
\xff\x9e\x97\x8f\xff\x9e\x97\x8f\xff\x9e\x97\x8f\xff\x9e\x97\x8f\
\xff\x9e\x97\x8f\xff\x9e\x97\x8f\xff\x9e\x97\x8f\xff\x9e\x97\x8f\
\xff\x9e\x97\x8f\xff\x9d\x97\x8e\xfc\x9d\x95\x8f\xa3\xab\xa3\x9a\
\xf5\xab\xa3\x9a\xff\xab\xa3\x9a\xff\xb0\xa3\x8d\xff\xb4\xa2\x86\
\xff\xb3\xa2\x86\xff\xb3\xa3\x85\xff\xb3\xa3\x85\xff\xb2\xa3\x85\
\xff\xb2\xa3\x85\xff\xb2\xa3\x84\xff\xb1\xa3\x84\xff\xb1\xa3\x84\
\xff\xb1\xa3\x84\xff\xb1\xa3\x84\xff\xb0\xa3\x84\xff\xb0\xa3\x84\
\xff\xb0\xa3\x84\xff\xaf\xa3\x84\xff\xaf\xa3\x84\xff\xaf\xa3\x83\
\xff\xaf\xa3\x83\xff\xae\xa3\x83\xff\xae\xa3\x83\xff\xae\xa3\x82\
\xff\xae\xa3\x82\xff\xad\xa2\x82\xff\xad\xa3\x82\xff\xad\xa3\x82\
\xff\xac\xa3\x82\xff\xac\xa3\x81\xff\xac\xa2\x81\xff\xac\xa2\x81\
\xff\xab\xa2\x81\xff\xab\xa3\x81\xff\xab\xa2\x81\xff\xab\xa2\x81\
\xff\xab\xa2\x81\xff\xaa\xa2\x80\xff\xaa\xa2\x80\xff\xaa\xa1\x80\
\xff\xaa\xa2\x80\xff\xa9\xa2\x80\xff\xa9\xa2\x80\xff\xa9\xa1\x7f\
\xff\xa9\xa1\x7f\xff\xa9\xa1\x7f\xff\xa9\xa1\x7f\xff\xa8\xa1~\
\xff\xa8\xa0~\xff\xa8\xa1~\xff\xa8\xa1~\xff\xa8\xa1~\
\xff\xa7\xa0}\xff\xa7\xa0}\xff\xa7\xa0}\xff\xa7\xa0}\
\xff\xa7\xa0}\xff\xa7\xa0}\xff\xa7\xa0}\xff\xa3\x9c\x84\
\xff\x9e\x97\x8f\xff\x9e\x97\x8f\xff\x9e\x96\x8f\xf4\xac\xa3\x9b\
\xff\xab\xa3\x9a\xff\xab\xa3\x9a\xff\xd0\xa3K\xff\xe5\xa5\x1e\
\xff\xe4\xa6\x1e\xff\xe4\xa8\x1e\xff\xe3\xaa\x1e\xff\xe3\xac\x1e\
\xff\xe2\xad\x1f\xff\xe2\xaf\x1f\xff\xe1\xb0\x1f\xff\xe1\xb2\x1f\
\xff\xe1\xb3\x1f\xff\xe1\xb4\x1f\xff\xe0\xb5\x1f\xff\xe0\xb6 \
\xff\xe0\xb8 \xff\xdf\xb9 \xff\xdf\xba \xff\xdf\xbb \
\xff\xde\xbc \xff\xde\xbd \xff\xde\xbf \xff\xde\xc0 \
\xff\xdd\xc1 \xff\xdd\xc1 \xff\xdd\xc2!\xff\xdd\xc4!\
\xff\xdc\xc5!\xff\xdc\xc6!\xff\xdc\xc6!\xff\xdb\xc7!\
\xff\xdb\xc8!\xff\xdb\xc8!\xff\xdb\xc9!\xff\xdb\xc9!\
\xff\xda\xca!\xff\xda\xca\x22\xff\xda\xcb\x22\xff\xda\xcb\x22\
\xff\xda\xcc\x22\xff\xd9\xcd\x22\xff\xd9\xcd\x22\xff\xd9\xcd\x22\
\xff\xd9\xce\x22\xff\xd9\xce\x22\xff\xd9\xcf\x22\xff\xd8\xcf\x22\
\xff\xd8\xd0\x22\xff\xd8\xd0\x22\xff\xd8\xd0\x22\xff\xd8\xd0\x22\
\xff\xd8\xd1\x22\xff\xd8\xd1#\xff\xd8\xd1#\xff\xd8\xd2#\
\xff\xd7\xd2#\xff\xd7\xd2#\xff\xd7\xd2#\xff\xc2\xbcJ\
\xff\x9e\x97\x8f\xff\x9e\x97\x8f\xff\x9e\x97\x8f\xff\xac\xa3\x9b\
\xff\xac\xa3\x9b\xff\xab\xa3\x9a\xff\xd0\xa2K\xff\xe6\xa4\x1e\
\xff\xe5\xa5\x1e\xff\xe4\xa7\x1e\xff\xe4\xa8\x1e\xff\xe3\xaa\x1e\
\xff\xe3\xac\x1e\xff\xe2\xad\x1f\xff\xe2\xaf\x1f\xff\xe1\xb0\x1f\
\xff\xe1\xb2\x1f\xff\xe1\xb3\x1f\xff\xe1\xb4\x1f\xff\xe0\xb5\x1f\
\xff\xe0\xb6 \xff\xe0\xb8 \xff\xdf\xb9 \xff\xdf\xba \
\xff\xdf\xbb \xff\xde\xbc \xff\xde\xbd \xff\xde\xbe \
\xff\xde\xbf \xff\xdd\xc0 \xff\xdd\xc1 \xff\xdd\xc2!\
\xff\xdd\xc4!\xff\xdc\xc4!\xff\xdc\xc5!\xff\xdc\xc6!\
\xff\xdc\xc7!\xff\xdb\xc8!\xff\xdb\xc8!\xff\xdb\xc9!\
\xff\xdb\xc9!\xff\xdb\xca!\xff\xda\xca!\xff\xda\xcb\x22\
\xff\xda\xcb\x22\xff\xda\xcc\x22\xff\xda\xcc\x22\xff\xd9\xcc\x22\
\xff\xd9\xcd\x22\xff\xd9\xcd\x22\xff\xd9\xce\x22\xff\xd9\xce\x22\
\xff\xd9\xcf\x22\xff\xd9\xcf\x22\xff\xd8\xcf\x22\xff\xd8\xd0\x22\
\xff\xd8\xd0\x22\xff\xd8\xd0\x22\xff\xd8\xd0\x22\xff\xd8\xd1\x22\
\xff\xd8\xd1#\xff\xd8\xd1#\xff\xd8\xd1#\xff\xc2\xbcJ\
\xff\x9e\x97\x8f\xff\x9e\x97\x8f\xff\x9e\x97\x8f\xff\xac\xa4\x9b\
\xff\xac\xa3\x9b\xff\xab\xa3\x9b\xff\xd0\xa1L\xff\xe6\xa2\x1e\
\xff\xe5\xa4\x1e\xff\xe5\xa5\x1e\xff\xe4\xa7\x1e\xff\xe4\xa9\x1e\
\xff\xe3\xaa\x1e\xff\xe3\xac\x1e\xff\xe2\xae\x1f\xff\xe2\xaf\x1f\
\xff\xe1\xb0\x1f\xff\xe1\xb2\x1f\xff\xe1\xb3\x1f\xff\xe0\xb4\x1f\
\xff\xe0\xb5\x1f\xff\xe0\xb6 \xff\xe0\xb8 \xff\xdf\xb9 \
\xff\xdf\xba \xff\xdf\xbb \xff\xde\xbc \xff\xde\xbc \
\xff\xde\xbe \xff\xde\xbf \xff\xdd\xc0 \xff\xdd\xc1 \
\xff\xdd\xc2!\xff\xdd\xc3!\xff\xdc\xc4!\xff\xdc\xc5!\
\xff\xdc\xc6!\xff\xdc\xc6!\xff\xdb\xc7!\xff\xdb\xc8!\
\xff\xdb\xc8!\xff\xdb\xc9!\xff\xdb\xc9!\xff\xda\xca!\
\xff\xda\xca!\xff\xda\xcb\x22\xff\xda\xcb\x22\xff\xda\xcc\x22\
\xff\xda\xcc\x22\xff\xd9\xcd\x22\xff\xd9\xcd\x22\xff\xd9\xcd\x22\
\xff\xd9\xce\x22\xff\xd9\xce\x22\xff\xd9\xce\x22\xff\xd9\xcf\x22\
\xff\xd8\xcf\x22\xff\xd8\xcf\x22\xff\xd8\xd0\x22\xff\xd8\xd0\x22\
\xff\xd8\xd0\x22\xff\xd8\xd0\x22\xff\xd8\xd1\x22\xff\xc2\xbbJ\
\xff\x9e\x97\x8f\xff\x9e\x97\x8f\xff\x9e\x97\x8f\xff\xac\xa4\x9b\
\xff\xac\xa4\x9b\xff\xac\xa3\x9b\xff\xd1\xa1K\xff\xe6\xa1\x1d\
\xff\xe6\xa3\x1e\xff\xe5\xa4\x1e\xff\xe5\xa6\x1e\xff\xe4\xa7\x1e\
\xff\xe4\xa9\x1e\xff\xe3\xab\x1e\xff\xe2\xac\x1f\xff\xe2\xae\x1f\
\xff\xe2\xaf\x1f\xff\xe1\xb0\x1f\xff\xe1\xb2\x1f\xff\xe1\xb3\x1f\
\xff\xe0\xb4\x1f\xff\xe0\xb5\x1f\xff\xe0\xb6\x1f\xff\xe0\xb8 \
\xff\xdf\xb8 \xff\xdf\xb9 \xff\xdf\xba \xff\xdf\xbb \
\xff\xde\xbc \xff\xde\xbe \xff\xde\xbf \xff\xdd\xc0 \
\xff\xdd\xc0 \xff\xdd\xc1 \xff\xdd\xc3!\xff\xdc\xc4!\
\xff\xdc\xc4!\xff\xdc\xc5!\xff\xdc\xc6!\xff\xdc\xc7!\
\xff\xdb\xc7!\xff\xdb\xc8!\xff\xdb\xc9!\xff\xdb\xc9!\
\xff\xdb\xc9!\xff\xda\xca!\xff\xda\xca\x22\xff\xda\xcb\x22\
\xff\xda\xcb\x22\xff\xda\xcc\x22\xff\xda\xcc\x22\xff\xd9\xcd\x22\
\xff\xd9\xcd\x22\xff\xd9\xcd\x22\xff\xd9\xcd\x22\xff\xd9\xce\x22\
\xff\xd9\xce\x22\xff\xd9\xce\x22\xff\xd9\xcf\x22\xff\xd9\xcf\x22\
\xff\xd8\xcf\x22\xff\xd8\xcf\x22\xff\xd8\xd0\x22\xff\xc3\xbbJ\
\xff\x9e\x97\x8f\xff\x9e\x97\x8f\xff\x9e\x97\x8f\xff\xac\xa4\x9b\
\xff\xac\xa4\x9b\xff\xac\xa4\x9b\xff\xd1\xa0K\xff\xe7\x9f\x1d\
\xff\xe6\xa1\x1d\xff\xe6\xa3\x1e\xff\xe5\xa4\x1e\xff\xe5\xa6\x1e\
\xff\xe4\xa7\x1e\xff\xe4\xa8\x1e\xff\xe3\xab\x1e\xff\xe3\xac\x1e\
\xff\xe2\xad\x1f\xff\xe2\xaf\x1f\xff\xe2\xb0\x1f\xff\xe1\xb2\x1f\
\xff\xe1\xb3\x1f\xff\xe1\xb4\x1f\xff\xe0\xb5\x1f\xff\xe0\xb5\x1f\
\xff\xe0\xb7\x1f\xff\xdf\xb8 \xff\xdf\xb9 \xff\xdf\xba \
\xff\xdf\xbb \xff\xde\xbc \xff\xde\xbd \xff\xde\xbe \
\xff\xde\xbf \xff\xdd\xc0 \xff\xdd\xc1 \xff\xdd\xc2 \
\xff\xdc\xc3!\xff\xdc\xc4!\xff\xdc\xc4!\xff\xdc\xc5!\
\xff\xdc\xc6!\xff\xdb\xc7!\xff\xdb\xc7!\xff\xdb\xc8!\
\xff\xdb\xc8!\xff\xdb\xc8!\xff\xdb\xc9!\xff\xda\xc9!\
\xff\xda\xca!\xff\xda\xca!\xff\xda\xcb!\xff\xda\xcb\x22\
\xff\xda\xcb\x22\xff\xda\xcc\x22\xff\xd9\xcc\x22\xff\xd9\xcc\x22\
\xff\xd9\xcd\x22\xff\xd9\xcd\x22\xff\xd9\xcd\x22\xff\xd9\xcd\x22\
\xff\xd9\xce\x22\xff\xd9\xce\x22\xff\xd9\xce\x22\xff\xc3\xbaJ\
\xff\x9e\x97\x8f\xff\x9e\x97\x8f\xff\x9e\x97\x8f\xff\xad\xa4\x9c\
\xff\xac\xa4\x9b\xff\xac\xa4\x9b\xff\xd1\x9fK\xff\xe8\x9e\x1d\
\xff\xe7\x9f\x1d\xff\xe6\xa1\x1d\xff\xe6\xa3\x1e\xff\xe5\xa4\x1e\
\xff\xe5\xa6\x1e\xff\xe4\xa7\x1e\xff\xe4\xa9\x1e\xff\xe3\xaa\x1e\
\xff\xe3\xac\x1e\xff\xe3\xad\x1f\xff\xe2\xaf\x1f\xff\xe2\xb0\x1f\
\xff\xe1\xb1\x1f\xff\xe1\xb2\x1f\xff\xe1\xb3\x1f\xff\xe1\xb4\x1f\
\xff\xe0\xb5\x1f\xff\xe0\xb7 \xff\xe0\xb8 \xff\xdf\xb9 \
\xff\xdf\xba \xff\xdf\xba \xff\xdf\xbb \xff\xde\xbd \
\xff\xde\xbe \xff\xde\xbf \xff\xde\xbf \xff\xdd\xc0 \
\xff\xdd\xc1 \xff\xdd\xc2!\xff\xdd\xc3!\xff\xdd\xc4!\
\xff\xdc\xc5!\xff\xdc\xc6!\xff\xdc\xc6!\xff\xdc\xc7!\
\xff\xdc\xc7!\xff\xdb\xc8!\xff\xdb\xc8!\xff\xdb\xc9!\
\xff\xdb\xc9!\xff\xdb\xc9!\xff\xdb\xca!\xff\xda\xca!\
\xff\xda\xca\x22\xff\xda\xcb\x22\xff\xda\xcb\x22\xff\xda\xcb\x22\
\xff\xda\xcc\x22\xff\xda\xcc\x22\xff\xda\xcc\x22\xff\xda\xcc\x22\
\xff\xd9\xcd\x22\xff\xd9\xcd\x22\xff\xd9\xcd\x22\xff\xc3\xb9J\
\xff\x9e\x97\x8f\xff\x9e\x97\x8f\xff\x9e\x97\x8f\xff\xad\xa4\x9c\
\xff\xad\xa4\x9b\xff\xac\xa4\x9b\xff\xd2\x9eK\xff\xe8\x9c\x1d\
\xff\xe7\x9e\x1d\xff\xe7\x9f\x1d\xff\xe6\xa1\x1d\xff\xe6\xa2\x1e\
\xff\xe5\xa4\x1e\xff\xe5\xa6\x1e\xff\xe4\xa7\x1e\xff\xe4\xa8\x1e\
\xff\xe3\xaa\x1e\xff\xe3\xac\x1e\xff\xe3\xad\x1f\xff\xe2\xae\x1f\
\xff\xe2\xb0\x1f\xff\xe1\xb1\x1f\xff\xe1\xb2\x1f\xff\xe1\xb3\x1f\
\xff\xe0\xb4\x1f\xff\xe0\xb5\x1f\xff\xe0\xb7\x1f\xff\xe0\xb7 \
\xff\xe0\xb8 \xff\xdf\xb9 \xff\xdf\xba \xff\xdf\xbb \
\xff\xde\xbc \xff\xde\xbd \xff\xde\xbe \xff\xde\xbf \
\xff\xdd\xc0 \xff\xdd\xc1 \xff\xdd\xc2 \xff\xdd\xc3!\
\xff\xdd\xc3!\xff\xdc\xc4!\xff\xdc\xc5!\xff\xdc\xc6!\
\xff\xdc\xc6!\xff\xdc\xc7!\xff\xdb\xc7!\xff\xdb\xc8!\
\xff\xdb\xc8!\xff\xdb\xc8!\xff\xdb\xc9!\xff\xdb\xc9!\
\xff\xdb\xc9!\xff\xdb\xca!\xff\xda\xca!\xff\xda\xca\x22\
\xff\xda\xcb\x22\xff\xda\xcb\x22\xff\xda\xcb\x22\xff\xda\xcb\x22\
\xff\xda\xcc\x22\xff\xda\xcc\x22\xff\xda\xcc\x22\xff\xc3\xb8J\
\xff\x9e\x97\x8f\xff\x9e\x97\x8f\xff\x9e\x97\x8f\xff\xad\xa5\x9c\
\xff\xad\xa4\x9c\xff\xad\xa4\x9b\xff\xd2\x9dK\xff\xe8\x9b\x1d\
\xff\xe8\x9c\x1d\xff\xe7\x9e\x1d\xff\xe7\x9f\x1d\xff\xe6\xa1\x1d\
\xff\xe6\xa3\x1e\xff\xe5\xa4\x1e\xff\xe7\xac1\xff\xf0\xce\x87\
\xff\xf3\xdb\xa0\xff\xf3\xdb\xa0\xff\xf3\xdc\xa0\xff\xf3\xdc\xa0\
\xff\xed\xcew\xff\xe2\xaf\x1f\xff\xe1\xb1\x1f\xff\xe1\xb2\x1f\
\xff\xe1\xb3\x1f\xff\xe1\xb4\x1f\xff\xe0\xb5\x1f\xff\xe0\xb6\x1f\
\xff\xe0\xb7 \xff\xdf\xb8 \xff\xe2\xc08\xff\xf0\xdf\x99\
\xff\xf1\xe2\xa1\xff\xf1\xe3\xa1\xff\xf1\xe3\xa1\xff\xf0\xe3\x9f\
\xff\xe9\xd5p\xff\xde\xbf \xff\xdd\xc0 \xff\xe4\xcf[\
\xff\xf0\xe4\x9e\xff\xf0\xe6\xa1\xff\xf0\xe6\xa1\xff\xf0\xe6\xa1\
\xff\xf0\xe7\xa1\xff\xf0\xe7\xa1\xff\xf0\xe7\xa1\xff\xf0\xe7\xa1\
\xff\xf0\xe7\xa1\xff\xef\xe8\xa1\xff\xef\xe8\xa1\xff\xef\xe8\xa1\
\xff\xef\xe8\xa1\xff\xef\xe8\xa1\xff\xef\xe8\xa1\xff\xe6\xdaq\
\xff\xdb\xcb$\xff\xda\xca!\xff\xda\xca\x22\xff\xda\xcb\x22\
\xff\xda\xcb\x22\xff\xda\xcb\x22\xff\xda\xcb\x22\xff\xc3\xb8J\
\xff\x9e\x97\x8f\xff\x9e\x97\x8f\xff\x9e\x97\x8f\xff\xad\xa5\x9c\
\xff\xad\xa4\x9c\xff\xad\xa4\x9c\xff\xd3\x9cK\xff\xe9\x99\x1d\
\xff\xe8\x9b\x1d\xff\xe8\x9c\x1d\xff\xe7\x9e\x1d\xff\xe7\x9f\x1d\
\xff\xe6\xa1\x1d\xff\xe6\xa2\x1e\xff\xe9\xb0?\xff\xf8\xea\xd4\
\xff\xff\xff\xff\xff\xff\xff\xff\xff\xff\xff\xff\xff\xff\xff\xff\
\xff\xf6\xe5\xb8\xff\xe2\xae\x1f\xff\xe2\xaf\x1f\xff\xe2\xb1\x1f\
\xff\xe1\xb2\x1f\xff\xe1\xb2\x1f\xff\xe1\xb3\x1f\xff\xe0\xb4\x1f\
\xff\xe0\xb6\x1f\xff\xe0\xb7 \xff\xe5\xc4J\xff\xfc\xf9\xf1\
\xff\xff\xff\xff\xff\xff\xff\xff\xff\xff\xff\xff\xff\xfe\xfd\xfb\
\xff\xf1\xe5\xaa\xff\xde\xbe \xff\xde\xbe \xff\xea\xd8\x86\
\xff\xfe\xfd\xfa\xff\xff\xff\xff\xff\xff\xff\xff\xff\xff\xff\xff\
\xff\xff\xff\xff\xff\xff\xff\xff\xff\xff\xff\xff\xff\xff\xff\xff\
\xff\xff\xff\xff\xff\xff\xff\xff\xff\xff\xff\xff\xff\xff\xff\xff\
\xff\xff\xff\xff\xff\xff\xff\xff\xff\xff\xff\xff\xff\xee\xe6\xaa\
\xff\xdb\xca'\xff\xdb\xc9!\xff\xdb\xc9!\xff\xdb\xca!\
\xff\xdb\xca!\xff\xda\xca!\xff\xda\xca\x22\xff\xc4\xb7J\
\xff\x9e\x97\x8f\xff\x9e\x97\x8f\xff\x9e\x97\x8f\xff\xad\xa5\x9c\
\xff\xad\xa5\x9c\xff\xad\xa4\x9c\xff\xd3\x9cK\xff\xe9\x97\x1c\
\xff\xe9\x99\x1d\xff\xe8\x9b\x1d\xff\xe8\x9c\x1d\xff\xe7\x9e\x1d\
\xff\xe7\x9f\x1d\xff\xe6\xa1\x1d\xff\xe9\xae?\xff\xf8\xe9\xd4\
\xff\xff\xff\xff\xff\xff\xff\xff\xff\xff\xff\xff\xff\xff\xff\xff\
\xff\xf6\xe4\xb8\xff\xe2\xac\x1e\xff\xe2\xad\x1f\xff\xe2\xae\x1f\
\xff\xe1\xb0\x1f\xff\xe1\xb1\x1f\xff\xe1\xb2\x1f\xff\xe1\xb3\x1f\
\xff\xe0\xb4\x1f\xff\xe0\xb5\x1f\xff\xe5\xc3J\xff\xfc\xf9\xf1\
\xff\xff\xff\xff\xff\xff\xff\xff\xff\xff\xff\xff\xff\xfe\xfd\xfb\
\xff\xf2\xe4\xaa\xff\xde\xbc \xff\xde\xbd \xff\xea\xd6\x83\
\xff\xfd\xfd\xf9\xff\xff\xff\xff\xff\xff\xff\xff\xff\xff\xff\xff\
\xff\xff\xff\xff\xff\xff\xff\xff\xff\xff\xff\xff\xff\xff\xff\xff\
\xff\xff\xff\xff\xff\xff\xff\xff\xff\xff\xff\xff\xff\xff\xff\xff\
\xff\xff\xff\xff\xff\xff\xff\xff\xff\xff\xff\xff\xff\xee\xe5\xaa\
\xff\xdc\xc9'\xff\xdb\xc8!\xff\xdb\xc8!\xff\xdb\xc9!\
\xff\xdb\xc9!\xff\xdb\xc9!\xff\xdb\xc9!\xff\xc4\xb7I\
\xff\x9e\x97\x8f\xff\x9e\x97\x8f\xff\x9e\x97\x8f\xff\xae\xa5\x9c\
\xff\xad\xa5\x9c\xff\xad\xa5\x9c\xff\xd4\x9aK\xff\xea\x96\x1c\
\xff\xe9\x97\x1c\xff\xe9\x99\x1d\xff\xe9\x9b\x1d\xff\xe8\x9c\x1d\
\xff\xe8\x9d\x1d\xff\xe7\x9f\x1d\xff\xe9\xad?\xff\xf8\xe9\xd4\
\xff\xff\xff\xff\xff\xff\xff\xff\xff\xff\xff\xff\xff\xff\xff\xff\
\xff\xf6\xe4\xb7\xff\xe3\xaa\x1e\xff\xe3\xac\x1e\xff\xe3\xad\x1f\
\xff\xe2\xae\x1f\xff\xe2\xb0\x1f\xff\xe2\xb1\x1f\xff\xe1\xb2\x1f\
\xff\xe1\xb2\x1f\xff\xe1\xb3\x1f\xff\xe6\xc2I\xff\xfc\xf9\xf1\
\xff\xff\xff\xff\xff\xff\xff\xff\xff\xff\xff\xff\xff\xfe\xfd\xfb\
\xff\xf2\xe3\xaa\xff\xdf\xbb \xff\xdf\xbb \xff\xe1\xc2>\
\xff\xf8\xf1\xd9\xff\xff\xff\xff\xff\xff\xff\xff\xff\xff\xff\xff\
\xff\xff\xff\xff\xff\xff\xff\xff\xff\xff\xff\xff\xff\xff\xff\xff\
\xff\xff\xff\xff\xff\xff\xff\xff\xff\xff\xff\xff\xff\xff\xff\xff\
\xff\xff\xff\xff\xff\xff\xff\xff\xff\xff\xff\xff\xff\xee\xe4\xaa\
\xff\xdc\xc8'\xff\xdc\xc7!\xff\xdc\xc7!\xff\xdc\xc7!\
\xff\xdc\xc7!\xff\xdb\xc8!\xff\xdb\xc8!\xff\xc5\xb6I\
\xff\x9f\x98\x90\xff\x9e\x97\x8f\xff\x9e\x97\x8f\xff\xae\xa5\x9d\
\xff\xae\xa5\x9c\xff\xad\xa5\x9c\xff\xd4\x9aK\xff\xeb\x94\x1c\
\xff\xea\x96\x1c\xff\xe9\x97\x1d\xff\xe9\x99\x1d\xff\xe9\x9a\x1d\
\xff\xe8\x9c\x1d\xff\xe8\x9d\x1d\xff\xea\xab>\xff\xf9\xe8\xd4\
\xff\xff\xff\xff\xff\xff\xff\xff\xff\xff\xff\xff\xff\xff\xff\xff\
\xff\xf6\xe3\xb7\xff\xe4\xa8\x1e\xff\xe4\xaa\x1e\xff\xe3\xab\x1e\
\xff\xe2\xac\x1e\xff\xe2\xae\x1f\xff\xe2\xaf\x1f\xff\xe2\xb0\x1f\
\xff\xe1\xb1\x1f\xff\xe1\xb2\x1f\xff\xe6\xc1I\xff\xfc\xf9\xf1\
\xff\xff\xff\xff\xff\xff\xff\xff\xff\xff\xff\xff\xff\xfe\xfd\xfb\
\xff\xf2\xe2\xaa\xff\xdf\xb9 \xff\xdf\xba \xff\xdf\xbb \
\xff\xe7\xcej\xff\xfa\xf6\xe9\xff\xff\xff\xff\xff\xff\xff\xff\
\xff\xff\xff\xff\xff\xff\xff\xff\xff\xfe\xfd\xfa\xff\xf7\xf1\xd3\
\xff\xf2\xe7\xac\xff\xf2\xe8\xac\xff\xf2\xe8\xad\xff\xf2\xe8\xad\
\xff\xf2\xe8\xad\xff\xf2\xe8\xad\xff\xf2\xe9\xad\xff\xe8\xd8w\
\xff\xdc\xc6$\xff\xdc\xc5!\xff\xdc\xc6!\xff\xdc\xc6!\
\xff\xdc\xc6!\xff\xdc\xc7!\xff\xdc\xc7!\xff\xc5\xb6I\
\xff\x9f\x98\x90\xff\x9f\x98\x90\xff\x9e\x97\x8f\xff\xae\xa5\x9d\
\xff\xae\xa5\x9d\xff\xae\xa5\x9c\xff\xd4\x98K\xff\xeb\x93\x1c\
\xff\xea\x94\x1c\xff\xea\x96\x1c\xff\xe9\x97\x1d\xff\xe9\x99\x1d\
\xff\xe9\x9a\x1d\xff\xe8\x9b\x1d\xff\xea\xaa>\xff\xf9\xe8\xd4\
\xff\xff\xff\xff\xff\xff\xff\xff\xff\xff\xff\xff\xff\xff\xff\xff\
\xff\xf6\xe3\xb7\xff\xe4\xa7\x1e\xff\xe4\xa8\x1e\xff\xe4\xa9\x1e\
\xff\xe3\xab\x1e\xff\xe3\xac\x1f\xff\xe2\xad\x1f\xff\xe2\xaf\x1f\
\xff\xe2\xb0\x1f\xff\xe1\xb0\x1f\xff\xe6\xc0I\xff\xfc\xf9\xf1\
\xff\xff\xff\xff\xff\xff\xff\xff\xff\xff\xff\xff\xff\xfe\xfd\xfb\
\xff\xf2\xe2\xaa\xff\xe0\xb7 \xff\xdf\xb8 \xff\xdf\xb9 \
\xff\xdf\xbc'\xff\xec\xd7\x88\xff\xfd\xfb\xf5\xff\xff\xff\xff\
\xff\xff\xff\xff\xff\xff\xff\xff\xff\xfd\xfd\xf9\xff\xf2\xe7\xb5\
\xff\xe1\xc7@\xff\xde\xc0 \xff\xdd\xc0 \xff\xdd\xc1 \
\xff\xdd\xc1 \xff\xdd\xc2!\xff\xdd\xc2!\xff\xdd\xc3!\
\xff\xdd\xc3!\xff\xdc\xc4!\xff\xdc\xc4!\xff\xdc\xc4!\
\xff\xdc\xc5!\xff\xdc\xc5!\xff\xdc\xc5!\xff\xc5\xb5I\
\xff\x9f\x98\x90\xff\x9f\x98\x90\xff\x9f\x98\x90\xff\xae\xa6\x9d\
\xff\xae\xa5\x9d\xff\xae\xa5\x9d\xff\xd5\x97K\xff\xeb\x91\x1c\
\xff\xeb\x92\x1c\xff\xea\x94\x1c\xff\xea\x95\x1c\xff\xe9\x97\x1d\
\xff\xe9\x98\x1d\xff\xe9\x9a\x1d\xff\xeb\xa8>\xff\xf9\xe8\xd4\
\xff\xff\xff\xff\xff\xff\xff\xff\xff\xff\xff\xff\xff\xff\xff\xff\
\xff\xf7\xe2\xb7\xff\xe5\xa5\x1e\xff\xe5\xa6\x1e\xff\xe4\xa8\x1e\
\xff\xe4\xa9\x1e\xff\xe3\xaa\x1e\xff\xe3\xab\x1f\xff\xe2\xad\x1f\
\xff\xe2\xae\x1f\xff\xe2\xaf\x1f\xff\xe7\xbeI\xff\xfc\xf9\xf1\
\xff\xff\xff\xff\xff\xff\xff\xff\xff\xff\xff\xff\xff\xfe\xfd\xfb\
\xff\xf2\xe1\xa9\xff\xe0\xb6\x1f\xff\xe0\xb7 \xff\xe0\xb8 \
\xff\xdf\xb8 \xff\xe2\xbf8\xff\xf2\xe3\xb1\xff\xfe\xfd\xfc\
\xff\xff\xff\xff\xff\xff\xff\xff\xff\xff\xff\xff\xff\xfd\xfb\xf4\
\xff\xec\xdb\x8d\xff\xdf\xc0*\xff\xde\xbf \xff\xde\xbf \
\xff\xdd\xc0 \xff\xdd\xc0 \xff\xdd\xc1 \xff\xdd\xc1 \
\xff\xdd\xc2 \xff\xdd\xc2!\xff\xdd\xc2!\xff\xdd\xc3!\
\xff\xdd\xc3!\xff\xdc\xc3!\xff\xdc\xc4!\xff\xc6\xb3I\
\xff\x9f\x98\x90\xff\x9f\x98\x90\xff\x9f\x98\x90\xff\xae\xa6\x9d\
\xff\xae\xa6\x9d\xff\xae\xa5\x9d\xff\xd5\x96K\xff\xec\x8f\x1c\
\xff\xeb\x91\x1c\xff\xeb\x92\x1c\xff\xea\x94\x1c\xff\xea\x95\x1c\
\xff\xea\x97\x1c\xff\xe9\x98\x1d\xff\xeb\xa7>\xff\xf9\xe7\xd4\
\xff\xff\xff\xff\xff\xff\xff\xff\xff\xff\xff\xff\xff\xff\xff\xff\
\xff\xf7\xe1\xb7\xff\xe5\xa3\x1e\xff\xe5\xa4\x1e\xff\xe5\xa6\x1e\
\xff\xe4\xa7\x1e\xff\xe4\xa8\x1e\xff\xe3\xa9\x1e\xff\xe3\xaa\x1e\
\xff\xe3\xac\x1f\xff\xe2\xad\x1f\xff\xe7\xbdI\xff\xfc\xf8\xf1\
\xff\xff\xff\xff\xff\xff\xff\xff\xff\xff\xff\xff\xff\xfe\xfd\xfb\
\xff\xf2\xe1\xa9\xff\xe0\xb4\x1f\xff\xe0\xb5\x1f\xff\xe0\xb6\x1f\
\xff\xe0\xb7 \xff\xe0\xb7\x22\xff\xe6\xc6V\xff\xf7\xee\xd3\
\xff\xff\xff\xff\xff\xff\xff\xff\xff\xff\xff\xff\xff\xff\xff\xff\
\xff\xfa\xf5\xe2\xff\xe6\xcbU\xff\xde\xbd \xff\xde\xbe \
\xff\xde\xbe \xff\xde\xbf \xff\xde\xbf \xff\xde\xbf \
\xff\xdd\xc0 \xff\xdd\xc0 \xff\xdd\xc1 \xff\xdd\xc1 \
\xff\xdd\xc1!\xff\xdd\xc2!\xff\xdd\xc2!\xff\xc6\xb3I\
\xff\x9f\x98\x90\xff\x9f\x98\x90\xff\x9f\x98\x90\xff\xaf\xa6\x9d\
\xff\xae\xa6\x9d\xff\xae\xa6\x9d\xff\xd5\x95K\xff\xed\x8d\x1b\
\xff\xec\x8e\x1c\xff\xec\x90\x1c\xff\xeb\x92\x1c\xff\xeb\x93\x1c\
\xff\xea\x95\x1c\xff\xea\x96\x1c\xff\xec\xa5>\xff\xf9\xe7\xd4\
\xff\xff\xff\xff\xff\xff\xff\xff\xff\xff\xff\xff\xff\xff\xff\xff\
\xff\xf7\xe1\xb7\xff\xe6\xa1\x1d\xff\xe6\xa2\x1e\xff\xe6\xa3\x1e\
\xff\xe5\xa5\x1e\xff\xe5\xa6\x1e\xff\xe4\xa8\x1e\xff\xe4\xa9\x1e\
\xff\xe4\xaa\x1e\xff\xe3\xab\x1e\xff\xe8\xbbI\xff\xfc\xf8\xf1\
\xff\xff\xff\xff\xff\xff\xff\xff\xff\xff\xff\xff\xff\xfe\xfd\xfb\
\xff\xf2\xe0\xa9\xff\xe1\xb3\x1f\xff\xe1\xb3\x1f\xff\xe1\xb4\x1f\
\xff\xe0\xb5\x1f\xff\xe0\xb6\x1f\xff\xe0\xb6\x1f\xff\xe8\xcae\
\xff\xf9\xf3\xe0\xff\xfe\xfe\xfe\xff\xff\xff\xff\xff\xff\xff\xff\
\xff\xff\xff\xff\xff\xf6\xed\xd0\xff\xe3\xc5F\xff\xdf\xbb \
\xff\xdf\xbc \xff\xde\xbd \xff\xde\xbd \xff\xde\xbd \
\xff\xde\xbe \xff\xde\xbe \xff\xde\xbf \xff\xde\xbf \
\xff\xde\xbf \xff\xde\xbf \xff\xde\xc0 \xff\xc7\xb2I\
\xff\xa0\x99\x90\xff\xa0\x98\x90\xff\x9f\x98\x90\xff\xaf\xa6\x9d\
\xff\xaf\xa6\x9d\xff\xae\xa6\x9d\xff\xd6\x93J\xff\xee\x8a\x1b\
\xff\xed\x8c\x1b\xff\xec\x8e\x1c\xff\xec\x90\x1c\xff\xeb\x92\x1c\
\xff\xeb\x93\x1c\xff\xea\x94\x1c\xff\xec\xa4>\xff\xf9\xe7\xd4\
\xff\xff\xff\xff\xff\xff\xff\xff\xff\xff\xff\xff\xff\xff\xff\xff\
\xff\xf7\xe0\xb7\xff\xe7\x9f\x1d\xff\xe7\xa1\x1d\xff\xe6\xa2\x1d\
\xff\xe6\xa3\x1e\xff\xe5\xa4\x1e\xff\xe5\xa5\x1e\xff\xe5\xa6\x1e\
\xff\xe4\xa8\x1e\xff\xe4\xa9\x1e\xff\xe8\xbaI\xff\xfc\xf8\xf1\
\xff\xff\xff\xff\xff\xff\xff\xff\xff\xff\xff\xff\xff\xfe\xfd\xfb\
\xff\xf3\xe0\xa9\xff\xe1\xb1\x1f\xff\xe1\xb2\x1f\xff\xe1\xb3\x1f\
\xff\xe1\xb3\x1f\xff\xe1\xb4\x1f\xff\xe0\xb5\x1f\xff\xe0\xb5\x1f\
\xff\xed\xd6\x8b\xff\xfd\xfa\xf4\xff\xff\xff\xff\xff\xff\xff\xff\
\xff\xff\xff\xff\xff\xff\xff\xff\xff\xf2\xe4\xb6\xff\xe0\xbd-\
\xff\xdf\xba \xff\xdf\xbb \xff\xdf\xbb \xff\xdf\xbc \
\xff\xde\xbc \xff\xde\xbc \xff\xde\xbd \xff\xde\xbd \
\xff\xde\xbe \xff\xde\xbe \xff\xde\xbe \xff\xc7\xb0I\
\xff\xa0\x99\x91\xff\xa0\x99\x90\xff\x9f\x98\x90\xff\xaf\xa6\x9e\
\xff\xaf\xa6\x9d\xff\xaf\xa6\x9d\xff\xd7\x92J\xff\xee\x88\x1b\
\xff\xed\x8b\x1b\xff\xed\x8c\x1c\xff\xec\x8e\x1c\xff\xec\x90\x1c\
\xff\xeb\x91\x1c\xff\xeb\x93\x1c\xff\xed\xa2=\xff\xf9\xe7\xd4\
\xff\xff\xff\xff\xff\xff\xff\xff\xff\xff\xff\xff\xff\xff\xff\xff\
\xff\xfb\xee\xd9\xff\xf2\xcc\x88\xff\xf2\xcc\x88\xff\xf2\xcd\x88\
\xff\xf1\xce\x88\xff\xf1\xce\x88\xff\xf1\xcf\x88\xff\xf1\xcf\x88\
\xff\xf1\xd0\x88\xff\xf0\xd1\x88\xff\xf3\xda\x9f\xff\xfd\xfb\xf8\
\xff\xff\xff\xff\xff\xff\xff\xff\xff\xff\xff\xff\xff\xfe\xfd\xfb\
\xff\xf3\xdf\xa9\xff\xe2\xb0\x1f\xff\xe2\xb0\x1f\xff\xe1\xb1\x1f\
\xff\xe1\xb2\x1f\xff\xe1\xb2\x1f\xff\xe1\xb3\x1f\xff\xe1\xb4\x1f\
\xff\xe2\xb92\xff\xf3\xe2\xb5\xff\xff\xff\xff\xff\xff\xff\xff\
\xff\xff\xff\xff\xff\xff\xff\xff\xff\xfe\xfd\xfa\xff\xeb\xd4\x81\
\xff\xdf\xb9 \xff\xdf\xb9 \xff\xdf\xba \xff\xdf\xba \
\xff\xdf\xbb \xff\xdf\xbb \xff\xdf\xbb \xff\xdf\xbc \
\xff\xdf\xbc \xff\xde\xbc \xff\xde\xbd \xff\xc7\xafI\
\xff\xa0\x99\x91\xff\xa0\x99\x91\xff\xa0\x98\x90\xff\xaf\xa7\x9e\
\xff\xaf\xa6\x9e\xff\xaf\xa6\x9d\xff\xd7\x91K\xff\xef\x86\x1b\
\xff\xee\x88\x1b\xff\xed\x8a\x1b\xff\xed\x8c\x1c\xff\xec\x8d\x1c\
\xff\xec\x8f\x1c\xff\xeb\x91\x1c\xff\xee\xa1=\xff\xf9\xe6\xd4\
\xff\xff\xff\xff\xff\xff\xff\xff\xff\xff\xff\xff\xff\xff\xff\xff\
\xff\xff\xff\xff\xff\xff\xff\xff\xff\xff\xff\xff\xff\xff\xff\xff\
\xff\xff\xff\xff\xff\xff\xff\xff\xff\xff\xff\xff\xff\xff\xff\xff\
\xff\xff\xff\xff\xff\xff\xff\xff\xff\xff\xff\xff\xff\xff\xff\xff\
\xff\xff\xff\xff\xff\xff\xff\xff\xff\xff\xff\xff\xff\xfe\xfd\xfb\
\xff\xf3\xde\xa9\xff\xe2\xae\x1f\xff\xe2\xaf\x1f\xff\xe2\xaf\x1f\
\xff\xe1\xb0\x1f\xff\xe1\xb1\x1f\xff\xe1\xb2\x1f\xff\xe1\xb2\x1f\
\xff\xe1\xb3\x1f\xff\xe5\xbeG\xff\xf8\xee\xd7\xff\xff\xff\xff\
\xff\xff\xff\xff\xff\xff\xff\xff\xff\xff\xff\xff\xff\xf9\xf3\xe0\
\xff\xe7\xc8]\xff\xe0\xb8 \xff\xe0\xb8 \xff\xdf\xb8 \
\xff\xdf\xb9 \xff\xdf\xb9 \xff\xdf\xba \xff\xdf\xba \
\xff\xdf\xba \xff\xdf\xba \xff\xdf\xbb \xff\xc8\xaeI\
\xff\xa0\x99\x91\xff\xa0\x99\x91\xff\xa0\x99\x91\xff\xaf\xa7\x9e\
\xff\xaf\xa7\x9e\xff\xaf\xa6\x9e\xff\xd8\x90K\xff\xef\x84\x1b\
\xff\xef\x86\x1b\xff\xee\x88\x1b\xff\xed\x8a\x1b\xff\xed\x8b\x1c\
\xff\xec\x8d\x1c\xff\xec\x8f\x1c\xff\xee\x9f=\xff\xfa\xe6\xd4\
\xff\xff\xff\xff\xff\xff\xff\xff\xff\xff\xff\xff\xff\xff\xff\xff\
\xff\xff\xff\xff\xff\xff\xff\xff\xff\xff\xff\xff\xff\xff\xff\xff\
\xff\xff\xff\xff\xff\xff\xff\xff\xff\xff\xff\xff\xff\xff\xff\xff\
\xff\xff\xff\xff\xff\xff\xff\xff\xff\xff\xff\xff\xff\xff\xff\xff\
\xff\xff\xff\xff\xff\xff\xff\xff\xff\xff\xff\xff\xff\xfe\xfd\xfb\
\xff\xf3\xdd\xa9\xff\xe3\xab\x1f\xff\xe2\xad\x1f\xff\xe2\xae\x1f\
\xff\xe2\xae\x1f\xff\xe2\xaf\x1f\xff\xe2\xb0\x1f\xff\xe1\xb0\x1f\
\xff\xe1\xb1\x1f\xff\xe1\xb2 \xff\xe8\xc7`\xff\xfc\xf8\xef\
\xff\xff\xff\xff\xff\xff\xff\xff\xff\xff\xff\xff\xff\xfe\xfd\xfc\
\xff\xf5\xe9\xc6\xff\xe4\xc1I\xff\xe0\xb6 \xff\xe0\xb7 \
\xff\xe0\xb7 \xff\xe0\xb8 \xff\xdf\xb8 \xff\xdf\xb8 \
\xff\xdf\xb9 \xff\xdf\xb9 \xff\xdf\xb9 \xff\xc8\xadI\
\xff\xa0\x99\x91\xff\xa0\x99\x91\xff\xa0\x99\x91\xff\xb0\xa7\x9e\
\xff\xaf\xa7\x9e\xff\xaf\xa7\x9e\xff\xd8\x8eK\xff\xf0\x82\x1b\
\xff\xef\x84\x1b\xff\xef\x86\x1b\xff\xee\x87\x1b\xff\xee\x89\x1b\
\xff\xed\x8b\x1b\xff\xed\x8c\x1b\xff\xef\x9d=\xff\xfa\xe5\xd4\
\xff\xff\xff\xff\xff\xff\xff\xff\xff\xff\xff\xff\xff\xff\xff\xff\
\xff\xff\xff\xff\xff\xff\xff\xff\xff\xff\xff\xff\xff\xff\xff\xff\
\xff\xff\xff\xff\xff\xff\xff\xff\xff\xff\xff\xff\xff\xff\xff\xff\
\xff\xff\xff\xff\xff\xff\xff\xff\xff\xff\xff\xff\xff\xff\xff\xff\
\xff\xff\xff\xff\xff\xff\xff\xff\xff\xff\xff\xff\xff\xfe\xfd\xfb\
\xff\xf3\xdc\xa9\xff\xe4\xa9\x1e\xff\xe3\xaa\x1e\xff\xe3\xab\x1e\
\xff\xe3\xac\x1e\xff\xe2\xad\x1f\xff\xe2\xae\x1f\xff\xe2\xae\x1f\
\xff\xe2\xaf\x1f\xff\xe2\xb0\x1f\xff\xe2\xb3)\xff\xee\xd2\x8a\
\xff\xfd\xfa\xf4\xff\xff\xff\xff\xff\xff\xff\xff\xff\xff\xff\xff\
\xff\xfe\xfc\xfa\xff\xf2\xdf\xaa\xff\xe3\xba5\xff\xe0\xb5\x1f\
\xff\xe0\xb5\x1f\xff\xe0\xb6\x1f\xff\xe0\xb6\x1f\xff\xe0\xb6\x1f\
\xff\xe0\xb6\x1f\xff\xe0\xb7\x1f\xff\xe0\xb7 \xff\xc8\xacI\
\xff\xa1\x99\x91\xff\xa0\x99\x91\xff\xa0\x99\x91\xff\xb0\xa7\x9e\
\xff\xb0\xa7\x9e\xff\xb0\xa7\x9e\xff\xd9\x8dK\xff\xf1\x80\x1b\
\xff\xf0\x81\x1b\xff\xf0\x83\x1b\xff\xef\x85\x1b\xff\xef\x87\x1b\
\xff\xee\x88\x1b\xff\xed\x8a\x1b\xff\xef\x9b=\xff\xfa\xe5\xd4\
\xff\xff\xff\xff\xff\xff\xff\xff\xff\xff\xff\xff\xff\xff\xff\xff\
\xff\xff\xff\xff\xff\xff\xff\xff\xff\xff\xff\xff\xff\xff\xff\xff\
\xff\xff\xff\xff\xff\xff\xff\xff\xff\xff\xff\xff\xff\xff\xff\xff\
\xff\xff\xff\xff\xff\xff\xff\xff\xff\xff\xff\xff\xff\xff\xff\xff\
\xff\xff\xff\xff\xff\xff\xff\xff\xff\xff\xff\xff\xff\xfe\xfd\xfb\
\xff\xf4\xdb\xa9\xff\xe4\xa7\x1e\xff\xe4\xa8\x1e\xff\xe4\xa9\x1e\
\xff\xe7\xb6A\xff\xea\xc1Y\xff\xea\xc2Y\xff\xea\xc2Y\
\xff\xea\xc3Y\xff\xe9\xc3Y\xff\xe9\xc4Y\xff\xec\xccu\
\xff\xf8\xed\xd4\xff\xff\xff\xff\xff\xff\xff\xff\xff\xff\xff\xff\
\xff\xff\xff\xff\xff\xfc\xf8\xef\xff\xec\xd0{\xff\xe1\xb5&\
\xff\xe1\xb3\x1f\xff\xe1\xb4\x1f\xff\xe1\xb4\x1f\xff\xe1\xb4\x1f\
\xff\xe1\xb5\x1f\xff\xe0\xb5\x1f\xff\xe0\xb5\x1f\xff\xc8\xabI\
\xff\xa1\x9a\x92\xff\xa1\x99\x91\xff\xa1\x99\x91\xff\xb0\xa7\x9f\
\xff\xb0\xa7\x9e\xff\xb0\xa7\x9e\xff\xd9\x8cJ\xff\xf1}\x1a\
\xff\xf1\x7f\x1b\xff\xf0\x81\x1b\xff\xf0\x83\x1b\xff\xef\x84\x1b\
\xff\xef\x86\x1b\xff\xee\x88\x1b\xff\xf0\x9a=\xff\xfa\xe4\xd4\
\xff\xff\xff\xff\xff\xff\xff\xff\xff\xff\xff\xff\xff\xff\xff\xff\
\xff\xfc\xf0\xe0\xff\xf6\xd1\x9f\xff\xf6\xd2\x9f\xff\xf6\xd2\x9f\
\xff\xf6\xd3\x9f\xff\xf6\xd3\x9f\xff\xf5\xd4\x9f\xff\xf5\xd4\x9f\
\xff\xf5\xd5\x9f\xff\xf5\xd5\x9f\xff\xf7\xdd\xb2\xff\xfe\xfc\xf9\
\xff\xff\xff\xff\xff\xff\xff\xff\xff\xff\xff\xff\xff\xfe\xfd\xfb\
\xff\xf4\xdb\xa9\xff\xe5\xa5\x1e\xff\xe5\xa6\x1e\xff\xe5\xa7\x1e\
\xff\xf1\xd5\xa4\xff\xff\xff\xff\xff\xff\xff\xff\xff\xff\xff\xff\
\xff\xff\xff\xff\xff\xff\xff\xff\xff\xff\xff\xff\xff\xff\xff\xff\
\xff\xff\xff\xff\xff\xff\xff\xff\xff\xff\xff\xff\xff\xff\xff\xff\
\xff\xff\xff\xff\xff\xff\xff\xff\xff\xf9\xf0\xdc\xff\xe7\xc1S\
\xff\xe1\xb2 \xff\xe1\xb2\x1f\xff\xe1\xb2\x1f\xff\xe1\xb3\x1f\
\xff\xe1\xb3\x1f\xff\xe1\xb3\x1f\xff\xe1\xb4\x1f\xff\xc9\xaaI\
\xff\xa1\x9a\x92\xff\xa1\x9a\x91\xff\xa1\x99\x91\xff\xb0\xa8\x9f\
\xff\xb0\xa7\x9e\xff\xb0\xa7\x9e\xff\xda\x8bJ\xff\xf2{\x1a\
\xff\xf1}\x1a\xff\xf1\x7f\x1b\xff\xf0\x81\x1b\xff\xf0\x82\x1b\
\xff\xef\x84\x1b\xff\xef\x85\x1b\xff\xf1\x97<\xff\xfa\xe4\xd4\
\xff\xff\xff\xff\xff\xff\xff\xff\xff\xff\xff\xff\xff\xff\xff\xff\
\xff\xf8\xdc\xb7\xff\xeb\x92\x1c\xff\xeb\x93\x1c\xff\xea\x94\x1c\
\xff\xea\x95\x1c\xff\xea\x97\x1c\xff\xe9\x98\x1d\xff\xe9\x99\x1d\
\xff\xe9\x9a\x1d\xff\xe8\x9b\x1d\xff\xec\xaeH\xff\xfd\xf7\xf1\
\xff\xff\xff\xff\xff\xff\xff\xff\xff\xff\xff\xff\xff\xfe\xfd\xfb\
\xff\xf5\xda\xa9\xff\xe6\xa3\x1e\xff\xe5\xa4\x1e\xff\xe5\xa4\x1e\
\xff\xf1\xd4\xa4\xff\xff\xff\xff\xff\xff\xff\xff\xff\xff\xff\xff\
\xff\xff\xff\xff\xff\xff\xff\xff\xff\xff\xff\xff\xff\xff\xff\xff\
\xff\xff\xff\xff\xff\xff\xff\xff\xff\xff\xff\xff\xff\xff\xff\xff\
\xff\xff\xff\xff\xff\xff\xff\xff\xff\xff\xff\xff\xff\xed\xcf\x86\
\xff\xe2\xb1\x22\xff\xe2\xb0\x1f\xff\xe1\xb1\x1f\xff\xe1\xb1\x1f\
\xff\xe1\xb1\x1f\xff\xe1\xb1\x1f\xff\xe1\xb2\x1f\xff\xca\xa9I\
\xff\xa1\x9a\x92\xff\xa1\x9a\x92\xff\xa1\x9a\x91\xff\xb0\xa8\x9f\
\xff\xb0\xa8\x9f\xff\xb0\xa7\x9e\xff\xda\x89J\xff\xf3y\x1a\
\xff\xf2{\x1a\xff\xf1}\x1a\xff\xf1~\x1b\xff\xf0\x80\x1b\
\xff\xf0\x82\x1b\xff\xf0\x83\x1b\xff\xf1\x96<\xff\xfb\xe3\xd4\
\xff\xff\xff\xff\xff\xff\xff\xff\xff\xff\xff\xff\xff\xff\xff\xff\
\xff\xf9\xdb\xb7\xff\xec\x90\x1c\xff\xeb\x91\x1c\xff\xeb\x92\x1c\
\xff\xeb\x93\x1c\xff\xea\x94\x1c\xff\xea\x95\x1c\xff\xe9\x97\x1d\
\xff\xe9\x98\x1d\xff\xe9\x99\x1d\xff\xed\xadH\xff\xfd\xf7\xf1\
\xff\xff\xff\xff\xff\xff\xff\xff\xff\xff\xff\xff\xff\xfe\xfd\xfb\
\xff\xf5\xd9\xa9\xff\xe6\xa1\x1d\xff\xe6\xa2\x1e\xff\xe6\xa3\x1e\
\xff\xf2\xd3\xa4\xff\xff\xff\xff\xff\xff\xff\xff\xff\xff\xff\xff\
\xff\xff\xff\xff\xff\xff\xff\xff\xff\xff\xff\xff\xff\xff\xff\xff\
\xff\xff\xff\xff\xff\xff\xff\xff\xff\xff\xff\xff\xff\xff\xff\xff\
\xff\xff\xff\xff\xff\xff\xff\xff\xff\xff\xff\xff\xff\xef\xd1\x92\
\xff\xe3\xaf#\xff\xe2\xae\x1f\xff\xe2\xaf\x1f\xff\xe2\xaf\x1f\
\xff\xe2\xb0\x1f\xff\xe2\xb0\x1f\xff\xe2\xb0\x1f\xff\xca\xa8I\
\xff\xa1\x9a\x92\xff\xa1\x9a\x92\xff\xa1\x9a\x92\xff\xb1\xa8\x9f\
\xff\xb0\xa8\x9f\xff\xb0\xa7\x9f\xff\xdb\x88K\xff\xf3v\x1a\
\xff\xf3y\x1a\xff\xf2z\x1a\xff\xf2|\x1a\xff\xf1}\x1a\
\xff\xf1\x7f\x1a\xff\xf0\x81\x1b\xff\xf1\x93<\xff\xfb\xe3\xd4\
\xff\xff\xff\xff\xff\xff\xff\xff\xff\xff\xff\xff\xff\xff\xff\xff\
\xff\xf9\xdb\xb7\xff\xec\x8d\x1c\xff\xec\x8f\x1c\xff\xec\x90\x1c\
\xff\xeb\x92\x1c\xff\xeb\x93\x1c\xff\xea\x94\x1c\xff\xea\x95\x1c\
\xff\xea\x95\x1c\xff\xe9\x97\x1c\xff\xed\xabH\xff\xfd\xf7\xf1\
\xff\xff\xff\xff\xff\xff\xff\xff\xff\xff\xff\xff\xff\xfe\xfd\xfb\
\xff\xf5\xd9\xa9\xff\xe7\x9f\x1d\xff\xe7\x9f\x1d\xff\xe6\xa0\x1d\
\xff\xf2\xcf\x9d\xff\xfd\xfa\xf3\xff\xfd\xfa\xf3\xff\xfd\xfa\xf3\
\xff\xfd\xfa\xf3\xff\xfd\xfa\xf3\xff\xfd\xfa\xf3\xff\xfd\xfa\xf3\
\xff\xfd\xfa\xf3\xff\xfd\xfa\xf3\xff\xfd\xfa\xf3\xff\xfd\xfa\xf3\
\xff\xfd\xfa\xf3\xff\xfd\xfa\xf3\xff\xfd\xfa\xf3\xff\xee\xce\x8b\
\xff\xe3\xad#\xff\xe3\xac\x1e\xff\xe2\xad\x1e\xff\xe2\xad\x1f\
\xff\xe2\xad\x1f\xff\xe2\xae\x1f\xff\xe2\xae\x1f\xff\xca\xa7I\
\xff\xa2\x9a\x92\xff\xa1\x9a\x92\xff\xa1\x9a\x92\xff\xb1\xa8\x9f\
\xff\xb1\xa8\x9f\xff\xb1\xa8\x9f\xff\xdb\x86K\xff\xf4t\x1a\
\xff\xf3v\x1a\xff\xf3x\x1a\xff\xf3z\x1a\xff\xf2{\x1a\
\xff\xf2}\x1a\xff\xf1~\x1a\xff\xf2\x91<\xff\xfb\xe3\xd4\
\xff\xff\xff\xff\xff\xff\xff\xff\xff\xff\xff\xff\xff\xff\xff\xff\
\xff\xf9\xda\xb7\xff\xed\x8b\x1b\xff\xed\x8c\x1b\xff\xed\x8d\x1c\
\xff\xec\x8f\x1c\xff\xec\x90\x1c\xff\xeb\x92\x1c\xff\xeb\x93\x1c\
\xff\xeb\x94\x1c\xff\xea\x94\x1c\xff\xed\xa9G\xff\xfd\xf7\xf1\
\xff\xff\xff\xff\xff\xff\xff\xff\xff\xff\xff\xff\xff\xfe\xfd\xfb\
\xff\xf5\xd7\xa9\xff\xe8\x9d\x1d\xff\xe8\x9d\x1d\xff\xe8\x9e\x1d\
\xff\xe7\x9f\x1d\xff\xe7\x9f\x1d\xff\xe7\xa1\x1d\xff\xe6\xa1\x1d\
\xff\xe6\xa2\x1d\xff\xe6\xa3\x1e\xff\xe6\xa3\x1e\xff\xe5\xa4\x1e\
\xff\xe5\xa5\x1e\xff\xe5\xa5\x1e\xff\xe5\xa6\x1e\xff\xe5\xa6\x1e\
\xff\xe4\xa7\x1e\xff\xe4\xa8\x1e\xff\xe4\xa8\x1e\xff\xe4\xa9\x1e\
\xff\xe4\xa9\x1e\xff\xe4\xa9\x1e\xff\xe4\xaa\x1e\xff\xe4\xaa\x1e\
\xff\xe3\xab\x1e\xff\xe3\xab\x1e\xff\xe3\xab\x1e\xff\xcb\xa5I\
\xff\xa2\x9b\x92\xff\xa2\x9a\x92\xff\xa2\x9a\x92\xff\xb1\xa8\x9f\
\xff\xb1\xa8\x9f\xff\xb1\xa8\x9f\xff\xdc\x85K\xff\xf5r\x1a\
\xff\xf4t\x1a\xff\xf4u\x1a\xff\xf3w\x1a\xff\xf3y\x1a\
\xff\xf2z\x1a\xff\xf2|\x1a\xff\xf3\x8f<\xff\xfb\xe2\xd4\
\xff\xff\xff\xff\xff\xff\xff\xff\xff\xff\xff\xff\xff\xff\xff\xff\
\xff\xf9\xd9\xb7\xff\xee\x88\x1b\xff\xee\x89\x1b\xff\xed\x8b\x1b\
\xff\xed\x8d\x1c\xff\xec\x8e\x1c\xff\xec\x8f\x1c\xff\xec\x90\x1c\
\xff\xeb\x92\x1c\xff\xeb\x93\x1c\xff\xee\xa8G\xff\xfd\xf7\xf1\
\xff\xff\xff\xff\xff\xff\xff\xff\xff\xff\xff\xff\xff\xfe\xfd\xfb\
\xff\xf6\xd6\xa9\xff\xe9\x9a\x1d\xff\xe8\x9b\x1d\xff\xe8\x9c\x1d\
\xff\xe8\x9d\x1d\xff\xe7\x9d\x1d\xff\xe7\x9e\x1d\xff\xe7\x9f\x1d\
\xff\xe7\xa0\x1d\xff\xe6\xa1\x1d\xff\xe6\xa1\x1d\xff\xe6\xa2\x1e\
\xff\xe6\xa2\x1e\xff\xe6\xa3\x1e\xff\xe6\xa4\x1e\xff\xe5\xa4\x1e\
\xff\xe5\xa5\x1e\xff\xe5\xa5\x1e\xff\xe5\xa6\x1e\xff\xe5\xa7\x1e\
\xff\xe4\xa7\x1e\xff\xe4\xa7\x1e\xff\xe4\xa8\x1e\xff\xe4\xa8\x1e\
\xff\xe4\xa9\x1e\xff\xe4\xa9\x1e\xff\xe4\xa9\x1e\xff\xcb\xa4I\
\xff\xa2\x9b\x93\xff\xa2\x9b\x92\xff\xa2\x9a\x92\xff\xb1\xa8\xa0\
\xff\xb1\xa8\x9f\xff\xb1\xa8\x9f\xff\xdc\x83J\xff\xf5p\x19\
\xff\xf5r\x19\xff\xf4s\x1a\xff\xf4u\x1a\xff\xf3v\x1a\
\xff\xf3x\x1a\xff\xf3y\x1a\xff\xf4\x8d;\xff\xfb\xe1\xd4\
\xff\xff\xff\xff\xff\xff\xff\xff\xff\xff\xff\xff\xff\xff\xff\xff\
\xff\xfa\xd8\xb7\xff\xef\x86\x1b\xff\xee\x87\x1b\xff\xee\x88\x1b\
\xff\xed\x8a\x1b\xff\xed\x8c\x1c\xff\xed\x8d\x1c\xff\xec\x8e\x1c\
\xff\xec\x8f\x1c\xff\xec\x90\x1c\xff\xef\xa6G\xff\xfd\xf6\xf1\
\xff\xff\xff\xff\xff\xff\xff\xff\xff\xff\xff\xff\xff\xfe\xfd\xfb\
\xff\xf6\xd6\xa9\xff\xe9\x98\x1d\xff\xe9\x99\x1d\xff\xe9\x99\x1d\
\xff\xe8\x9b\x1d\xff\xe8\x9b\x1d\xff\xe8\x9c\x1d\xff\xe8\x9d\x1d\
\xff\xe7\x9d\x1d\xff\xe7\x9e\x1d\xff\xe7\x9f\x1d\xff\xe7\xa0\x1d\
\xff\xe7\xa0\x1d\xff\xe6\xa1\x1d\xff\xe6\xa1\x1e\xff\xe6\xa2\x1e\
\xff\xe6\xa2\x1e\xff\xe6\xa3\x1e\xff\xe5\xa3\x1e\xff\xe5\xa4\x1e\
\xff\xe5\xa4\x1e\xff\xe5\xa5\x1e\xff\xe5\xa5\x1e\xff\xe5\xa5\x1e\
\xff\xe5\xa6\x1e\xff\xe5\xa6\x1e\xff\xe4\xa6\x1e\xff\xcc\xa2I\
\xff\xa2\x9b\x93\xff\xa2\x9b\x93\xff\xa2\x9b\x92\xff\xb2\xa9\xa0\
\xff\xb1\xa8\xa0\xff\xb1\xa8\x9f\xff\xdd\x82J\xff\xf6n\x19\
\xff\xf6o\x19\xff\xf5q\x1a\xff\xf4s\x1a\xff\xf4t\x1a\
\xff\xf4v\x1a\xff\xf3w\x1a\xff\xf4\x8b;\xff\xfb\xe1\xd4\
\xff\xff\xff\xff\xff\xff\xff\xff\xff\xff\xff\xff\xff\xff\xff\xff\
\xff\xfa\xd7\xb7\xff\xef\x83\x1b\xff\xef\x85\x1b\xff\xef\x86\x1b\
\xff\xee\x87\x1b\xff\xee\x89\x1b\xff\xed\x8a\x1b\xff\xed\x8c\x1c\
\xff\xed\x8d\x1c\xff\xec\x8e\x1c\xff\xf0\xa4G\xff\xfd\xf6\xf1\
\xff\xff\xff\xff\xff\xff\xff\xff\xff\xff\xff\xff\xff\xfe\xfd\xfb\
\xff\xf6\xd5\xa9\xff\xea\x96\x1c\xff\xea\x97\x1d\xff\xe9\x98\x1d\
\xff\xe9\x98\x1d\xff\xe9\x99\x1d\xff\xe8\x9a\x1d\xff\xe8\x9b\x1d\
\xff\xe8\x9b\x1d\xff\xe8\x9c\x1d\xff\xe7\x9d\x1d\xff\xe7\x9e\x1d\
\xff\xe7\x9e\x1d\xff\xe7\x9f\x1d\xff\xe7\x9f\x1d\xff\xe7\xa0\x1d\
\xff\xe6\xa0\x1d\xff\xe6\xa1\x1e\xff\xe6\xa1\x1e\xff\xe6\xa2\x1e\
\xff\xe6\xa2\x1e\xff\xe6\xa2\x1e\xff\xe6\xa3\x1e\xff\xe5\xa3\x1e\
\xff\xe5\xa4\x1e\xff\xe5\xa4\x1e\xff\xe5\xa4\x1e\xff\xcd\xa1I\
\xff\xa3\x9b\x93\xff\xa2\x9b\x93\xff\xa2\x9b\x93\xff\xb2\xa9\xa0\
\xff\xb1\xa9\xa0\xff\xb1\xa8\xa0\xff\xdd\x81J\xff\xf7k\x19\
\xff\xf6m\x19\xff\xf5n\x19\xff\xf5p\x1a\xff\xf5q\x1a\
\xff\xf4s\x1a\xff\xf4u\x1a\xff\xf5\x89;\xff\xfc\xe1\xd4\
\xff\xff\xff\xff\xff\xff\xff\xff\xff\xff\xff\xff\xff\xff\xff\xff\
\xff\xfa\xd6\xb7\xff\xf0\x81\x1b\xff\xf0\x82\x1b\xff\xef\x84\x1b\
\xff\xef\x85\x1b\xff\xee\x86\x1b\xff\xee\x87\x1b\xff\xee\x89\x1b\
\xff\xed\x8a\x1b\xff\xed\x8c\x1c\xff\xf0\xa2G\xff\xfd\xf6\xf1\
\xff\xff\xff\xff\xff\xff\xff\xff\xff\xff\xff\xff\xff\xfe\xfc\xfb\
\xff\xf6\xd4\xa8\xff\xea\x94\x1c\xff\xea\x94\x1c\xff\xea\x96\x1c\
\xff\xe9\x96\x1c\xff\xe9\x97\x1d\xff\xe9\x98\x1d\xff\xe9\x98\x1d\
\xff\xe9\x99\x1d\xff\xe8\x9a\x1d\xff\xe8\x9b\x1d\xff\xe8\x9b\x1d\
\xff\xe8\x9c\x1d\xff\xe8\x9d\x1d\xff\xe7\x9d\x1d\xff\xe7\x9e\x1d\
\xff\xe7\x9e\x1d\xff\xe7\x9f\x1d\xff\xe7\x9f\x1d\xff\xe7\xa0\x1d\
\xff\xe6\xa0\x1d\xff\xe6\xa1\x1e\xff\xe6\xa1\x1e\xff\xe6\xa1\x1e\
\xff\xe6\xa2\x1e\xff\xe6\xa2\x1e\xff\xe6\xa2\x1e\xff\xcd\x9fI\
\xff\xa3\x9b\x93\xff\xa2\x9b\x93\xff\xa2\x9b\x93\xff\xb2\xa9\xa0\
\xff\xb2\xa9\xa0\xff\xb2\xa9\xa0\xff\xde\x7fJ\xff\xf8i\x19\
\xff\xf7j\x19\xff\xf7l\x19\xff\xf6n\x19\xff\xf6o\x19\
\xff\xf5q\x19\xff\xf5r\x1a\xff\xf6\x86;\xff\xfc\xe0\xd4\
\xff\xff\xff\xff\xff\xff\xff\xff\xff\xff\xff\xff\xff\xff\xff\xff\
\xff\xfa\xd6\xb6\xff\xf1~\x1a\xff\xf1\x7f\x1b\xff\xf1\x81\x1b\
\xff\xf0\x82\x1b\xff\xf0\x83\x1b\xff\xef\x85\x1b\xff\xef\x86\x1b\
\xff\xef\x87\x1b\xff\xee\x88\x1b\xff\xf1\x9fG\xff\xfd\xf6\xf1\
\xff\xff\xff\xff\xff\xff\xff\xff\xff\xff\xff\xff\xff\xfe\xfc\xfb\
\xff\xf7\xd3\xa8\xff\xec\x92\x1c\xff\xeb\x92\x1c\xff\xeb\x93\x1c\
\xff\xeb\x94\x1c\xff\xea\x94\x1c\xff\xea\x95\x1c\xff\xea\x96\x1c\
\xff\xea\x97\x1c\xff\xea\x97\x1c\xff\xe9\x98\x1d\xff\xe9\x99\x1d\
\xff\xe9\x99\x1d\xff\xe9\x9a\x1d\xff\xe9\x9a\x1d\xff\xe8\x9b\x1d\
\xff\xe8\x9c\x1d\xff\xe8\x9c\x1d\xff\xe8\x9c\x1d\xff\xe8\x9d\x1d\
\xff\xe8\x9d\x1d\xff\xe8\x9e\x1d\xff\xe7\x9e\x1d\xff\xe7\x9e\x1d\
\xff\xe7\x9f\x1d\xff\xe7\x9f\x1d\xff\xe7\x9f\x1d\xff\xce\x9eI\
\xff\xa3\x9c\x93\xff\xa3\x9b\x93\xff\xa3\x9b\x93\xff\xb2\xa9\xa0\
\xff\xb2\xa9\xa0\xff\xb2\xa9\xa0\xff\xdf~J\xff\xf8f\x18\
\xff\xf8h\x19\xff\xf7i\x19\xff\xf7k\x19\xff\xf6l\x19\
\xff\xf6n\x19\xff\xf5p\x19\xff\xf6~1\xff\xfa\xbd\x99\
\xff\xfb\xd2\xb6\xff\xfb\xd3\xb6\xff\xfb\xd3\xb6\xff\xfb\xd4\xb6\
\xff\xf8\xb8\x85\xff\xf2{\x1a\xff\xf2}\x1a\xff\xf1~\x1a\
\xff\xf1\x80\x1b\xff\xf0\x81\x1b\xff\xf0\x82\x1b\xff\xf0\x83\x1b\
\xff\xef\x85\x1b\xff\xef\x86\x1b\xff\xf1\x968\xff\xf9\xd3\xad\
\xff\xf9\xd9\xb7\xff\xf9\xd9\xb7\xff\xf9\xda\xb7\xff\xf9\xd9\xb5\
\xff\xf4\xbc|\xff\xec\x8f\x1c\xff\xec\x90\x1c\xff\xec\x91\x1c\
\xff\xeb\x92\x1c\xff\xeb\x92\x1c\xff\xeb\x93\x1c\xff\xeb\x94\x1c\
\xff\xea\x95\x1c\xff\xea\x95\x1c\xff\xea\x96\x1c\xff\xea\x96\x1c\
\xff\xea\x97\x1c\xff\xe9\x98\x1d\xff\xe9\x98\x1d\xff\xe9\x99\x1d\
\xff\xe9\x99\x1d\xff\xe9\x9a\x1d\xff\xe9\x9a\x1d\xff\xe8\x9b\x1d\
\xff\xe8\x9b\x1d\xff\xe8\x9c\x1d\xff\xe8\x9c\x1d\xff\xe8\x9c\x1d\
\xff\xe8\x9d\x1d\xff\xe8\x9d\x1d\xff\xe8\x9d\x1d\xff\xce\x9dH\
\xff\xa3\x9c\x93\xff\xa3\x9c\x93\xff\xa3\x9b\x93\xff\xb2\xa9\xa0\
\xff\xb2\xa9\xa0\xff\xb2\xa9\xa0\xff\xdf|J\xff\xf9c\x18\
\xff\xf8f\x18\xff\xf8g\x19\xff\xf7i\x19\xff\xf7j\x19\
\xff\xf7l\x19\xff\xf6n\x19\xff\xf5o\x19\xff\xf5p\x19\
\xff\xf5r\x1a\xff\xf4s\x1a\xff\xf4t\x1a\xff\xf3v\x1a\
\xff\xf3x\x1a\xff\xf3y\x1a\xff\xf2z\x1a\xff\xf2{\x1a\
\xff\xf1}\x1a\xff\xf1~\x1b\xff\xf1\x80\x1b\xff\xf0\x81\x1b\
\xff\xf0\x82\x1b\xff\xf0\x84\x1b\xff\xef\x85\x1b\xff\xef\x86\x1b\
\xff\xee\x87\x1b\xff\xee\x88\x1b\xff\xee\x89\x1b\xff\xed\x8a\x1b\
\xff\xed\x8b\x1b\xff\xed\x8c\x1c\xff\xed\x8d\x1c\xff\xec\x8e\x1c\
\xff\xec\x8f\x1c\xff\xec\x90\x1c\xff\xeb\x91\x1c\xff\xeb\x92\x1c\
\xff\xeb\x92\x1c\xff\xeb\x93\x1c\xff\xeb\x94\x1c\xff\xea\x94\x1c\
\xff\xea\x95\x1c\xff\xea\x95\x1c\xff\xea\x96\x1c\xff\xea\x97\x1c\
\xff\xea\x97\x1d\xff\xe9\x98\x1d\xff\xe9\x98\x1d\xff\xe9\x99\x1d\
\xff\xe9\x99\x1d\xff\xe9\x9a\x1d\xff\xe9\x9a\x1d\xff\xe9\x9a\x1d\
\xff\xe9\x9b\x1d\xff\xe8\x9b\x1d\xff\xe8\x9b\x1d\xff\xcf\x9cH\
\xff\xa3\x9c\x94\xff\xa3\x9c\x93\xff\xa3\x9c\x93\xff\xb3\xaa\xa1\
\xff\xb2\xa9\xa0\xff\xb2\xa9\xa0\xff\xdf{J\xff\xfaa\x18\
\xff\xf9c\x18\xff\xf9e\x18\xff\xf8f\x19\xff\xf8h\x19\
\xff\xf7j\x19\xff\xf7k\x19\xff\xf6l\x19\xff\xf6n\x19\
\xff\xf5p\x19\xff\xf5q\x1a\xff\xf5r\x1a\xff\xf4s\x1a\
\xff\xf4u\x1a\xff\xf3w\x1a\xff\xf3x\x1a\xff\xf3y\x1a\
\xff\xf2z\x1a\xff\xf2|\x1a\xff\xf1}\x1a\xff\xf1~\x1b\
\xff\xf1\x7f\x1b\xff\xf0\x81\x1b\xff\xf0\x82\x1b\xff\xef\x83\x1b\
\xff\xef\x84\x1b\xff\xef\x85\x1b\xff\xef\x86\x1b\xff\xee\x87\x1b\
\xff\xee\x89\x1b\xff\xee\x8a\x1b\xff\xed\x8a\x1b\xff\xed\x8b\x1c\
\xff\xed\x8c\x1c\xff\xec\x8e\x1c\xff\xec\x8e\x1c\xff\xec\x8f\x1c\
\xff\xec\x90\x1c\xff\xeb\x90\x1c\xff\xeb\x91\x1c\xff\xeb\x92\x1c\
\xff\xeb\x93\x1c\xff\xeb\x93\x1c\xff\xeb\x94\x1c\xff\xea\x94\x1c\
\xff\xea\x95\x1c\xff\xea\x95\x1c\xff\xea\x96\x1c\xff\xea\x96\x1c\
\xff\xea\x96\x1c\xff\xe9\x97\x1d\xff\xe9\x97\x1d\xff\xe9\x98\x1d\
\xff\xe9\x98\x1d\xff\xe9\x98\x1d\xff\xe9\x98\x1d\xff\xcf\x9aH\
\xff\xa4\x9c\x94\xff\xa3\x9c\x94\xff\xa3\x9c\x93\xff\xb3\xaa\xa1\
\xff\xb3\xaa\xa1\xff\xb2\xa9\xa0\xff\xe0{J\xff\xfb`\x18\
\xff\xfa`\x18\xff\xf9b\x18\xff\xf9d\x18\xff\xf8f\x19\
\xff\xf8g\x19\xff\xf7i\x19\xff\xf7j\x19\xff\xf6k\x19\
\xff\xf6m\x19\xff\xf6o\x19\xff\xf5p\x19\xff\xf5q\x1a\
\xff\xf4r\x1a\xff\xf4t\x1a\xff\xf4v\x1a\xff\xf3w\x1a\
\xff\xf3x\x1a\xff\xf2y\x1a\xff\xf2z\x1a\xff\xf2|\x1a\
\xff\xf1}\x1a\xff\xf1~\x1b\xff\xf0\x7f\x1b\xff\xf0\x80\x1b\
\xff\xf0\x81\x1b\xff\xf0\x83\x1b\xff\xef\x84\x1b\xff\xef\x85\x1b\
\xff\xee\x86\x1b\xff\xee\x87\x1b\xff\xee\x88\x1b\xff\xee\x89\x1b\
\xff\xed\x8a\x1b\xff\xed\x8a\x1c\xff\xed\x8b\x1c\xff\xed\x8d\x1c\
\xff\xec\x8d\x1c\xff\xec\x8e\x1c\xff\xec\x8f\x1c\xff\xec\x8f\x1c\
\xff\xeb\x90\x1c\xff\xeb\x91\x1c\xff\xeb\x92\x1c\xff\xeb\x92\x1c\
\xff\xeb\x92\x1c\xff\xeb\x93\x1c\xff\xeb\x94\x1c\xff\xea\x94\x1c\
\xff\xea\x94\x1c\xff\xea\x95\x1c\xff\xea\x95\x1c\xff\xea\x96\x1c\
\xff\xea\x96\x1c\xff\xea\x96\x1c\xff\xea\x96\x1d\xff\xd0\x99H\
\xff\xa4\x9c\x94\xff\xa4\x9c\x94\xff\xa3\x9c\x94\xff\xb3\xaa\xa1\
\xff\xb3\xaa\xa1\xff\xb2\xaa\xa1\xff\xe0{J\xff\xfb`\x18\
\xff\xfa`\x18\xff\xfa`\x18\xff\xfaa\x18\xff\xf9c\x18\
\xff\xf9d\x18\xff\xf9e\x18\xff\xf8h\x19\xff\xf8i\x19\
\xff\xf7j\x19\xff\xf7l\x19\xff\xf6m\x19\xff\xf6o\x19\
\xff\xf6p\x19\xff\xf5q\x19\xff\xf5s\x1a\xff\xf4t\x1a\
\xff\xf4u\x1a\xff\xf4w\x1a\xff\xf3x\x1a\xff\xf3y\x1a\
\xff\xf2z\x1a\xff\xf2{\x1a\xff\xf2}\x1a\xff\xf1~\x1a\
\xff\xf1\x7f\x1a\xff\xf1\x80\x1b\xff\xf0\x80\x1b\xff\xf0\x82\x1b\
\xff\xf0\x83\x1b\xff\xf0\x84\x1b\xff\xef\x85\x1b\xff\xef\x86\x1b\
\xff\xef\x87\x1b\xff\xee\x88\x1b\xff\xee\x89\x1b\xff\xee\x89\x1b\
\xff\xee\x8a\x1b\xff\xed\x8b\x1b\xff\xed\x8c\x1b\xff\xed\x8d\x1c\
\xff\xed\x8d\x1c\xff\xec\x8e\x1c\xff\xec\x8e\x1c\xff\xec\x8f\x1c\
\xff\xec\x90\x1c\xff\xec\x90\x1c\xff\xeb\x91\x1c\xff\xeb\x91\x1c\
\xff\xeb\x92\x1c\xff\xeb\x92\x1c\xff\xeb\x92\x1c\xff\xeb\x93\x1c\
\xff\xeb\x93\x1c\xff\xeb\x93\x1c\xff\xeb\x94\x1c\xff\xd0\x97H\
\xff\xa4\x9c\x94\xff\xa4\x9c\x94\xff\xa4\x9c\x94\xff\xb3\xaa\xa1\
\xff\xb3\xaa\xa1\xff\xb3\xaa\xa1\xff\xe0{J\xff\xfb`\x18\
\xff\xfb`\x18\xff\xfb`\x18\xff\xfb`\x18\xff\xfa`\x18\
\xff\xfab\x18\xff\xf9c\x18\xff\xf9e\x18\xff\xf8f\x19\
\xff\xf8h\x19\xff\xf8i\x19\xff\xf7k\x19\xff\xf7l\x19\
\xff\xf6m\x19\xff\xf6n\x19\xff\xf6p\x19\xff\xf5q\x19\
\xff\xf5r\x1a\xff\xf4t\x1a\xff\xf4u\x1a\xff\xf4v\x1a\
\xff\xf3w\x1a\xff\xf3y\x1a\xff\xf2z\x1a\xff\xf2{\x1a\
\xff\xf2|\x1a\xff\xf2}\x1a\xff\xf1~\x1a\xff\xf1\x7f\x1b\
\xff\xf1\x80\x1b\xff\xf0\x81\x1b\xff\xf0\x82\x1b\xff\xf0\x83\x1b\
\xff\xef\x84\x1b\xff\xef\x85\x1b\xff\xef\x85\x1b\xff\xef\x86\x1b\
\xff\xef\x87\x1b\xff\xee\x88\x1b\xff\xee\x89\x1b\xff\xee\x8a\x1b\
\xff\xee\x8a\x1b\xff\xed\x8b\x1b\xff\xed\x8c\x1b\xff\xed\x8c\x1c\
\xff\xed\x8d\x1c\xff\xed\x8d\x1c\xff\xec\x8e\x1c\xff\xec\x8f\x1c\
\xff\xec\x8f\x1c\xff\xec\x90\x1c\xff\xec\x90\x1c\xff\xec\x90\x1c\
\xff\xec\x91\x1c\xff\xec\x91\x1c\xff\xeb\x91\x1c\xff\xd1\x96H\
\xff\xa4\x9d\x94\xff\xa4\x9c\x94\xff\xa4\x9c\x94\xff\xb3\xaa\xa1\
\xff\xb3\xaa\xa1\xff\xb3\xaa\xa1\xff\xe0{J\xff\xfb`\x18\
\xff\xfb`\x18\xff\xfb`\x18\xff\xfb`\x18\xff\xfb`\x18\
\xff\xfb`\x18\xff\xfaa\x18\xff\xfab\x18\xff\xf9d\x18\
\xff\xf9e\x18\xff\xf8f\x19\xff\xf8h\x19\xff\xf7i\x19\
\xff\xf7k\x19\xff\xf6l\x19\xff\xf6m\x19\xff\xf6n\x19\
\xff\xf5p\x19\xff\xf5q\x1a\xff\xf5r\x1a\xff\xf4s\x1a\
\xff\xf4t\x1a\xff\xf4v\x1a\xff\xf3w\x1a\xff\xf3x\x1a\
\xff\xf3y\x1a\xff\xf2z\x1a\xff\xf2|\x1a\xff\xf2|\x1a\
\xff\xf1}\x1a\xff\xf1~\x1b\xff\xf1\x7f\x1b\xff\xf1\x80\x1b\
\xff\xf0\x81\x1b\xff\xf0\x82\x1b\xff\xf0\x83\x1b\xff\xef\x83\x1b\
\xff\xef\x84\x1b\xff\xef\x85\x1b\xff\xef\x86\x1b\xff\xee\x87\x1b\
\xff\xee\x87\x1b\xff\xee\x88\x1b\xff\xee\x89\x1b\xff\xee\x8a\x1b\
\xff\xed\x8a\x1b\xff\xed\x8b\x1b\xff\xed\x8c\x1b\xff\xed\x8c\x1c\
\xff\xed\x8c\x1c\xff\xed\x8d\x1c\xff\xed\x8d\x1c\xff\xec\x8e\x1c\
\xff\xec\x8e\x1c\xff\xec\x8e\x1c\xff\xec\x8f\x1c\xff\xd2\x94H\
\xff\xa4\x9d\x95\xff\xa4\x9d\x94\xff\xa4\x9c\x94\xff\xb3\xaa\xa1\
\xff\xb3\xaa\xa1\xff\xb3\xaa\xa1\xff\xe0{J\xff\xfb`\x18\
\xff\xfb`\x18\xff\xfb`\x18\xff\xfb`\x18\xff\xfb`\x18\
\xff\xfb`\x18\xff\xfb`\x18\xff\xfa`\x18\xff\xfaa\x18\
\xff\xfab\x18\xff\xf9d\x18\xff\xf9e\x18\xff\xf8g\x19\
\xff\xf8h\x19\xff\xf7j\x19\xff\xf7k\x19\xff\xf7l\x19\
\xff\xf6m\x19\xff\xf6o\x19\xff\xf5p\x19\xff\xf5q\x1a\
\xff\xf5r\x1a\xff\xf4s\x1a\xff\xf4u\x1a\xff\xf4v\x1a\
\xff\xf3w\x1a\xff\xf3w\x1a\xff\xf3y\x1a\xff\xf2z\x1a\
\xff\xf2{\x1a\xff\xf2|\x1a\xff\xf1}\x1a\xff\xf1}\x1a\
\xff\xf1~\x1b\xff\xf1\x7f\x1b\xff\xf0\x80\x1b\xff\xf0\x81\x1b\
\xff\xf0\x82\x1b\xff\xf0\x82\x1b\xff\xef\x83\x1b\xff\xef\x84\x1b\
\xff\xef\x85\x1b\xff\xef\x85\x1b\xff\xef\x86\x1b\xff\xee\x87\x1b\
\xff\xee\x87\x1b\xff\xee\x88\x1b\xff\xee\x89\x1b\xff\xee\x89\x1b\
\xff\xee\x89\x1b\xff\xed\x8a\x1b\xff\xed\x8b\x1b\xff\xed\x8b\x1b\
\xff\xed\x8b\x1c\xff\xed\x8b\x1c\xff\xed\x8c\x1c\xff\xd2\x92H\
\xff\xa5\x9d\x95\xff\xa4\x9d\x95\xff\xa4\x9d\x94\xff\xb3\xa9\xa1\
\xf6\xb3\xaa\xa1\xff\xb3\xaa\xa1\xff\xbe\x9d\x8a\xff\xc5\x96|\
\xff\xc5\x96|\xff\xc5\x96|\xff\xc5\x96|\xff\xc5\x95|\
\xff\xc5\x95|\xff\xc5\x95|\xff\xc4\x95|\xff\xc4\x95{\
\xff\xc4\x95{\xff\xc4\x95{\xff\xc3\x96{\xff\xc3\x95{\
\xff\xc3\x96{\xff\xc2\x96{\xff\xc2\x97{\xff\xc1\x97{\
\xff\xc1\x97z\xff\xc1\x97z\xff\xc1\x97z\xff\xc0\x97z\
\xff\xc0\x97z\xff\xc0\x97y\xff\xc0\x98y\xff\xbf\x98y\
\xff\xbf\x98y\xff\xbf\x98y\xff\xbe\x98y\xff\xbe\x98y\
\xff\xbe\x99y\xff\xbe\x98y\xff\xbd\x98y\xff\xbd\x98x\
\xff\xbd\x99x\xff\xbd\x99x\xff\xbd\x98x\xff\xbc\x99x\
\xff\xbc\x99w\xff\xbc\x99w\xff\xbc\x99w\xff\xbb\x99w\
\xff\xbb\x99w\xff\xbb\x99w\xff\xbb\x99w\xff\xba\x99w\
\xff\xba\x99v\xff\xba\x99v\xff\xba\x99v\xff\xb9\x99v\
\xff\xb9\x99v\xff\xb9\x99v\xff\xb9\x99u\xff\xb8\x99u\
\xff\xb8\x98u\xff\xb8\x99u\xff\xb8\x99u\xff\xb1\x9a\x80\
\xff\xa5\x9d\x95\xff\xa5\x9d\x95\xff\xa4\x9c\x94\xf6\xb2\xa9\xa1\
\xb8\xb2\xaa\xa1\xfe\xb3\xaa\xa1\xff\xb3\xaa\xa1\xff\xb3\xaa\xa1\
\xff\xb3\xaa\xa1\xff\xb3\xaa\xa1\xff\xb2\xa9\xa0\xff\xb2\xa9\xa0\
\xff\xb2\xa9\xa0\xff\xb1\xa9\xa0\xff\xb1\xa8\xa0\xff\xb1\xa8\x9f\
\xff\xb1\xa8\x9f\xff\xb1\xa8\x9f\xff\xb0\xa8\x9f\xff\xb0\xa7\x9e\
\xff\xb0\xa7\x9e\xff\xb0\xa7\x9e\xff\xaf\xa7\x9e\xff\xaf\xa7\x9e\
\xff\xaf\xa6\x9d\xff\xaf\xa6\x9d\xff\xae\xa6\x9d\xff\xae\xa6\x9d\
\xff\xae\xa5\x9d\xff\xae\xa5\x9c\xff\xad\xa5\x9c\xff\xad\xa5\x9c\
\xff\xad\xa4\x9c\xff\xad\xa4\x9c\xff\xac\xa4\x9b\xff\xac\xa4\x9b\
\xff\xac\xa4\x9b\xff\xac\xa3\x9b\xff\xab\xa3\x9b\xff\xab\xa3\x9a\
\xff\xab\xa3\x9a\xff\xab\xa2\x9a\xff\xaa\xa2\x9a\xff\xaa\xa2\x99\
\xff\xaa\xa2\x99\xff\xaa\xa1\x99\xff\xa9\xa1\x99\xff\xa9\xa1\x99\
\xff\xa9\xa1\x98\xff\xa9\xa1\x98\xff\xa9\xa1\x98\xff\xa8\xa0\x98\
\xff\xa8\xa0\x97\xff\xa8\xa0\x97\xff\xa7\xa0\x97\xff\xa7\x9f\x97\
\xff\xa7\x9f\x97\xff\xa7\x9f\x96\xff\xa6\x9f\x96\xff\xa6\x9e\x96\
\xff\xa6\x9e\x96\xff\xa6\x9e\x96\xff\xa5\x9e\x95\xff\xa5\x9e\x95\
\xff\xa5\x9d\x95\xff\xa5\x9d\x94\xfe\xa5\x9d\x94\xb7\xb1\xa8\x9f\
1\xb2\xa9\xa0\xcf\xb3\xa9\xa1\xf4\xb3\xa9\xa1\xfd\xb3\xaa\xa1\
\xff\xb3\xaa\xa1\xff\xb3\xaa\xa1\xff\xb3\xaa\xa1\xff\xb2\xaa\xa1\
\xff\xb2\xa9\xa0\xff\xb2\xa9\xa0\xff\xb2\xa9\xa0\xff\xb1\xa9\xa0\
\xff\xb1\xa8\x9f\xff\xb1\xa8\x9f\xff\xb1\xa8\x9f\xff\xb0\xa8\x9f\
\xff\xb0\xa7\x9f\xff\xb0\xa7\x9e\xff\xb0\xa7\x9e\xff\xb0\xa7\x9e\
\xff\xaf\xa6\x9e\xff\xaf\xa6\x9d\xff\xaf\xa6\x9d\xff\xae\xa6\x9d\
\xff\xae\xa6\x9d\xff\xae\xa5\x9d\xff\xae\xa5\x9c\xff\xad\xa5\x9c\
\xff\xad\xa5\x9c\xff\xad\xa5\x9c\xff\xad\xa4\x9c\xff\xac\xa4\x9b\
\xff\xac\xa4\x9b\xff\xac\xa4\x9b\xff\xac\xa3\x9b\xff\xac\xa3\x9b\
\xff\xab\xa3\x9a\xff\xab\xa3\x9a\xff\xab\xa3\x9a\xff\xab\xa2\x9a\
\xff\xaa\xa2\x9a\xff\xaa\xa2\x99\xff\xaa\xa2\x99\xff\xa9\xa1\x99\
\xff\xa9\xa1\x99\xff\xa9\xa1\x98\xff\xa9\xa1\x98\xff\xa8\xa0\x98\
\xff\xa8\xa0\x98\xff\xa8\xa0\x98\xff\xa8\xa0\x97\xff\xa8\xa0\x97\
\xff\xa7\x9f\x97\xff\xa7\x9f\x97\xff\xa7\x9f\x97\xff\xa7\x9f\x96\
\xff\xa6\x9f\x96\xff\xa6\x9e\x96\xff\xa6\x9e\x96\xff\xa6\x9e\x95\
\xfd\xa5\x9d\x95\xf4\xa5\x9d\x94\xd1\xa5\x9d\x942\xb0\xa7\x9e\
\x02\xb2\xa9\xa0.\xb3\xa9\xa1\x81\xb3\xa9\xa1\x9e\xb3\xaa\xa1\
\xa1\xb3\xaa\xa1\xa1\xb3\xaa\xa1\xa1\xb3\xaa\xa1\xa1\xb3\xaa\xa1\
\xa1\xb2\xa9\xa0\xa1\xb2\xa9\xa0\xa1\xb2\xa9\xa0\xa1\xb2\xa9\xa0\
\xa1\xb1\xa9\xa0\xa1\xb1\xa8\x9f\xa1\xb1\xa8\x9f\xa1\xb1\xa8\x9f\
\xa1\xb0\xa8\x9f\xa1\xb0\xa7\x9f\xa1\xb0\xa7\x9e\xa1\xb0\xa7\x9e\
\xa1\xaf\xa7\x9e\xa1\xaf\xa6\x9e\xa1\xaf\xa6\x9d\xa1\xaf\xa6\x9d\
\xa1\xae\xa6\x9d\xa1\xae\xa6\x9d\xa1\xae\xa5\x9d\xa1\xae\xa5\x9c\
\xa1\xad\xa5\x9c\xa1\xad\xa5\x9c\xa1\xad\xa5\x9c\xa1\xad\xa4\x9c\
\xa1\xac\xa4\x9b\xa1\xac\xa4\x9b\xa1\xac\xa4\x9b\xa1\xac\xa3\x9b\
\xa1\xab\xa3\x9a\xa1\xab\xa3\x9a\xa1\xab\xa3\x9a\xa1\xab\xa3\x9a\
\xa1\xab\xa2\x9a\xa1\xaa\xa2\x99\xa1\xaa\xa2\x99\xa1\xaa\xa2\x99\
\xa1\xa9\xa1\x99\xa1\xa9\xa1\x99\xa1\xa9\xa1\x98\xa1\xa9\xa1\x98\
\xa1\xa8\xa0\x98\xa1\xa8\xa0\x98\xa1\xa8\xa0\x98\xa1\xa8\xa0\x97\
\xa1\xa7\x9f\x97\xa1\xa7\x9f\x97\xa1\xa7\x9f\x97\xa1\xa7\x9f\x97\
\xa1\xa7\x9f\x96\xa1\xa6\x9e\x96\xa1\xa6\x9e\x96\xa1\xa6\x9e\x95\
\x9e\xa6\x9d\x95\x82\xa5\x9d\x953\xa3\x9d\x96\x03\x00\x00\x00\
\x00\x00\x00\x00\x00\x00\x00\x00\x00\x00\x00\x00\x00\x00\x00\x00\
\x00\x00\x00\x00\x00\x00\x00\x00\x00\x00\x00\x00\x00\x00\x00\x00\
\x00\x00\x00\x00\x00\x00\x00\x00\x00\x00\x00\x00\x00\x00\x00\x00\
\x00\x00\x00\x00\x00\x00\x00\x00\x00\x00\x00\x00\x00\x00\x00\x00\
\x00\x00\x00\x00\x00\x00\x00\x00\x00\x00\x00\x00\x00\x00\x00\x00\
\x00\x00\x00\x00\x00\x00\x00\x00\x00\x00\x00\x00\x00\x00\x00\x00\
\x00\x00\x00\x00\x00\x00\x00\x00\x00\x00\x00\x00\x00\x00\x00\x00\
\x00\x00\x00\x00\x00\x00\x00\x00\x00\x00\x00\x00\x00\x00\x00\x00\
\x00\x00\x00\x00\x00\x00\x00\x00\x00\x00\x00\x00\x00\x00\x00\x00\
\x00\x00\x00\x00\x00\x00\x00\x00\x00\x00\x00\x00\x00\x00\x00\x00\
\x00\x00\x00\x00\x00\x00\x00\x00\x00\x00\x00\x00\x00\x00\x00\x00\
\x00\x00\x00\x00\x00\x00\x00\x00\x00\x00\x00\x00\x00\x00\x00\x00\
\x00\x00\x00\x00\x00\x00\x00\x00\x00\x00\x00\x00\x00\x00\x00\x00\
\x00\x00\x00\x00\x00\x00\x00\x00\x00\x00\x00\x00\x00\x00\x00\x00\
\x00\x00\x00\x00\x00\x00\x00\x00\x00\x00\x00\x00\x00\x00\x00\x00\
\x00\x00\x00\x00\x00\x00\x00\x00\x00\x00\x00\x00\x00\x00\x00\x00\
\x00\x00\x00\x00\x00\x00\x00\x00\x00\x00\x00\x00\x00\x00\x00\x00\
\x00\x00\x00\x00\x00\x00\x00\x00\x00\x00\x00\x00\x00\x00\x00\x00\
\x00\x00\x00\x00\x00\x00\x00\x00\x00\x00\x00\x00\x00\x00\x00\x00\
\x00\x00\x00\x00\x00\x00\x00\x00\x00\x00\x00\x00\x00\x00\x00\x00\
\x00\x00\x00\x00\x00\x00\x00\x00\x00\x00\x00\x00\x00\x00\x00\x00\
\x00\x00\x00\x00\x00\x00\x00\x00\x00\x00\x00\x00\x00\x00\x00\x00\
\x00\x00\x00\x00\x00\x00\x00\x00\x00\x00\x00\x00\x00\x00\x00\x00\
\x00\x00\x00\x00\x00\x00\x00\x00\x00\x00\x00\x00\x00\x00\x00\x00\
\x00\x00\x00\x00\x00\x00\x00\x00\x00\x00\x00\x00\x00\x00\x00\x00\
\x00\x00\x00\x00\x00\x00\x00\x00\x00\x00\x00\x00\x00\x00\x00\x00\
\x00\x00\x00\x00\x00\x00\x00\x00\x00\x00\x00\x00\x00\x00\x00\x00\
\x00\x00\x00\x00\x00\x00\x00\x00\x00\x00\x00\x00\x00\x00\x00\x00\
\x00\x00\x00\x00\x00\x00\x00\x00\x00\x00\x00\x00\x00\x00\x00\x00\
\x00\x00\x00\x00\x00\x00\x00\x00\x00\x00\x00\x00\x00\x00\x00\x00\
\x00\x00\x00\x00\x00\x00\x00\x00\x00\x00\x00\x00\x00\x00\x00\x00\
\x00\x00\x00\x00\x00\x00\x00\x00\x00\x00\x00\x00\x00\x00\x00\x00\
\x00\x00\x00\x00\x00\x00\x00\x00\x00\x00\x00\x00\x00\x00\x00\x00\
\x00\x00\x00\x00\x00\x00\x00\x00\x00\x00\x00\x00\x00\x00\x00\x00\
\x00\x00\x00\x00\x00\x00\x00\x00\x00\x00\x00\x00\x00\x00\x00\x00\
\x00\x00\x00\x00\x00\x00\x00\x00\x00\x00\x00\x00\x00\x00\x00\x00\
\x00\x00\x00\x00\x00\x00\x00\x00\x00\x00\x00\x00\x00\x00\x00\x00\
\x00\x00\x00\x00\x00\x00\x00\x00\x00\x00\x00\x00\x00\x00\x00\x00\
\x00\x00\x00\x00\x00\x00\x00\x00\x00\x00\x00\x00\x00\x00\x00\x00\
\x00\x00\x00\x00\x00\x00\x00\x00\x00\x00\x00\x00\x00\x00\x00\x00\
\x00\x00\x00\x00\x00\x00\x00\x00\x00\x00\x00\x00\x00\x00\x00\x00\
\x00\x00\x00\x00\x00\x00\x00\x00\x00\x00\x00\x00\x00\x00\x00\x00\
\x00\x00\x00\x00\x00\x00\x00\x00\x00\x00\x00\x00\x00\x00\x00\x00\
\x00\x00\x00\x00\x00\x00\x00\x00\x00\x00\x00\x00\x00\x00\x00\x00\
\x00\x00\x00\x00\x00\x00\x00\x00\x00\x00\x00\x00\x00\x00\x00\x00\
\x00\x00\x00\x00\x00\x00\x00\x00\x00\x00\x00\x00\x00\x00\x00\x00\
\x00\x00\x00\x00\x00\x00\x00\x00\x00\x00\x00\x00\x00\x00\x00\x00\
\x00\x00\x00\x00\x00\x00\x00\x00\x00\x00\x00\x00\x00\xff\xff\xff\
\xff\xff\xff\xff\xff\xff\xfe\x00\x00\x00\x00\x7f\xff\xff\xfe\x00\
\x00\x00\x00\x7f\xff\xff\xfe\x00\x00\x00\x00\x7f\xff\xff\xfe\x00\
\x00\x00\x00\x7f\xff\xff\xfe\x00\x00\x00\x00\x7f\xff\xff\xfe\x00\
\x00\x00\x00\x7f\xff\xff\xfe\x00\x00\x00\x00\x7f\xff\xff\xfe\x00\
\x00\x00\x00\x7f\xff\xff\xff\xff\x80\x01\xff\xff\xff\xff\xff\xff\
\x80\x01\xff\xff\xff\xff\xff\xff\x80\x01\xff\xff\xff\xff\xff\xff\
\x80\x01\xff\xff\xff\x00\x00\x00\x00\x00\x00\x00\x00\x00\x00\x00\
\x00\x00\x00\x00\x00\x00\x00\x00\x00\x00\x00\x00\x00\x00\x00\x00\
\x00\x00\x00\x00\x00\x00\x00\x00\x00\x00\x00\x00\x00\x00\x00\x00\
\x00\x00\x00\x00\x00\x00\x00\x00\x00\x00\x00\x00\x00\x00\x00\x00\
\x00\x00\x00\x00\x00\x00\x00\x00\x00\x00\x00\x00\x00\x00\x00\x00\
\x00\x00\x00\x00\x00\x00\x00\x00\x00\x00\x00\x00\x00\x00\x00\x00\
\x00\x00\x00\x00\x00\x00\x00\x00\x00\x00\x00\x00\x00\x00\x00\x00\
\x00\x00\x00\x00\x00\x00\x00\x00\x00\x00\x00\x00\x00\x00\x00\x00\
\x00\x00\x00\x00\x00\x00\x00\x00\x00\x00\x00\x00\x00\x00\x00\x00\
\x00\x00\x00\x00\x00\x00\x00\x00\x00\x00\x00\x00\x00\x00\x00\x00\
\x00\x00\x00\x00\x00\x00\x00\x00\x00\x00\x00\x00\x00\x00\x00\x00\
\x00\x00\x00\x00\x00\x00\x00\x00\x00\x00\x00\x00\x00\x00\x00\x00\
\x00\x00\x00\x00\x00\x00\x00\x00\x00\x00\x00\x00\x00\x00\x00\x00\
\x00\x00\x00\x00\x00\x00\x00\x00\x00\x00\x00\x00\x00\x00\x00\x00\
\x00\x00\x00\x00\x00\x00\x00\x00\x00\x00\x00\x00\x00\x00\x00\x00\
\x00\x00\x00\x00\x00\x00\x00\x00\x00\x00\x00\x00\x00\x00\x00\x00\
\x00\x00\x00\x00\x00\x00\x00\x00\x00\x00\x00\x00\x00\x00\x00\x00\
\x00\x00\x00\x00\x00\x00\x00\x00\x00\x00\x00\x00\x00\x00\x00\x00\
\x00\x00\x00\x00\x00\x00\x00\x00\x00\x00\x00\x00\x00\x00\x00\x00\
\x00\x00\x00\x00\x00\x00\x00\x00\x00\x00\x00\x00\x00\x00\x00\x00\
\x00\x00\x00\x00\x00\x00\x00\x00\x00\x00\x00\x00\x00\x00\x00\x00\
\x00\x00\x00\x00\x00\x00\x00\x00\x00\x00\x00\x00\x00\x00\x00\x00\
\x00\x00\x00\x00\x00\x00\x00\x00\x00\x00\x00\x00\x00\x00\x00\x00\
\x00\x00\x00\x00\x00\x00\x00\x00\x00\x00\x00\x00\x00\x00\x00\x00\
\x00\x00\x00\x00\x00\xff\xff\xff\xff\xff\xff\xff\xff\xff\xff\xff\
\xff\xff\xff\xff\xff\xff\xff\xff\xff\xff\xff\xff\xff(\x00\x00\
\x000\x00\x00\x00`\x00\x00\x00\x01\x00 \x00\x00\x00\x00\
\x00\x80%\x00\x00\x00\x00\x00\x00\x00\x00\x00\x00\x00\x00\x00\
\x00\x00\x00\x00\x00\x00\x00\x00\x00\x00\x00\x00\x00\x00\x00\x00\
\x00\x00\x00\x00\x00\x00\x00\x00\x00\x00\x00\x00\x00\x00\x00\x00\
\x00\x00\x00\x00\x00\x00\x00\x00\x00\x00\x00\x00\x00\x00\x00\x00\
\x00\x85|q\x01\x85|q\x0f\x85|q\x10\x85|q\
\x10\x84{p\x10\x85|q\x10\x85|q\x10\x84{p\
\x10\x86}r\x10\x86}r\x10\x86}r\x10\x86}r\
\x10\x86}r\x10\x86}r\x10\x86}r\x10\x86}r\
\x10\x86}r\x10\x86}r\x10\x86}r\x10\x84{p\
\x10\x85|q\x10\x84{p\x10\x85|q\x10\x85|q\
\x10\x84{q\x0f\x84|q\x01\x00\x00\x00\x00\x00\x00\x00\
\x00\x00\x00\x00\x00\x00\x00\x00\x00\x00\x00\x00\x00\x00\x00\x00\
\x00\x00\x00\x00\x00\x00\x00\x00\x00\x00\x00\x00\x00\x00\x00\x00\
\x00\x00\x00\x00\x00\x00\x00\x00\x00\x00\x00\x00\x00\x00\x00\x00\
\x00\x00\x00\x00\x00\x00\x00\x00\x00\x00\x00\x00\x00\x00\x00\x00\
\x00\x00\x00\x00\x00\x00\x00\x00\x00\x00\x00\x00\x00\x00\x00\x00\
\x00\x85|q3\x85|q\xa3\x85|q\xa8\x84{p\
\xa8\x86}r\xa8\x84{p\xa8\x84{p\xa8\x86}r\
\xa8\x84{p\xa8\x84{p\xa8\x86}r\xa8\x84{p\
\xa8\x84{p\xa8\x86}r\xa8\x84{p\xa8\x84{p\
\xa8\x86}r\xa8\x84{p\xa8\x84{p\xa8\x86}r\
\xa8\x84{p\xa8\x86}r\xa8\x84{p\xa8\x84{q\
\xa8\x86}q\xa2\x86zo2\x00\x00\x00\x00\x00\x00\x00\
\x00\x00\x00\x00\x00\x00\x00\x00\x00\x00\x00\x00\x00\x00\x00\x00\
\x00\x00\x00\x00\x00\x00\x00\x00\x00\x00\x00\x00\x00\x00\x00\x00\
\x00\x00\x00\x00\x00\x00\x00\x00\x00\x00\x00\x00\x00\x00\x00\x00\
\x00\x00\x00\x00\x00\x00\x00\x00\x00\x00\x00\x00\x00\x00\x00\x00\
\x00\x00\x00\x00\x00\x00\x00\x00\x00\x00\x00\x00\x00\x00\x00\x00\
\x00\x85|q\x8b\x84{p\xff\x84{p\xff\x84{p\
\xff\x86}r\xff\x84{p\xff\x84{p\xff\x86}r\
\xff\x84{p\xff\x84{p\xff\x86}r\xff\x84{p\
\xff\x84{p\xff\x86}r\xff\x84{p\xff\x84{p\
\xff\x86}r\xff\x84{p\xff\x84{p\xff\x86}r\
\xff\x84{p\xff\x86}r\xff\x84{p\xff\x84{p\
\xff\x86}q\xff\x84|o\x8b\x00\x00\x00\x00\x00\x00\x00\
\x00\x00\x00\x00\x00\x00\x00\x00\x00\x00\x00\x00\x00\x00\x00\x00\
\x00\x00\x00\x00\x00\x00\x00\x00\x00\x00\x00\x00\x00\x00\x00\x00\
\x00\x00\x00\x00\x00\x00\x00\x00\x00\x00\x00\x00\x00\x00\x00\x00\
\x00\x00\x00\x00\x00\x00\x00\x00\x00\x00\x00\x00\x00\x00\x00\x00\
\x00\x00\x00\x00\x00\x00\x00\x00\x00\x00\x00\x00\x00\x00\x00\x00\
\x00\x84{p\xa1\x86}r\xff\x86}r\xff\x86}r\
\xff\x86}r\xff\x86}r\xff\x86}r\xff\x86}r\
\xff\x86}r\xff\x86}r\xff\x86}r\xff\x86}r\
\xff\x86}r\xff\x86}r\xff\x86}r\xff\x86}r\
\xff\x86}r\xff\x86}r\xff\x86}r\xff\x86}r\
\xff\x86}r\xff\x86}r\xff\x86}r\xff\x86}r\
\xff\x86}r\xff\x84{p\xa1\x00\x00\x00\x00\x00\x00\x00\
\x00\x00\x00\x00\x00\x00\x00\x00\x00\x00\x00\x00\x00\x00\x00\x00\
\x00\x00\x00\x00\x00\x00\x00\x00\x00\x00\x00\x00\x00\x00\x00\x00\
\x00\x00\x00\x00\x00\x00\x00\x00\x00\x00\x00\x00\x00\x00\x00\x00\
\x00\x00\x00\x00\x00\x00\x00\x00\x00\x00\x00\x00\x00\x00\x00\x00\
\x00\x00\x00\x00\x00\x00\x00\x00\x00\x00\x00\x00\x00\x00\x00\x00\
\x00\x85|q\xa0\x84{p\xff\x84{p\xfd\x84{p\
\xfd\x86}r\xff\x84{p\xfd\x84{p\xfd\x86}r\
\xff\x84{p\xfd\x84{p\xfd\x86}r\xff\x84{p\
\xfd\x84{p\xfd\x86}r\xff\x84{p\xfd\x84{p\
\xfd\x86}r\xff\x84{p\xfd\x84{p\xfd\x86}r\
\xff\x84{p\xfd\x86}r\xff\x84{p\xfd\x84{p\
\xfd\x86}r\xff\x85|q\xa0\x00\x00\x00\x00\x00\x00\x00\
\x00\x00\x00\x00\x00\x00\x00\x00\x00\x00\x00\x00\x00\x00\x00\x00\
\x00\x00\x00\x00\x00\x00\x00\x00\x00\x00\x00\x00\x00\x00\x00\x00\
\x00\x00\x00\x00\x00\x00\x00\x00\x00\x00\x00\x00\x00\x00\x00\x00\
\x00\x00\x00\x00\x00\x00\x00\x00\x00\x00\x00\x00\x00\x00\x00\x00\
\x00\x00\x00\x00\x00\x00\x00\x00\x00\x00\x00\x00\x00\x00\x00\x00\
\x00\x87~st\x84{p\xff\x84{p\xff\x84{p\
\xff\x86}r\xff\x84{p\xff\x84{p\xff\x86}r\
\xff\x85{p\xfe\x85{p\xfd\x86}r\xff\x85{p\
\xfd\x85{p\xfd\x86}r\xff\x85{p\xfd\x85{p\
\xfd\x86}r\xff\x85{p\xfe\x84{p\xff\x86}r\
\xff\x84{p\xff\x86}r\xff\x84{p\xff\x84{p\
\xff\x84{p\xff\x86}rs\x00\x00\x00\x00\x00\x00\x00\
\x00\x00\x00\x00\x00\x00\x00\x00\x00\x00\x00\x00\x00\x00\x00\x00\
\x00\x00\x00\x00\x00\x00\x00\x00\x00\x00\x00\x00\x00\x00\x00\x00\
\x00\x00\x00\x00\x00\x00\x00\x00\x00\x00\x00\x00\x00\x00\x00\x00\
\x00\x00\x00\x00\x00\x00\x00\x00\x00\x00\x00\x00\x00\x00\x00\x00\
\x00\x00\x00\x00\x00\x00\x00\x00\x00\x00\x00\x00\x00\x00\x00\x00\
\x00\x8b\x83z\x0b\x89\x80tI\x88\x7fuN\x87~s\
N\x87~tN\x86~rN\x86}sM\x85~r\
l\x84|q\xe9\x84|q\xff\x84|q\xff\x84|q\
\xff\x84|q\xff\x84|q\xff\x84|q\xff\x84|q\
\xff\x84|q\xff\x84|q\xe9\x86|rl\x86}s\
M\x86}sN\x86}sN\x87~rN\x87~t\
N\x87~sI\x89\x82v\x0b\x00\x00\x00\x00\x00\x00\x00\
\x00\x00\x00\x00\x00\x00\x00\x00\x00\x00\x00\x00\x00\x00\x00\x00\
\x00\x00\x00\x00\x00\x00\x00\x00\x00\x00\x00\x00\x00\x00\x00\x00\
\x00\x00\x00\x00\x00\x00\x00\x00\x00\x00\x00\x00\x00\x00\x00\x00\
\x00\x00\x00\x00\x00\x00\x00\x00\x00\x00\x00\x00\x00\x00\x00\x00\
\x00\x00\x00\x00\x00\x00\x00\x00\x00\x00\x00\x00\x00\x00\x00\x00\
\x00\x00\x00\x00\x00\x00\x00\x00\x00\x00\x00\x00\x00\x00\x00\x00\
\x00\x00\x00\x00\x00\x00\x00\x00\x00\x00\x00\x00\x00\x8a\x80q\
){ri\xdf|sj\xfe|tk\xff|sj\
\xfd|sj\xfd|tk\xff|sj\xfd|sj\
\xfd|tk\xff{ri\xde\x88\x7fp)\x00\x00\x00\
\x00\x00\x00\x00\x00\x00\x00\x00\x00\x00\x00\x00\x00\x00\x00\x00\
\x00\x00\x00\x00\x00\x00\x00\x00\x00\x00\x00\x00\x00\x00\x00\x00\
\x00\x00\x00\x00\x00\x00\x00\x00\x00\x00\x00\x00\x00\x00\x00\x00\
\x00\x00\x00\x00\x00\x00\x00\x00\x00\x00\x00\x00\x00\x00\x00\x00\
\x00\x00\x00\x00\x00\x00\x00\x00\x00\x00\x00\x00\x00\x00\x00\x00\
\x00\x00\x00\x00\x00\x00\x00\x00\x00\x00\x00\x00\x00\x00\x00\x00\
\x00\x00\x00\x00\x00\x00\x00\x00\x00\x00\x00\x00\x00\x00\x00\x00\
\x00\x00\x00\x00\x00\x00\x00\x00\x00\x00\x00\x00\x00\x00\x00\x00\
\x00\x00\x00\x00\x00\x00\x00\x00\x00\x00\x00\x00\x00\x8c\x81h\
*kc^\xdfld^\xfele^\xffld^\
\xfdld^\xfdle^\xffld^\xfdld^\
\xfdle^\xffkc^\xde\x8a\x81g*\x00\x00\x00\
\x00\x00\x00\x00\x00\x00\x00\x00\x00\x00\x00\x00\x00\x00\x00\x00\
\x00\x00\x00\x00\x00\x00\x00\x00\x00\x00\x00\x00\x00\x00\x00\x00\
\x00\x00\x00\x00\x00\x00\x00\x00\x00\x00\x00\x00\x00\x00\x00\x00\
\x00\x00\x00\x00\x00\x00\x00\x00\x00\x00\x00\x00\x00\x00\x00\x00\
\x00\x00\x00\x00\x00\xb9\xa2w\x01\xb6\xa2}\x0f\xb7\xa2z\
\x1c\xb7\xa3x\x1e\xb8\xa3w\x1e\xb8\xa3v\x1e\xb6\xa2u\
\x1e\xb5\xa1r\x1e\xb4\xa0o\x1e\xb3\x9fo\x1e\xb1\x9eo\
\x1e\xaf\x9do\x1e\xad\x9co\x1e\xab\x9bp\x1e\xa8\x99p\
\x1e\xa5\x97p\x1e\xa3\x96o\x1e\xa1\x94o\x1d\x91\x87i\
E`\x5cW\xe3a\x5cX\xffa\x5cX\xffa\x5cX\
\xffa\x5cX\xffa\x5cW\xffa]W\xffa]W\
\xffa]W\xffa[W\xe3\x8f\x87jE\x9d\x95o\
\x1d\x9e\x95n\x1e\xa0\x97n\x1e\xa1\x99m\x1e\xa4\x9bm\
\x1e\xa6\x9dm\x1e\xa7\x9fl\x1e\xa8\xa0k\x1e\xa9\xa1k\
\x1e\xab\xa3j\x1e\xab\xa3l\x1e\xab\xa4n\x1e\xad\xa5n\
\x1e\xad\xa6n\x1e\xad\xa6n\x1e\xac\xa5o\x1c\xac\xa5q\
\x0f\xaf\xa8j\x01\xb0\xa2\x8a+\xa8\xa0\x9b\x90\xa8\xa0\x9a\
\xbd\xa9\xa0\x9a\xc4\xa8\x9f\x99\xc4\xa7\x9f\x99\xc4\xa8\xa1\x99\
\xc4\xa7\x9f\x98\xc4\xa6\x9e\x98\xc4\xa7\xa0\x98\xc4\xa6\x9e\x97\
\xc4\xa6\x9f\x98\xc4\xa5\x9e\x97\xc4\xa5\x9e\x96\xc4\xa4\x9e\x96\
\xc4\xa6\x9e\x97\xc4\xa5\x9d\x96\xc4\xa4\x9d\x95\xc3\xa1\x99\x92\
\xce\x93\x8c\x84\xf6\x92\x8c\x83\xfe\x92\x8b\x84\xff\x92\x8b\x84\
\xfd\x91\x8b\x84\xfd\x91\x89\x82\xff\x91\x8a\x83\xfd\x8f\x8a\x83\
\xfd\x8f\x88\x81\xff\x90\x89\x82\xf6\x9d\x96\x8f\xce\xa1\x9a\x92\
\xc3\xa0\x99\x91\xc4\xa0\x99\x92\xc4\x9e\x97\x91\xc4\x9e\x97\x91\
\xc4\x9e\x97\x91\xc4\x9d\x96\x90\xc4\x9d\x96\x90\xc4\x9d\x96\x90\
\xc4\x9c\x95\x8f\xc4\x9c\x95\x8f\xc4\x9d\x96\x90\xc4\x9c\x95\x8f\
\xc4\x9c\x95\x8f\xc4\x9d\x96\x90\xc4\x9b\x95\x8e\xbd\x9a\x93\x8f\
\x8f\xa4\x9e~)\xa9\xa1\x9a\xa1\xaa\xa2\x9a\xf7\xa9\xa0\x99\
\xfe\xa9\xa2\x9a\xff\xa8\xa0\x9a\xff\xa8\xa0\x9b\xff\xa8\xa0\x99\
\xff\xa7\x9f\x99\xff\xa7\x9f\x9a\xff\xa7\x9f\x98\xff\xa7\x9f\x98\
\xff\xa6\x9f\x98\xff\xa6\x9e\x98\xff\xa5\x9e\x97\xff\xa5\x9d\x97\
\xff\xa5\x9d\x97\xff\xa4\x9d\x96\xff\xa4\x9d\x96\xff\xa4\x9c\x97\
\xff\xa3\x9d\x96\xff\xa3\x9d\x96\xff\xa3\x9c\x96\xff\xa4\x9c\x96\
\xff\xa2\x9c\x96\xff\xa2\x9b\x95\xff\xa3\x9b\x95\xff\xa1\x9b\x95\
\xff\xa1\x9a\x94\xff\xa0\x99\x94\xff\xa0\x99\x93\xff\xa0\x99\x93\
\xff\x9f\x98\x92\xff\x9f\x98\x92\xff\x9f\x98\x92\xff\x9f\x97\x91\
\xff\x9f\x97\x91\xff\x9e\x97\x91\xff\x9e\x96\x90\xff\x9e\x96\x90\
\xff\x9d\x96\x90\xff\x9d\x96\x90\xff\x9d\x96\x90\xff\x9d\x96\x90\
\xff\x9d\x96\x90\xff\x9d\x96\x90\xff\x9c\x96\x8e\xfe\x9d\x96\x8e\
\xf6\x9b\x95\x8e\x9c\xab\xa3\x9a\xfa\xa9\xa1\x99\xfe\xb3\xa2\x83\
\xfe\xbf\xa1l\xff\xbe\xa2l\xfd\xbe\xa3l\xfd\xbd\xa4l\
\xff\xbd\xa4l\xfd\xbc\xa5k\xfd\xbc\xa5k\xff\xbc\xa6k\
\xfd\xbb\xa6k\xff\xbb\xa6k\xfd\xba\xa7k\xfd\xba\xa7k\
\xfd\xba\xa8k\xff\xb9\xa8k\xfd\xb9\xa8k\xfd\xb9\xa9j\
\xff\xb8\xa9j\xfd\xb8\xa9j\xfd\xb7\xaaj\xff\xb7\xaaj\
\xfd\xb7\xaai\xfd\xb6\xaaj\xff\xb6\xaai\xfd\xb6\xaai\
\xfd\xb6\xaaj\xff\xb5\xabi\xfd\xb5\xabi\xfd\xb5\xaai\
\xff\xb4\xabi\xfd\xb4\xabi\xff\xb4\xabh\xfd\xb4\xabh\
\xfd\xb4\xabh\xff\xb3\xabg\xfd\xb3\xabg\xfd\xb3\xabh\
\xff\xb2\xabg\xfd\xb2\xabg\xfd\xb2\xabg\xff\xb2\xabg\
\xfd\xb2\xabg\xfd\xb2\xabf\xff\xa6\x9f{\xfe\x9c\x95\x8e\
\xfe\x9d\x96\x8e\xf9\xaa\xa3\x99\xff\xa9\xa1\x9c\xfd\xc6\xa1\x5c\
\xfd\xe7\xa4\x18\xff\xe5\xa6\x19\xfd\xe4\xa8\x19\xfd\xe4\xab\x1a\
\xff\xe3\xad\x1a\xfd\xe2\xaf\x1a\xfd\xe2\xb1\x1b\xff\xe1\xb2\x1a\
\xfd\xe1\xb4\x1b\xff\xe0\xb5\x1b\xfd\xe0\xb7\x1b\xfe\xe0\xb9\x1b\
\xfd\xe0\xba\x1d\xff\xdf\xbb\x1b\xfd\xde\xbd\x1b\xfd\xdf\xc0\x1d\
\xff\xde\xc1\x1b\xfd\xdd\xc2\x1d\xfd\xde\xc4\x1e\xff\xdd\xc5\x1c\
\xfd\xdc\xc6\x1c\xfd\xdc\xc7\x1e\xff\xdc\xc8\x1c\xfd\xdb\xc9\x1c\
\xfd\xdc\xca\x1e\xff\xdb\xca\x1e\xfd\xdb\xcb\x1e\xfd\xdb\xcc\x1f\
\xff\xda\xcc\x1d\xfd\xda\xcd\x1f\xff\xd9\xcd\x1e\xfd\xd9\xce\x1e\
\xfd\xda\xcf\x1f\xff\xd9\xcf\x1e\xfd\xd9\xd0\x1e\xfd\xd9\xd0\x1f\
\xff\xd8\xd1\x1e\xfd\xd8\xd1\x1f\xfd\xd9\xd1\x1f\xff\xd8\xd2\x1f\
\xfd\xd8\xd2\x1f\xfd\xd9\xd3\x1d\xff\xb8\xb2Y\xfd\x9b\x94\x90\
\xfe\x9d\x96\x8e\xfe\xac\xa3\x9b\xff\xa9\xa1\x9c\xfd\xc5\xa0_\
\xfd\xe6\xa3\x1b\xff\xe3\xa3\x1c\xfd\xe4\xa5\x1c\xfd\xe2\xa9\x1e\
\xff\xe1\xab\x1e\xfd\xe2\xad\x1d\xfd\xe0\xaf\x1f\xff\xdf\xb1\x1d\
\xfd\xe1\xb3\x1f\xff\xde\xb4\x1f\xfd\xde\xb4\x1f\xfd\xde\xb7\x1e\
\xfd\xdf\xb9 \xff\xdd\xba\x1e\xfd\xde\xba\x1e\xfd\xde\xbd \
\xff\xdc\xbe\x1e\xfd\xdd\xbe\x1e\xfd\xdd\xc1 \xff\xdb\xc2 \
\xfd\xdc\xc2\x1f\xfd\xdc\xc5!\xff\xda\xc6\x1f\xfd\xdb\xc7\x1f\
\xfd\xdb\xc8!\xff\xd9\xc7\x1f\xfd\xd9\xc9\x1f\xfd\xda\xca!\
\xff\xd8\xc9 \xfd\xda\xcb\x22\xff\xd8\xcc \xfd\xd9\xcb \
\xfd\xd9\xcd\x22\xff\xd7\xcc \xfd\xd7\xce \xfd\xd7\xcd\x22\
\xff\xd8\xcf \xfd\xd6\xcf \xfd\xd8\xce\x22\xff\xd6\xd0\x22\
\xfd\xd6\xd0\x22\xfd\xd9\xd1\x1f\xff\xb7\xb1[\xfd\x9b\x94\x90\
\xfd\x9c\x95\x8d\xfd\xac\xa4\x9b\xff\xaa\xa3\x9d\xff\xc6\xa0_\
\xff\xe7\xa0\x1a\xff\xe4\xa3\x1c\xff\xe5\xa5\x1e\xff\xe4\xa7\x1e\
\xff\xe3\xa9\x1e\xff\xe1\xab\x1e\xff\xe2\xad\x1d\xff\xe0\xaf\x1f\
\xff\xe1\xb1\x1f\xff\xdf\xb3\x1f\xff\xe0\xb4\x1f\xff\xe0\xb4\x1f\
\xff\xe0\xb7\x1e\xff\xdf\xb8\x1e\xff\xdf\xb8 \xff\xdf\xbb \
\xff\xde\xbb \xff\xde\xbe \xff\xdc\xbf \xff\xdd\xbf \
\xff\xdd\xc2 \xff\xdb\xc3\x1f\xff\xdc\xc4!\xff\xdc\xc5!\
\xff\xdc\xc6!\xff\xdb\xc7!\xff\xdb\xc8!\xff\xdb\xc9!\
\xff\xd9\xc9!\xff\xd9\xc8 \xff\xda\xc9!\xff\xda\xcb!\
\xff\xda\xca \xff\xd9\xcc\x22\xff\xd9\xcb\x22\xff\xd9\xcd\x22\
\xff\xd9\xcd\x22\xff\xd9\xcc\x22\xff\xd9\xce\x22\xff\xd7\xce\x22\
\xff\xd8\xcd\x22\xff\xd9\xd0\x1f\xff\xb8\xb0[\xff\x9c\x96\x91\
\xff\x9e\x97\x8f\xff\xac\xa4\x9b\xff\xa9\xa3\x9c\xfd\xc6\x9f^\
\xfd\xe8\x9d\x1a\xff\xe6\x9f\x1d\xfd\xe4\xa3\x1c\xfd\xe5\xa5\x1e\
\xff\xe4\xa5\x1c\xfd\xe2\xa9\x1c\xfd\xe3\xab\x1e\xff\xe2\xad\x1d\
\xfd\xe2\xaf\x1f\xff\xe1\xb1\x1d\xfd\xdf\xb2\x1d\xfd\xe0\xb3\x1d\
\xfd\xe0\xb3\x1f\xff\xde\xb6\x1f\xfd\xdf\xb8\x1e\xfd\xdf\xb9 \
\xff\xdd\xba\x1e\xfd\xde\xba\x1e\xfd\xde\xbd \xff\xdc\xbe\x1e\
\xfd\xdd\xbe\x1e\xfd\xdd\xc1 \xff\xdb\xc2\x1f\xfd\xdc\xc3\x1f\
\xfd\xdc\xc3!\xff\xda\xc5\x1f\xfd\xdb\xc5\x1f\xfd\xda\xc7!\
\xff\xdb\xc6\x1f\xfd\xdb\xc8!\xff\xd9\xc9\x1f\xfd\xda\xc8\x1f\
\xfd\xda\xca!\xff\xd8\xc9 \xfd\xd8\xc9 \xfd\xd8\xcb\x22\
\xff\xd9\xca \xfd\xd9\xcc \xfd\xd8\xcb\x22\xff\xd9\xcb \
\xfd\xd7\xcd \xfd\xda\xce\x1f\xff\xb8\xaf[\xfd\x9b\x94\x90\
\xfd\x9c\x95\x8d\xfd\xad\xa4\x9b\xff\xaa\xa3\x9c\xfd\xc7\x9e^\
\xfd\xe8\x9c\x1a\xff\xe5\x9d\x1b\xfd\xe6\x9f\x1d\xfd\xe4\xa3\x1e\
\xff\xe3\xa5\x1c\xfd\xe3\xa6\x1c\xfd\xe2\xa6\x18\xff\xe1\xa8\x17\
\xfd\xe1\xaa\x17\xff\xe0\xab\x18\xfd\xe0\xaf\x1b\xfd\xdf\xb0\x1d\
\xfd\xe0\xb3\x1f\xff\xde\xb3\x1f\xfd\xde\xb6\x1e\xfd\xde\xb6 \
\xff\xdf\xb7\x1e\xfd\xdd\xb8\x1e\xfd\xdd\xb9\x1a\xff\xdc\xba\x18\
\xfd\xdc\xbc\x18\xfd\xdc\xbd\x1a\xff\xdb\xbf\x1e\xfd\xdb\xc0\x1f\
\xfd\xdc\xc2\x1d\xff\xdb\xc1\x19\xfd\xd9\xc3\x19\xfd\xdb\xc4\x1a\
\xff\xd9\xc4\x19\xfd\xda\xc5\x1a\xff\xd8\xc6\x19\xfd\xd8\xc6\x19\
\xfd\xda\xc7\x1a\xff\xd8\xc7\x1a\xfd\xd9\xc7\x1a\xfd\xd9\xc8\x1a\
\xff\xd8\xc9\x1e\xfd\xd8\xcb \xfd\xda\xcb\x22\xff\xd8\xca \
\xfd\xd9\xcc \xfd\xda\xcd\x1f\xff\xb8\xae[\xfd\x9b\x94\x90\
\xfd\x9c\x95\x8d\xfd\xad\xa4\x9c\xff\xab\xa4\x9d\xff\xc8\x9d_\
\xff\xe9\x9a\x1a\xff\xe6\x9b\x1d\xff\xe7\x9d\x1d\xff\xe6\xa1\x1c\
\xff\xe4\xa2\x1c\xff\xe6\xa8*\xff\xf3\xdb\xa7\xff\xf6\xe5\xbb\
\xff\xf6\xe5\xbc\xff\xf4\xe2\xb1\xff\xe7\xc0R\xff\xe0\xaf\x1c\
\xff\xe1\xb2\x1f\xff\xe1\xb3\x1f\xff\xe0\xb3\x1f\xff\xe0\xb6\x1e\
\xff\xde\xb6\x1e\xff\xe1\xbc1\xff\xf4\xe8\xb9\xff\xf4\xea\xbb\
\xff\xf4\xeb\xbc\xff\xf1\xe6\xae\xff\xe3\xcbN\xff\xdc\xbd\x1a\
\xff\xe9\xd7|\xff\xf3\xec\xbb\xff\xf3\xec\xbb\xff\xf4\xec\xbb\
\xff\xf3\xed\xbb\xff\xf4\xed\xbb\xff\xf3\xed\xbb\xff\xf3\xed\xbb\
\xff\xf3\xee\xbb\xff\xf3\xed\xbb\xff\xf3\xed\xbb\xff\xf4\xef\xbe\
\xff\xe4\xd8i\xff\xd9\xc9\x1f\xff\xd9\xca \xff\xda\xca!\
\xff\xda\xc9!\xff\xdb\xcc\x1f\xff\xb9\xae[\xff\x9c\x96\x91\
\xff\x9e\x97\x8f\xff\xad\xa3\x9c\xff\xaa\xa4\x9d\xfd\xc8\x9c_\
\xfd\xea\x97\x19\xff\xe8\x9a\x1b\xfd\xe6\x9c\x1b\xfd\xe7\x9d\x1d\
\xff\xe5\x9f\x1c\xfd\xe7\xa80\xfd\xf9\xf2\xe6\xff\xfe\xff\xff\
\xfd\xff\xff\xff\xff\xfc\xfa\xf4\xfd\xea\xc7i\xfd\xe0\xab\x1a\
\xfd\xe1\xae\x1f\xff\xdf\xb1\x1d\xfd\xdf\xb2\x1d\xfd\xe0\xb2\x1f\
\xff\xde\xb4\x1d\xfd\xe2\xbe9\xfd\xfd\xfd\xfd\xff\xfe\xff\xff\
\xfd\xfe\xff\xff\xfd\xfc\xf9\xed\xff\xe6\xcfb\xfd\xdb\xba\x16\
\xfd\xef\xe1\xa6\xff\xff\xff\xff\xfd\xfe\xfe\xff\xfd\xff\xff\xff\
\xff\xfe\xfe\xff\xfd\xff\xff\xff\xff\xfe\xfe\xff\xfd\xfe\xfe\xff\
\xfd\xff\xff\xff\xff\xfe\xfe\xff\xfd\xfe\xfe\xff\xfd\xff\xff\xff\
\xff\xe8\xdd\x89\xfd\xda\xc7\x1e\xfd\xdb\xc7 \xff\xd9\xc9\x1f\
\xfd\xd9\xc9\x1f\xfd\xdb\xca\x1e\xff\xb9\xadZ\xfd\x9b\x94\x90\
\xfd\x9c\x95\x8d\xfd\xad\xa5\x9c\xff\xaa\xa4\x9d\xfd\xca\x9d_\
\xfd\xea\x95\x19\xff\xe7\x98\x1c\xfd\xe8\x9a\x1b\xfd\xe6\x9c\x1d\
\xff\xe6\x9d\x1a\xfd\xe7\xa60\xfd\xf9\xf0\xe3\xff\xfe\xfe\xff\
\xfd\xff\xff\xff\xff\xfc\xf9\xf1\xfd\xeb\xc6g\xfd\xe1\xa9\x1a\
\xfd\xe2\xad\x1f\xff\xe0\xaf\x1d\xfd\xe1\xaf\x1d\xfd\xe1\xb2\x1f\
\xff\xdf\xb1\x1c\xfd\xe3\xbb7\xfd\xfc\xfc\xfb\xff\xfe\xfe\xfe\
\xfd\xfe\xfe\xfe\xfd\xfb\xf7\xea\xff\xe7\xcea\xfd\xdd\xb9\x18\
\xfd\xe7\xd1r\xff\xfd\xfb\xf6\xfd\xfe\xfe\xff\xfd\xff\xff\xff\
\xff\xfd\xfd\xfd\xfd\xff\xff\xff\xff\xfe\xfe\xff\xfd\xfe\xff\xff\
\xfd\xff\xff\xff\xff\xfe\xff\xff\xfd\xfe\xff\xff\xfd\xff\xff\xff\
\xff\xe8\xdd\x8a\xfd\xda\xc6\x1e\xfd\xda\xc7 \xff\xdb\xc7\x1f\
\xfd\xdb\xc6\x1f\xfd\xdc\xc9\x1e\xff\xba\xadZ\xfd\x9c\x96\x91\
\xfd\x9c\x95\x8d\xfd\xae\xa5\x9d\xff\xab\xa5\x9e\xff\xc9\x9c_\
\xff\xec\x93\x19\xff\xe8\x96\x1c\xff\xe9\x98\x1b\xff\xe9\x9a\x1d\
\xff\xe7\x9b\x1c\xff\xe8\xa4.\xff\xfa\xf0\xe4\xff\xff\xff\xff\
\xff\xff\xff\xff\xff\xfc\xf9\xf1\xff\xec\xc4g\xff\xe3\xa7\x1a\
\xff\xe3\xab\x1d\xff\xe1\xab\x1d\xff\xe2\xae\x1f\xff\xe2\xb0\x1f\
\xff\xe0\xb0\x1d\xff\xe3\xbb7\xff\xfe\xfc\xfb\xff\xff\xff\xff\
\xff\xff\xff\xff\xff\xfb\xf7\xeb\xff\xe7\xccb\xff\xde\xb7\x1c\
\xff\xdf\xbc(\xff\xec\xdb\x95\xff\xfc\xfb\xf6\xff\xff\xff\xff\
\xff\xff\xff\xff\xff\xfe\xfd\xfd\xff\xf2\xe8\xb8\xff\xec\xdd\x89\
\xff\xec\xdd\x88\xff\xeb\xdd\x88\xff\xeb\xdd\x88\xff\xed\xdf\x8b\
\xff\xe2\xceP\xff\xdb\xc4 \xff\xdc\xc5 \xff\xdc\xc4!\
\xff\xdc\xc6!\xff\xdd\xc7\x1e\xff\xba\xaeZ\xff\x9d\x97\x92\
\xff\x9e\x97\x8f\xff\xae\xa5\x9d\xff\xab\xa4\x9e\xfd\xc9\x99_\
\xfd\xec\x91\x19\xff\xea\x92\x1a\xfd\xe8\x94\x1c\xfd\xe9\x98\x1d\
\xff\xe7\x98\x1a\xfd\xe8\xa2/\xfd\xfa\xef\xe3\xff\xfe\xfe\xff\
\xfd\xff\xff\xff\xff\xfc\xf8\xf0\xfd\xec\xc3g\xfd\xe3\xa4\x19\
\xfd\xe4\xa7\x1e\xff\xe3\xaa\x1e\xfd\xe1\xaa\x1d\xfd\xe2\xae\x1f\
\xff\xe0\xae\x1c\xfd\xe4\xb87\xfd\xfc\xfc\xfb\xff\xfe\xfe\xfe\
\xfd\xfe\xfe\xfe\xfd\xfb\xf7\xea\xff\xe7\xcaa\xfd\xde\xb6\x1c\
\xfd\xde\xb8\x1e\xff\xe1\xc0;\xfd\xf3\xe5\xb9\xfd\xfe\xff\xff\
\xff\xfd\xfd\xfe\xfd\xfe\xfe\xfe\xff\xf2\xe7\xb7\xfd\xe0\xc5;\
\xfd\xdc\xbd\x1a\xff\xdc\xbe\x1a\xfd\xdb\xbe\x1b\xfd\xdc\xbf\x1b\
\xff\xdb\xc1\x1e\xfd\xdc\xc1\x1f\xfd\xdb\xc3!\xff\xdc\xc3\x1f\
\xfd\xdc\xc2\x1f\xfd\xdd\xc5\x1e\xff\xba\xabZ\xfd\x9c\x96\x91\
\xfd\x9e\x97\x8f\xfd\xae\xa6\x9d\xff\xab\xa5\x9e\xfd\xca\x98_\
\xfd\xec\x8f\x19\xff\xe9\x91\x1a\xfd\xea\x92\x1a\xfd\xe8\x96\x1c\
\xff\xe8\x96\x1a\xfd\xe9\xa0/\xfd\xfa\xef\xe3\xff\xfe\xfe\xff\
\xfd\xff\xff\xff\xff\xfc\xf8\xf0\xfd\xec\xc1g\xfd\xe3\xa2\x19\
\xfd\xe3\xa6\x1e\xff\xe2\xa6\x1c\xfd\xe3\xa9\x1e\xfd\xe1\xab\x1d\
\xff\xe1\xab\x1c\xfd\xe4\xb67\xfd\xfc\xfc\xfb\xff\xfe\xfe\xfe\
\xfd\xfe\xfe\xfe\xfd\xfb\xf7\xea\xff\xe7\xc9`\xfd\xde\xb4\x1c\
\xfd\xe0\xb5\x1e\xff\xdf\xb7\x1f\xfd\xe5\xc6V\xfd\xfb\xf7\xed\
\xff\xfe\xfe\xff\xfd\xff\xff\xff\xff\xfc\xfb\xf5\xfd\xec\xda\x89\
\xfd\xde\xbe#\xff\xdc\xbd\x1e\xfd\xdd\xbd\x1e\xfd\xdc\xbf \
\xff\xdd\xbe\x1e\xfd\xdb\xc0 \xfd\xdd\xc1\x1f\xff\xdb\xc1 \
\xfd\xdb\xc1\x1f\xfd\xdd\xc3\x1e\xff\xbb\xacZ\xfd\x9c\x96\x91\
\xfd\x9d\x96\x8e\xfd\xaf\xa6\x9d\xff\xac\xa6\x9f\xff\xca\x97_\
\xff\xee\x8b\x18\xff\xec\x8d\x1a\xff\xea\x91\x1c\xff\xeb\x92\x1c\
\xff\xe9\x94\x1b\xff\xea\x9e.\xff\xfa\xef\xe4\xff\xff\xff\xff\
\xff\xff\xff\xff\xff\xfd\xf8\xf1\xff\xed\xbef\xff\xe5\x9e\x17\
\xff\xe5\xa2\x1a\xff\xe4\xa4\x1b\xff\xe3\xa5\x1b\xff\xe3\xa7\x1b\
\xff\xe2\xa8\x1a\xff\xe4\xb25\xff\xfd\xfc\xfb\xff\xff\xff\xff\
\xff\xff\xff\xff\xff\xfb\xf7\xea\xff\xe8\xc8a\xff\xe0\xb0\x1c\
\xff\xe1\xb4\x1f\xff\xdf\xb5\x1e\xff\xdf\xb3\x19\xff\xe9\xccm\
\xff\xfa\xf5\xe8\xff\xff\xfe\xff\xff\xff\xff\xff\xff\xfb\xfa\xf4\
\xff\xea\xd5~\xff\xde\xb9\x1c\xff\xde\xbc \xff\xde\xbb \
\xff\xde\xbd \xff\xde\xbc \xff\xde\xbe \xff\xde\xbd \
\xff\xde\xbd \xff\xdf\xbf\x1d\xff\xbc\xabZ\xff\x9e\x97\x92\
\xff\x9f\x98\x90\xff\xaf\xa6\x9d\xff\xac\xa5\x9e\xfd\xcb\x97^\
\xfd\xee\x88\x18\xff\xeb\x8c\x1b\xfd\xec\x8d\x1a\xfd\xea\x91\x1c\
\xff\xe9\x91\x19\xfd\xea\x9c/\xfd\xfa\xef\xe3\xff\xfe\xfe\xff\
\xfd\xff\xff\xff\xff\xfd\xf9\xf4\xfd\xf1\xcc\x88\xfd\xeb\xb3K\
\xfd\xeb\xb5N\xff\xea\xb6O\xfd\xe9\xb7O\xfd\xea\xb9O\
\xff\xe9\xbaN\xfd\xeb\xc2b\xfd\xfd\xfd\xfc\xff\xfe\xfe\xfe\
\xfd\xfe\xfe\xfe\xfd\xfb\xf6\xea\xff\xe9\xc6`\xfd\xe0\xae\x1b\
\xfd\xe1\xb2\x1f\xff\xdf\xb1\x1d\xfd\xdf\xb2\x1d\xfd\xe1\xb7(\
\xff\xee\xda\x9a\xfd\xfd\xfb\xf9\xff\xfe\xfe\xfe\xfd\xfe\xfe\xff\
\xfd\xfa\xf6\xe8\xff\xe1\xc1B\xfd\xdd\xb8\x1c\xfd\xdf\xba \
\xff\xdd\xbb\x1e\xfd\xde\xba\x1e\xfd\xdd\xbc \xff\xde\xbc\x1e\
\xfd\xde\xbb\x1e\xfd\xdf\xbd\x1d\xff\xbc\xa8[\xfd\x9d\x97\x92\
\xfd\x9f\x98\x90\xfd\xaf\xa6\x9e\xff\xac\xa5\x9f\xfd\xcb\x96_\
\xfd\xef\x86\x18\xff\xed\x89\x1b\xfd\xeb\x8a\x1a\xfd\xec\x8e\x1c\
\xff\xea\x8f\x19\xfd\xec\x9a-\xfd\xfa\xee\xe3\xff\xfe\xfe\xff\
\xfd\xff\xff\xff\xff\xfe\xfd\xfc\xfd\xfc\xf7\xed\xfd\xfb\xf3\xe5\
\xfd\xfb\xf3\xe5\xff\xfb\xf3\xe5\xfd\xfb\xf3\xe5\xfd\xfb\xf4\xe5\
\xff\xfb\xf4\xe5\xfd\xfb\xf6\xe8\xfd\xfe\xfe\xfe\xff\xfd\xfd\xfe\
\xfd\xfe\xfe\xfe\xfd\xfb\xf6\xea\xff\xe9\xc5`\xfd\xe0\xae\x1b\
\xfd\xe1\xae\x1f\xff\xdf\xb0\x1d\xfd\xdf\xb0\x1d\xfd\xe0\xb2\x1e\
\xff\xe3\xba=\xfd\xf5\xe8\xc6\xff\xfe\xff\xff\xfd\xfe\xfe\xfe\
\xfd\xfe\xff\xff\xff\xf1\xe1\xab\xfd\xe1\xbb.\xfd\xde\xb7\x1e\
\xff\xdd\xb7\x1e\xfd\xdd\xb9\x1e\xfd\xdf\xba \xff\xdd\xba\x1e\
\xfd\xdd\xb9\x1e\xfd\xdf\xbb\x1d\xff\xbc\xa7[\xfd\x9d\x97\x92\
\xfd\x9e\x97\x8f\xfd\xaf\xa7\x9e\xff\xad\xa6\xa0\xff\xcc\x95_\
\xff\xf0\x83\x18\xff\xee\x86\x1b\xff\xec\x87\x1b\xff\xed\x8b\x1a\
\xff\xeb\x8c\x1a\xff\xec\x97-\xff\xfb\xee\xe4\xff\xff\xff\xff\
\xff\xff\xff\xff\xff\xff\xff\xff\xff\xff\xff\xff\xff\xff\xff\xff\
\xff\xff\xff\xff\xff\xff\xff\xff\xff\xff\xff\xff\xff\xff\xff\xff\
\xff\xff\xff\xff\xff\xff\xff\xff\xff\xff\xff\xff\xff\xff\xff\xff\
\xff\xff\xff\xff\xff\xfb\xf6\xea\xff\xea\xc1`\xff\xe1\xa9\x1b\
\xff\xe1\xad\x1d\xff\xe1\xad\x1d\xff\xe2\xae\x1d\xff\xe0\xaf\x1d\
\xff\xe0\xaf\x1a\xff\xe3\xba;\xff\xfa\xf4\xe5\xff\xfe\xfe\xfe\
\xff\xff\xff\xff\xff\xfc\xfa\xf7\xff\xef\xdb\x9b\xff\xe1\xb9.\
\xff\xe0\xb5\x1e\xff\xe0\xb7\x1f\xff\xde\xb6\x1e\xff\xdf\xb6\x1f\
\xff\xdf\xb8\x1f\xff\xe0\xb8\x1d\xff\xbd\xa6[\xff\x9e\x98\x93\
\xff\xa0\x99\x91\xff\xae\xa7\x9e\xff\xad\xa6\x9f\xfd\xcd\x92_\
\xfd\xf1\x80\x18\xff\xef\x83\x19\xfd\xed\x84\x19\xfd\xee\x88\x1b\
\xff\xec\x89\x18\xfd\xed\x94.\xfd\xfb\xed\xe3\xff\xfe\xfe\xff\
\xfd\xff\xff\xff\xff\xfd\xfe\xfe\xfd\xfe\xfe\xff\xfd\xfe\xff\xff\
\xfd\xff\xff\xff\xff\xfe\xff\xff\xfd\xfe\xff\xff\xfd\xff\xff\xff\
\xff\xfe\xff\xff\xfd\xfe\xff\xff\xfd\xff\xff\xff\xff\xfd\xfd\xfd\
\xfd\xfe\xfe\xfe\xfd\xfb\xf5\xea\xff\xea\xbf`\xfd\xe2\xa6\x19\
\xfd\xe3\xaa \xff\xe4\xb11\xfd\xe4\xb57\xfd\xe5\xb66\
\xff\xe4\xb76\xfd\xe3\xb74\xff\xef\xd5\x91\xfd\xfc\xf9\xf3\
\xfd\xff\xff\xff\xff\xfe\xfe\xff\xfd\xfa\xf5\xe9\xfd\xea\xcdr\
\xff\xdf\xb2\x1c\xfd\xe0\xb3\x1d\xfd\xe0\xb5\x1f\xff\xe0\xb5\x1d\
\xfd\xe0\xb4\x1d\xfd\xe1\xb6\x1c\xff\xbd\xa5[\xfd\x9e\x98\x93\
\xfd\xa0\x97\x8f\xfd\xb0\xa7\x9e\xff\xad\xa6\x9f\xfd\xcd\x92_\
\xfd\xf2}\x17\xff\xf0\x80\x1a\xfd\xee\x81\x19\xfd\xef\x85\x1b\
\xff\xed\x86\x18\xfd\xee\x92.\xfd\xfb\xed\xe3\xff\xfe\xfe\xff\
\xfd\xff\xff\xff\xff\xfe\xfc\xfa\xfd\xfa\xe8\xd0\xfd\xf8\xde\xb8\
\xfd\xf8\xde\xba\xff\xf8\xde\xb9\xfd\xf7\xdf\xb9\xfd\xf7\xe0\xba\
\xff\xf7\xe0\xb8\xfd\xf8\xe3\xc2\xfd\xfe\xfe\xfd\xff\xfd\xfe\xfe\
\xfd\xfe\xfe\xfe\xfd\xfb\xf5\xea\xff\xeb\xbe`\xfd\xe3\xa4\x18\
\xfd\xe6\xaf5\xff\xf4\xe0\xb7\xfd\xf9\xf1\xdb\xfd\xf9\xf0\xd9\
\xff\xf9\xf0\xd9\xfd\xf9\xf1\xd8\xff\xfa\xf4\xe3\xfd\xfe\xfc\xf9\
\xfd\xff\xff\xff\xff\xfd\xfd\xfe\xfd\xfe\xff\xfe\xfd\xf8\xee\xd7\
\xff\xe3\xb97\xfd\xdf\xb1\x1d\xfd\xe1\xb1\x1f\xff\xdf\xb3\x1d\
\xfd\xdf\xb3\x1d\xfd\xe1\xb4\x1c\xff\xbd\xa6[\xfd\x9e\x98\x93\
\xfd\x9f\x99\x8f\xfd\xb0\xa8\x9f\xff\xae\xa7\xa0\xff\xce\x91_\
\xff\xf3z\x17\xff\xf1}\x1a\xff\xef~\x19\xff\xf0\x82\x1b\
\xff\xee\x83\x1a\xff\xef\x8e,\xff\xfb\xec\xe4\xff\xff\xff\xff\
\xff\xff\xff\xff\xff\xfd\xf8\xf1\xff\xf0\xb2b\xff\xea\x8d\x12\
\xff\xe9\x8f\x15\xff\xe9\x92\x15\xff\xe8\x94\x15\xff\xe8\x95\x16\
\xff\xe7\x96\x15\xff\xe9\xa41\xff\xfd\xfb\xfa\xff\xff\xff\xff\
\xff\xff\xff\xff\xff\xfc\xf5\xea\xff\xec\xbc`\xff\xe4\xa1\x18\
\xff\xe7\xae:\xff\xf8\xeb\xd6\xff\xff\xff\xff\xff\xff\xff\xff\
\xff\xff\xff\xff\xff\xff\xff\xff\xff\xff\xff\xff\xff\xff\xff\xff\
\xff\xff\xff\xff\xff\xff\xff\xff\xff\xff\xff\xff\xff\xff\xff\xff\
\xff\xe9\xc6n\xff\xe1\xaf\x1c\xff\xe0\xb0\x1f\xff\xe1\xaf\x1f\
\xff\xe1\xaf\x1f\xff\xe2\xb1\x1c\xff\xbe\xa4[\xff\x9f\x99\x94\
\xff\xa1\x9a\x91\xff\xb0\xa8\x9f\xff\xad\xa7\xa0\xfd\xce\x90_\
\xfd\xf4v\x17\xff\xf0z\x18\xfd\xf1{\x1a\xfd\xef\x7f\x19\
\xff\xf0\x80\x18\xfd\xef\x8b,\xfd\xfc\xec\xe3\xff\xfd\xfe\xff\
\xfd\xff\xff\xff\xff\xfd\xf7\xf0\xfd\xf1\xb2f\xfd\xea\x8d\x17\
\xfd\xeb\x91\x1c\xff\xe9\x91\x1a\xfd\xea\x93\x1a\xfd\xe8\x96\x1c\
\xff\xe8\x96\x1a\xfd\xea\xa36\xfd\xfd\xfc\xfb\xff\xfd\xfe\xfe\
\xfd\xfe\xfe\xfe\xfd\xfb\xf5\xea\xff\xec\xba_\xfd\xe5\x9e\x18\
\xfd\xe8\xab:\xff\xf7\xe9\xd5\xfd\xfd\xff\xff\xfd\xfe\xfe\xff\
\xff\xfd\xfe\xfe\xfd\xfe\xfe\xff\xff\xfd\xfe\xfe\xfd\xfd\xfe\xfe\
\xfd\xfe\xfe\xff\xff\xfd\xfe\xfe\xfd\xfd\xfe\xfe\xfd\xff\xff\xff\
\xff\xea\xc6s\xfd\xe1\xab\x1c\xfd\xe2\xac\x1d\xff\xe0\xae\x1d\
\xfd\xe0\xae\x1d\xfd\xe3\xaf\x1c\xff\xbe\xa4[\xfd\x9f\x98\x93\
\xfd\x9f\x98\x90\xfd\xb1\xa8\x9f\xff\xae\xa8\xa1\xff\xcf\x8d`\
\xff\xf4s\x17\xff\xf3w\x1a\xff\xf1z\x1a\xff\xf2|\x1a\
\xff\xf0}\x19\xff\xf0\x88,\xff\xfc\xed\xe4\xff\xff\xff\xff\
\xff\xff\xff\xff\xff\xfd\xf7\xf1\xff\xf2\xb0f\xff\xeb\x8a\x17\
\xff\xec\x8e\x1c\xff\xea\x90\x1c\xff\xeb\x92\x1c\xff\xeb\x93\x1c\
\xff\xe9\x93\x1a\xff\xeb\xa15\xff\xfd\xfc\xfb\xff\xff\xff\xff\
\xff\xff\xff\xff\xff\xfc\xf4\xea\xff\xed\xb8`\xff\xe6\x9b\x19\
\xff\xe7\xa0#\xff\xea\xaeD\xff\xeb\xb4M\xff\xeb\xb5M\
\xff\xea\xb6M\xff\xeb\xb6N\xff\xea\xb7N\xff\xea\xb8N\
\xff\xea\xb9N\xff\xe9\xb9N\xff\xe9\xbaN\xff\xe9\xbaO\
\xff\xe4\xaf/\xff\xe2\xa8\x1d\xff\xe3\xaa\x1e\xff\xe3\xab\x1e\
\xff\xe1\xab\x1e\xff\xe4\xab\x1b\xff\xbf\xa1[\xff\x9f\x99\x94\
\xff\xa1\x9a\x92\xff\xb1\xa8\x9f\xff\xae\xa8\xa0\xfd\xd0\x8d_\
\xfd\xf5p\x16\xff\xf4r\x18\xfd\xf3t\x18\xfd\xf1x\x1a\
\xff\xf2y\x17\xfd\xf1\x85-\xfd\xfc\xec\xe3\xff\xfe\xfe\xff\
\xfd\xff\xff\xff\xff\xfd\xf7\xf0\xfd\xf2\xaee\xfd\xed\x86\x16\
\xfd\xed\x89\x1b\xff\xeb\x8b\x1a\xfd\xec\x8d\x1a\xfd\xea\x90\x1c\
\xff\xea\x90\x19\xfd\xec\x9f5\xfd\xfd\xfb\xfb\xff\xfe\xfe\xfe\
\xfd\xfe\xfe\xfe\xfd\xfc\xf5\xea\xff\xee\xb5_\xfd\xe7\x98\x19\
\xfd\xe8\x9a\x1c\xff\xe6\x9b\x1a\xfd\xe6\x9c\x19\xfd\xe6\x9d\x1a\
\xff\xe5\x9e\x19\xfd\xe5\x9f\x1a\xff\xe5\xa0\x1a\xfd\xe5\x9f\x1a\
\xfd\xe5\xa2\x1a\xff\xe4\xa2\x1a\xfd\xe4\xa3\x1a\xfd\xe4\xa4\x1b\
\xff\xe3\xa5\x1c\xfd\xe4\xa5\x1c\xfd\xe4\xa7\x1e\xff\xe4\xa6\x1c\
\xfd\xe4\xa8\x1c\xfd\xe5\xa8\x1b\xff\xbf\xa1[\xfd\x9f\x99\x94\
\xfd\xa1\x9a\x92\xfd\xb1\xa8\x9e\xff\xae\xa8\xa1\xfd\xd0\x8a_\
\xfd\xf6m\x16\xff\xf3q\x19\xfd\xf4s\x18\xfd\xf2u\x1a\
\xff\xf3v\x17\xfd\xf2\x82+\xfd\xfc\xeb\xe3\xff\xfe\xfe\xff\
\xfd\xff\xff\xff\xff\xfd\xf7\xf0\xfd\xf3\xabe\xfd\xed\x83\x16\
\xfd\xee\x87\x1b\xff\xec\x89\x1b\xfd\xed\x8b\x1a\xfd\xeb\x8d\x1c\
\xff\xeb\x8d\x19\xfd\xed\x9b5\xfd\xfd\xfb\xfb\xff\xfe\xfe\xfe\
\xfd\xfe\xfe\xfe\xfd\xfc\xf5\xea\xff\xee\xb4_\xfd\xe8\x95\x19\
\xfd\xe9\x97\x1d\xff\xe7\x98\x1b\xfd\xe8\x99\x1b\xfd\xe8\x9c\x1d\
\xff\xe6\x9b\x1b\xfd\xe7\x9c\x1d\xff\xe5\x9d\x1b\xfd\xe5\x9f\x1b\
\xfd\xe5\xa0\x1d\xff\xe6\x9f\x1d\xfd\xe4\xa0\x1c\xfd\xe4\xa2\x1e\
\xff\xe5\xa1\x1c\xfd\xe5\xa3\x1c\xfd\xe5\xa2\x1e\xff\xe3\xa4\x1c\
\xfd\xe3\xa3\x1c\xfd\xe5\xa5\x1b\xff\xc0\x9e[\xfd\xa0\x99\x94\
\xfd\xa0\x99\x91\xfd\xb2\xa9\xa0\xff\xaf\xa9\xa1\xff\xd1\x8b_\
\xff\xf7j\x16\xff\xf4n\x19\xff\xf3p\x19\xff\xf4r\x1a\
\xff\xf4s\x19\xff\xf3\x80+\xff\xfc\xeb\xe5\xff\xff\xff\xff\
\xff\xff\xff\xff\xff\xfd\xf6\xf2\xff\xf4\xa9g\xff\xee\x80\x17\
\xff\xef\x84\x1b\xff\xed\x86\x1b\xff\xec\x86\x1b\xff\xec\x8a\x1a\
\xff\xec\x8a\x19\xff\xee\x9a5\xff\xfd\xfb\xfb\xff\xff\xff\xff\
\xff\xff\xff\xff\xff\xfc\xf4\xeb\xff\xef\xb2_\xff\xe9\x92\x19\
\xff\xe8\x96\x1b\xff\xe9\x97\x1c\xff\xe7\x98\x1d\xff\xe9\x99\x1d\
\xff\xe7\x9a\x1d\xff\xe8\x9b\x1d\xff\xe6\x9c\x1d\xff\xe6\x9d\x1d\
\xff\xe6\x9d\x1d\xff\xe7\x9e\x1d\xff\xe5\x9f\x1d\xff\xe7\x9f\x1c\
\xff\xe5\xa0\x1d\xff\xe6\xa0\x1d\xff\xe6\xa1\x1e\xff\xe4\xa1\x1e\
\xff\xe4\xa2\x1e\xff\xe7\xa2\x1b\xff\xc1\x9d[\xff\xa0\x9a\x95\
\xff\xa2\x9b\x93\xff\xb2\xa9\xa0\xff\xaf\xa9\xa1\xfd\xd2\x89_\
\xfd\xf8f\x15\xff\xf7i\x17\xfd\xf6k\x17\xfd\xf4m\x19\
\xff\xf5o\x18\xfd\xf4{*\xfd\xfc\xe3\xd8\xff\xfd\xf6\xf1\
\xfd\xfe\xf7\xf1\xff\xfc\xef\xe3\xfd\xf4\xa4`\xfd\xf0|\x17\
\xfd\xef\x80\x19\xff\xf0\x80\x19\xfd\xef\x82\x19\xfd\xef\x84\x1b\
\xff\xed\x85\x18\xfd\xef\x943\xfd\xfc\xf4\xee\xff\xfd\xf7\xf1\
\xfd\xfd\xf7\xf1\xfd\xfb\xed\xde\xff\xf1\xae[\xfd\xea\x8f\x18\
\xfd\xeb\x91\x1c\xff\xe9\x92\x1a\xfd\xea\x93\x1a\xfd\xea\x94\x1c\
\xff\xe8\x95\x1a\xfd\xe9\x96\x1c\xff\xe9\x98\x1c\xfd\xe9\x97\x1b\
\xfd\xe9\x98\x1d\xff\xe7\x99\x1b\xfd\xe8\x9b\x1b\xfd\xe8\x9a\x1d\
\xff\xe6\x9c\x1b\xfd\xe7\x9b\x1b\xfd\xe7\x9c\x1d\xff\xe7\x9c\x1b\
\xfd\xe7\x9e\x1b\xfd\xe8\x9d\x1a\xff\xc2\x9d[\xfd\xa0\x9a\x94\
\xfd\xa2\x9b\x91\xfd\xb2\xa9\xa0\xff\xaf\xa9\xa1\xfd\xd2\x87_\
\xfd\xf9c\x15\xff\xf6g\x18\xfd\xf7i\x17\xfd\xf6j\x19\
\xff\xf4l\x17\xfd\xf4r\x1e\xfd\xf6\x99\x5c\xff\xf6\xa1e\
\xfd\xf6\xa1f\xff\xf5\xa0`\xfd\xf2\x872\xfd\xf2z\x17\
\xfd\xf1}\x1a\xff\xef}\x1a\xfd\xf0\x80\x19\xfd\xf0\x82\x1b\
\xff\xee\x83\x19\xfd\xee\x89\x22\xfd\xf4\xade\xff\xf2\xafe\
\xfd\xf2\xb0f\xfd\xf1\xad_\xff\xed\x971\xfd\xeb\x8d\x19\
\xfd\xec\x8f\x1c\xff\xea\x90\x1a\xfd\xeb\x90\x1a\xfd\xeb\x93\x1c\
\xff\xe9\x92\x1a\xfd\xea\x94\x1c\xff\xe8\x95\x1a\xfd\xe8\x96\x1c\
\xfd\xe8\x95\x1b\xff\xe9\x96\x1c\xfd\xe9\x98\x1b\xfd\xe9\x99\x1d\
\xff\xe7\x98\x1b\xfd\xe8\x9a\x1b\xfd\xe8\x9b\x1d\xff\xe8\x9b\x1b\
\xfd\xe8\x9a\x1b\xfd\xe9\x9c\x1a\xff\xc2\x9cZ\xfd\xa0\x9a\x95\
\xfd\xa1\x9a\x91\xfd\xb1\xa8\x9f\xff\xb0\xaa\xa2\xff\xd2\x86_\
\xff\xfa`\x15\xff\xf7d\x18\xff\xf8f\x18\xff\xf6i\x19\
\xff\xf7k\x19\xff\xf6k\x18\xff\xf4m\x16\xff\xf4o\x15\
\xff\xf5p\x16\xff\xf2r\x17\xff\xf3u\x18\xff\xf1x\x1a\
\xff\xf2x\x1a\xff\xf0{\x1a\xff\xf1}\x1a\xff\xf1\x7f\x1b\
\xff\xf0\x7f\x1b\xff\xee\x81\x1a\xff\xee\x82\x17\xff\xed\x83\x17\
\xff\xed\x84\x17\xff\xed\x86\x18\xff\xec\x89\x1a\xff\xed\x89\x1b\
\xff\xed\x8c\x1c\xff\xec\x8d\x1c\xff\xea\x8e\x1c\xff\xec\x90\x1c\
\xff\xea\x90\x1c\xff\xeb\x91\x1c\xff\xe9\x92\x1c\xff\xe9\x93\x1c\
\xff\xeb\x94\x1c\xff\xe9\x95\x1c\xff\xea\x95\x1c\xff\xea\x96\x1b\
\xff\xe8\x95\x1c\xff\xe9\x97\x1c\xff\xe9\x96\x1d\xff\xe9\x98\x1d\
\xff\xe9\x98\x1d\xff\xea\x97\x1a\xff\xc3\x99[\xff\xa1\x9c\x95\
\xff\xa3\x9c\x93\xff\xb3\xaa\xa1\xff\xb0\xaa\xa2\xfd\xd3\x86_\
\xfd\xfb^\x15\xff\xf8_\x16\xfd\xf9a\x16\xfd\xf8e\x18\
\xff\xf6g\x18\xfd\xf7i\x17\xfd\xf5k\x19\xff\xf6m\x17\
\xfd\xf4o\x19\xff\xf5o\x19\xfd\xf3r\x19\xfd\xf4t\x18\
\xfd\xf3v\x1a\xff\xf1v\x18\xfd\xf2x\x18\xfd\xf2{\x1a\
\xff\xf1{\x1a\xfd\xef~\x1a\xfd\xf0~\x19\xff\xf0\x81\x19\
\xfd\xee\x81\x19\xfd\xef\x84\x1b\xff\xed\x84\x19\xfd\xee\x85\x19\
\xfd\xee\x88\x1b\xff\xec\x89\x1b\xfd\xed\x89\x1b\xfd\xed\x8c\x1a\
\xff\xeb\x8b\x1b\xfd\xec\x8e\x1a\xff\xec\x8d\x1a\xfd\xea\x8f\x1a\
\xfd\xea\x90\x1c\xff\xeb\x91\x1a\xfd\xeb\x90\x1a\xfd\xeb\x93\x1c\
\xff\xe9\x93\x1a\xfd\xea\x92\x1a\xfd\xea\x94\x1c\xff\xea\x95\x1a\
\xfd\xea\x95\x1a\xfd\xeb\x94\x19\xff\xc3\x99[\xfd\xa1\x9b\x95\
\xfd\xa3\x9a\x93\xfd\xb3\xaa\xa1\xff\xb0\xaa\xa2\xfd\xd3\x86_\
\xfd\xfc^\x15\xff\xf9^\x16\xfd\xfa_\x16\xfd\xf8`\x18\
\xff\xf9b\x16\xfd\xf7d\x18\xfd\xf8f\x19\xff\xf7h\x17\
\xfd\xf5j\x19\xff\xf6m\x17\xfd\xf4m\x17\xfd\xf5o\x19\
\xfd\xf3q\x18\xff\xf4t\x19\xfd\xf2v\x18\xfd\xf3v\x1a\
\xff\xf1y\x18\xfd\xf2{\x18\xfd\xf0|\x1a\xff\xf1|\x1a\
\xfd\xef}\x19\xfd\xf0\x80\x1b\xff\xf0\x80\x19\xfd\xee\x83\x19\
\xfd\xef\x83\x1b\xff\xed\x84\x19\xfd\xee\x85\x19\xfd\xee\x86\x1b\
\xff\xec\x87\x19\xfd\xec\x8a\x1b\xff\xed\x8b\x1b\xfd\xeb\x8a\x1b\
\xfd\xeb\x8b\x1a\xff\xec\x8c\x1b\xfd\xec\x8e\x1a\xfd\xea\x8e\x1c\
\xff\xeb\x90\x1a\xfd\xeb\x8f\x1a\xfd\xea\x91\x1c\xff\xeb\x90\x1a\
\xfd\xeb\x90\x1a\xfd\xec\x91\x19\xff\xc4\x96[\xfd\xa1\x9c\x95\
\xfd\xa2\x9a\x92\xfd\xb3\xaa\xa1\xff\xb1\xab\xa3\xff\xd4\x85^\
\xff\xfd]\x14\xff\xfb_\x17\xff\xfb_\x17\xff\xfb_\x16\
\xff\xfa`\x17\xff\xf9a\x16\xff\xf9c\x16\xff\xf8e\x16\
\xff\xf8g\x18\xff\xf7i\x18\xff\xf6k\x18\xff\xf6l\x18\
\xff\xf5n\x18\xff\xf5p\x17\xff\xf4q\x19\xff\xf4s\x19\
\xff\xf3t\x19\xff\xf3v\x19\xff\xf3x\x19\xff\xf2y\x19\
\xff\xf1{\x19\xff\xf1|\x19\xff\xf1}\x19\xff\xf0~\x1a\
\xff\xf0\x80\x1a\xff\xef\x81\x1a\xff\xef\x82\x1a\xff\xef\x83\x1a\
\xff\xef\x84\x1a\xff\xef\x85\x1a\xff\xee\x86\x1a\xff\xee\x87\x1a\
\xff\xee\x88\x1a\xff\xed\x89\x1a\xff\xed\x8a\x1a\xff\xed\x8b\x1a\
\xff\xec\x8b\x1b\xff\xec\x8c\x1b\xff\xed\x8c\x1b\xff\xec\x8d\x1b\
\xff\xec\x8d\x1b\xff\xee\x8e\x18\xff\xc6\x96Z\xff\xa2\x9c\x96\
\xff\xa4\x9c\x94\xff\xb3\xa8\xa1\xfd\xb0\xaa\xa2\xfe\xce\x8ci\
\xfd\xefj+\xff\xeek.\xfd\xeek.\xfd\xeek.\
\xff\xeek.\xfd\xedk.\xfd\xedl-\xff\xedm-\
\xfd\xeco-\xff\xebp.\xfd\xebr.\xfd\xeas.\
\xfd\xeau.\xff\xe9v.\xfd\xe9w.\xfd\xe8x/\
\xff\xe8y.\xfd\xe7{.\xfd\xe7|.\xff\xe6}.\
\xfd\xe6~.\xfd\xe6\x7f.\xff\xe5\x81.\xfd\xe5\x82.\
\xfd\xe5\x83.\xff\xe4\x84/\xfd\xe4\x84/\xfd\xe4\x86/\
\xff\xe3\x86/\xfd\xe3\x87/\xff\xe2\x88/\xfd\xe2\x89/\
\xfd\xe3\x89/\xff\xe1\x8a.\xfd\xe1\x8a.\xfd\xe2\x8b.\
\xff\xe1\x8b.\xfd\xe1\x8c.\xfd\xe1\x8d.\xff\xe0\x8d.\
\xfd\xe0\x8d/\xfd\xe1\x8e-\xff\xc0\x95c\xfd\xa2\x9c\x95\
\xfe\xa4\x9c\x94\xfd\xb2\xa9\xa1\xe2\xb1\xa9\xa0\xff\xb6\xa5\x99\
\xfe\xba\xa1\x90\xff\xb9\xa0\x91\xfd\xb9\xa0\x91\xfd\xb9\xa0\x91\
\xff\xb9\x9f\x91\xfd\xb8\x9f\x91\xfd\xb8\x9f\x90\xff\xb8\x9f\x90\
\xfd\xb7\x9f\x90\xff\xb7\x9f\x8f\xfd\xb7\x9f\x8f\xfd\xb6\x9f\x8f\
\xfd\xb6\x9f\x8f\xff\xb5\x9f\x8d\xfd\xb5\x9f\x8e\xfd\xb5\x9f\x8d\
\xff\xb4\x9e\x8e\xfd\xb4\x9f\x8c\xfd\xb4\x9f\x8c\xff\xb3\x9d\x8c\
\xfd\xb3\x9d\x8d\xfd\xb3\x9f\x8d\xff\xb2\x9d\x8d\xfd\xb2\x9d\x8d\
\xfd\xb2\x9d\x8b\xff\xb1\x9d\x8b\xfd\xb1\x9d\x8b\xfd\xb1\x9d\x8a\
\xff\xb0\x9d\x8a\xfd\xb0\x9d\x8a\xff\xaf\x9c\x89\xfd\xaf\x9c\x89\
\xfd\xb0\x9d\x89\xff\xae\x9c\x89\xfd\xae\x9c\x88\xfd\xae\x9c\x88\
\xff\xad\x9b\x88\xfd\xad\x9b\x88\xfd\xad\x9c\x87\xff\xac\x9b\x87\
\xfd\xac\x9b\x87\xfd\xac\x9b\x87\xff\xa8\x9c\x8e\xfe\xa3\x9b\x94\
\xff\xa3\x9b\x94\xe1\xb0\xa8\xa0q\xb1\xa9\xa0\xed\xb2\xa9\xa1\
\xfe\xb2\xaa\xa2\xff\xb2\xaa\xa2\xff\xb1\xa9\xa1\xff\xb1\xa9\xa1\
\xff\xb0\xa9\xa1\xff\xb0\xa8\xa1\xff\xb0\xa8\xa0\xff\xb0\xa8\xa0\
\xff\xb0\xa8\xa0\xff\xaf\xa7\x9f\xff\xaf\xa7\x9f\xff\xae\xa7\x9f\
\xff\xae\xa6\x9f\xff\xae\xa6\x9e\xff\xad\xa6\x9e\xff\xad\xa6\x9e\
\xff\xad\xa5\x9d\xff\xac\xa5\x9d\xff\xac\xa5\x9d\xff\xac\xa4\x9d\
\xff\xab\xa4\x9c\xff\xab\xa4\x9c\xff\xab\xa3\x9c\xff\xaa\xa3\x9c\
\xff\xaa\xa3\x9b\xff\xaa\xa2\x9b\xff\xa9\xa2\x9b\xff\xa9\xa2\x9a\
\xff\xa9\xa1\x9a\xff\xa9\xa1\x9a\xff\xa8\xa1\x9a\xff\xa8\xa1\x99\
\xff\xa8\xa1\x99\xff\xa7\xa0\x99\xff\xa7\xa0\x98\xff\xa7\xa0\x98\
\xff\xa6\x9f\x98\xff\xa6\x9f\x97\xff\xa6\x9f\x97\xff\xa5\x9e\x97\
\xff\xa5\x9e\x97\xff\xa5\x9e\x97\xff\xa4\x9d\x95\xfe\xa4\x9d\x94\
\xee\xa4\x9d\x95r\xc7\x93w\x06\xb6\xa3\x95?\xb8\xa2\x95\
p\xb8\xa2\x93w\xb9\xa2\x92w\xb9\xa2\x93w\xb9\xa2\x92\
w\xb9\xa0\x90w\xb9\xa0\x8fw\xba\x9f\x8ew\xb9\x9f\x8e\
w\xb9\x9f\x8ew\xb9\x9f\x8dw\xb8\x9f\x8dw\xb8\x9f\x8d\
w\xb7\x9f\x8dw\xb7\x9f\x8dw\xb7\x9e\x8cw\xb6\x9f\x8c\
w\xb6\x9f\x8cw\xb6\x9e\x8cw\xb5\x9f\x8bw\xb5\x9f\x8b\
w\xb5\x9f\x8bw\xb4\x9e\x8bw\xb4\x9e\x8aw\xb4\x9e\x8a\
w\xb3\x9e\x8aw\xb3\x9e\x89w\xb3\x9e\x89w\xb3\x9e\x8a\
w\xb2\x9d\x89w\xb2\x9e\x89w\xb1\x9e\x88w\xb1\x9d\x88\
w\xb1\x9d\x88w\xb0\x9d\x88w\xb0\x9c\x88w\xb0\x9d\x88\
w\xaf\x9d\x87w\xae\x9c\x88w\xae\x9c\x89w\xad\x9c\x89\
w\xad\x9c\x89w\xac\x9c\x88w\xac\x9c\x88q\xaa\x9b\x8a\
A\xbc\x97j\x08\x00\x00\x00\x00\x00\x00\x00\x00\x00\x00\x00\
\x00\x00\x00\x00\x00\x00\x00\x00\x00\x00\x00\x00\x00\x00\x00\x00\
\x00\x00\x00\x00\x00\x00\x00\x00\x00\x00\x00\x00\x00\x00\x00\x00\
\x00\x00\x00\x00\x00\x00\x00\x00\x00\x00\x00\x00\x00\x00\x00\x00\
\x00\x00\x00\x00\x00\x00\x00\x00\x00\x00\x00\x00\x00\x00\x00\x00\
\x00\x00\x00\x00\x00\x00\x00\x00\x00\x00\x00\x00\x00\x00\x00\x00\
\x00\x00\x00\x00\x00\x00\x00\x00\x00\x00\x00\x00\x00\x00\x00\x00\
\x00\x00\x00\x00\x00\x00\x00\x00\x00\x00\x00\x00\x00\x00\x00\x00\
\x00\x00\x00\x00\x00\x00\x00\x00\x00\x00\x00\x00\x00\x00\x00\x00\
\x00\x00\x00\x00\x00\x00\x00\x00\x00\x00\x00\x00\x00\x00\x00\x00\
\x00\x00\x00\x00\x00\x00\x00\x00\x00\x00\x00\x00\x00\x00\x00\x00\
\x00\x00\x00\x00\x00\x00\x00\x00\x00\x00\x00\x00\x00\x00\x00\x00\
\x00\x00\x00\x00\x00\x00\x00\x00\x00\x00\x00\x00\x00\x00\x00\x00\
\x00\x00\x00\x00\x00\x00\x00\x00\x00\x00\x00\x00\x00\x00\x00\x00\
\x00\x00\x00\x00\x00\x00\x00\x00\x00\x00\x00\x00\x00\x00\x00\x00\
\x00\x00\x00\x00\x00\x00\x00\x00\x00\x00\x00\x00\x00\x00\x00\x00\
\x00\x00\x00\x00\x00\x00\x00\x00\x00\x00\x00\x00\x00\x00\x00\x00\
\x00\x00\x00\x00\x00\x00\x00\x00\x00\x00\x00\x00\x00\x00\x00\x00\
\x00\x00\x00\x00\x00\x00\x00\x00\x00\x00\x00\x00\x00\x00\x00\x00\
\x00\x00\x00\x00\x00\x00\x00\x00\x00\x00\x00\x00\x00\x00\x00\x00\
\x00\x00\x00\x00\x00\x00\x00\x00\x00\x00\x00\x00\x00\x00\x00\x00\
\x00\x00\x00\x00\x00\x00\x00\x00\x00\x00\x00\x00\x00\x00\x00\x00\
\x00\x00\x00\x00\x00\x00\x00\x00\x00\x00\x00\x00\x00\x00\x00\x00\
\x00\x00\x00\x00\x00\x00\x00\x00\x00\x00\x00\x00\x00\x00\x00\x00\
\x00\x00\x00\x00\x00\xff\xe0\x00\x00\x07\xff\x00\x00\xff\xe0\x00\
\x00\x07\xff\x00\x00\xff\xe0\x00\x00\x07\xff\x00\x00\xff\xe0\x00\
\x00\x07\xff\x00\x00\xff\xe0\x00\x00\x07\xff\x00\x00\xff\xe0\x00\
\x00\x07\xff\x00\x00\xff\xe0\x00\x00\x07\xff\x00\x00\xff\xff\xc0\
\x03\xff\xff\x00\x00\xff\xff\xc0\x03\xff\xff\x00\x00\x00\x00\x00\
\x00\x00\x00\x00\x00\x00\x00\x00\x00\x00\x00\x00\x00\x00\x00\x00\
\x00\x00\x00\x00\x00\x00\x00\x00\x00\x00\x00\x00\x00\x00\x00\x00\
\x00\x00\x00\x00\x00\x00\x00\x00\x00\x00\x00\x00\x00\x00\x00\x00\
\x00\x00\x00\x00\x00\x00\x00\x00\x00\x00\x00\x00\x00\x00\x00\x00\
\x00\x00\x00\x00\x00\x00\x00\x00\x00\x00\x00\x00\x00\x00\x00\x00\
\x00\x00\x00\x00\x00\x00\x00\x00\x00\x00\x00\x00\x00\x00\x00\x00\
\x00\x00\x00\x00\x00\x00\x00\x00\x00\x00\x00\x00\x00\x00\x00\x00\
\x00\x00\x00\x00\x00\x00\x00\x00\x00\x00\x00\x00\x00\x00\x00\x00\
\x00\x00\x00\x00\x00\x00\x00\x00\x00\x00\x00\x00\x00\x00\x00\x00\
\x00\x00\x00\x00\x00\x00\x00\x00\x00\x00\x00\x00\x00\x00\x00\x00\
\x00\x00\x00\x00\x00\x00\x00\x00\x00\x00\x00\x00\x00\x00\x00\x00\
\x00\x00\x00\x00\x00\x00\x00\x00\x00\x00\x00\x00\x00\x00\x00\x00\
\x00\x00\x00\x00\x00\x00\x00\x00\x00\x00\x00\x00\x00\x00\x00\x00\
\x00\x00\x00\x00\x00\x00\x00\x00\x00\x00\x00\x00\x00\x00\x00\x00\
\x00\x00\x00\x00\x00\x00\x00\x00\x00\x00\x00\x00\x00\x00\x00\x00\
\x00\x00\x00\x00\x00\x00\x00\x00\x00\x00\x00\x00\x00\x00\x00\x00\
\x00\x00\x00\x00\x00\x00\x00\x00\x00\x00\x00\x00\x00\x00\x00\x00\
\x00\x00\x00\x00\x00\x00\x00\x00\x00\x00\x00\x00\x00\x00\x00\x00\
\x00\x00\x00\x00\x00\xff\xff\xff\xff\xff\xff\x00\x00\xff\xff\xff\
\xff\xff\xff\x00\x00(\x00\x00\x00 \x00\x00\x00@\x00\x00\
\x00\x01\x00 \x00\x00\x00\x00\x00\x80\x10\x00\x00\x00\x00\x00\
\x00\x00\x00\x00\x00\x00\x00\x00\x00\x00\x00\x00\x00\x00\x00\x00\
\x00\x00\x00\x00\x00\x00\x00\x00\x00\x00\x00\x00\x00\x00\x00\x00\
\x00\x00\x00\x00\x00\x00\x00\x00\x00\x85|q\x01\x85|q\
\x22\x84{p#\x84{p#\x84{p#\x84{p\
#\x86}r#\x86}r#\x86}r#\x86}r\
#\x86}r#\x86}r#\x86}r#\x84{p\
#\x84{p#\x84{p#\x84{q\x22\x85|q\
\x02\x00\x00\x00\x00\x00\x00\x00\x00\x00\x00\x00\x00\x00\x00\x00\
\x00\x00\x00\x00\x00\x00\x00\x00\x00\x00\x00\x00\x00\x00\x00\x00\
\x00\x00\x00\x00\x00\x00\x00\x00\x00\x00\x00\x00\x00\x00\x00\x00\
\x00\x00\x00\x00\x00\x00\x00\x00\x00\x85|qQ\x84{p\
\xff\x86}r\xff\x86}r\xff\x86}r\xff\x86}r\
\xff\x86}r\xff\x86}r\xff\x86}r\xff\x86}r\
\xff\x86}r\xff\x86}r\xff\x86}r\xff\x86}r\
\xff\x86}r\xff\x86}r\xff\x86}p\xff\x84{q\
P\x00\x00\x00\x00\x00\x00\x00\x00\x00\x00\x00\x00\x00\x00\x00\
\x00\x00\x00\x00\x00\x00\x00\x00\x00\x00\x00\x00\x00\x00\x00\x00\
\x00\x00\x00\x00\x00\x00\x00\x00\x00\x00\x00\x00\x00\x00\x00\x00\
\x00\x00\x00\x00\x00\x00\x00\x00\x00\x84{pk\x86}r\
\xff\x86}r\xff\x86}r\xff\x86}r\xff\x86}r\
\xff\x86}r\xff\x86}r\xff\x86}r\xff\x86}r\
\xff\x86}r\xff\x86}r\xff\x86}r\xff\x86}r\
\xff\x86}r\xff\x86}r\xff\x86}r\xff\x84{p\
k\x00\x00\x00\x00\x00\x00\x00\x00\x00\x00\x00\x00\x00\x00\x00\
\x00\x00\x00\x00\x00\x00\x00\x00\x00\x00\x00\x00\x00\x00\x00\x00\
\x00\x00\x00\x00\x00\x00\x00\x00\x00\x00\x00\x00\x00\x00\x00\x00\
\x00\x00\x00\x00\x00\x00\x00\x00\x00\x89\x80uU\x85|q\
\xff\x85|q\xff\x85|q\xff\x85|q\xff\x86}r\
\xff\x86}r\xff\x86}r\xff\x86}r\xff\x86}r\
\xff\x86}r\xff\x86}r\xff\x86}r\xff\x85|q\
\xff\x85|q\xff\x85|q\xff\x84{p\xff\x87\x7ft\
U\x00\x00\x00\x00\x00\x00\x00\x00\x00\x00\x00\x00\x00\x00\x00\
\x00\x00\x00\x00\x00\x00\x00\x00\x00\x00\x00\x00\x00\x00\x00\x00\
\x00\x00\x00\x00\x00\x00\x00\x00\x00\x00\x00\x00\x00\x00\x00\x00\
\x00\x00\x00\x00\x00\x00\x00\x00\x00\x91\x88\x7f\x03\x8c\x83y\
0\x8b\x82w1\x89\x80v1\x88\x7fu0\x86}r\
{\x83{p\xff\x83{p\xff\x83{p\xff\x83{p\
\xff\x83{p\xff\x83{p\xff\x85}r{\x87~t\
0\x88\x7ft1\x89\x80u1\x8a\x81w0\x8d\x85{\
\x03\x00\x00\x00\x00\x00\x00\x00\x00\x00\x00\x00\x00\x00\x00\x00\
\x00\x00\x00\x00\x00\x00\x00\x00\x00\x00\x00\x00\x00\x00\x00\x00\
\x00\x00\x00\x00\x00\x00\x00\x00\x00\x00\x00\x00\x00\x00\x00\x00\
\x00\x00\x00\x00\x00\x00\x00\x00\x00\x00\x00\x00\x00\x00\x00\x00\
\x00\x00\x00\x00\x00\x00\x00\x00\x00\x00\x00\x00\x00\x82xg\
Yoga\xffpha\xffpha\xffpha\
\xffpha\xffoga\xff\x81xfY\x00\x00\x00\
\x00\x00\x00\x00\x00\x00\x00\x00\x00\x00\x00\x00\x00\x00\x00\x00\
\x00\x00\x00\x00\x00\x00\x00\x00\x00\x00\x00\x00\x00\x00\x00\x00\
\x00\x00\x00\x00\x00\x00\x00\x00\x00\x00\x00\x00\x00\xb6\xa2}\
\x06\xb2\xa2\x859\xb3\xa2\x83@\xb3\xa2\x82@\xb1\xa1\x80\
@\xb0\xa0}@\xaf\x9f|@\xac\x9e}@\xab\x9d}\
@\xa7\x9b}@\xa5\x99}@\xa3\x99}?\x88\x7fp\
\x85id_\xffjd_\xffjd_\xffjd^\
\xffid^\xffhc^\xff\x86~m\x85\x9f\x97{\
?\xa0\x97z@\xa1\x99y@\xa3\x9by@\xa4\x9cx\
@\xa5\x9dw@\xa6\x9fw@\xa7\x9fy@\xa8\xa1y\
@\xa8\xa1y@\xa7\xa0z9\xad\xa5q\x06\xa9\xa2\x9b\
\xa4\xa9\xa0\x9a\xff\xa8\xa0\x9c\xff\xa7\xa0\x9c\xff\xa7\xa0\x9b\
\xff\xa6\x9f\x9c\xff\xa6\x9f\x9a\xff\xa5\x9e\x9b\xff\xa5\x9e\x99\
\xff\xa4\x9d\x99\xff\xa4\x9d\x99\xff\xa3\x9d\x98\xff\xa4\x9d\x99\
\xff\xa4\x9e\x98\xff\xa5\x9d\x98\xff\xa3\x9d\x98\xff\xa3\x9c\x97\
\xff\xa2\x9c\x97\xff\xa2\x9a\x96\xff\xa0\x99\x96\xff\x9f\x99\x94\
\xff\x9e\x97\x94\xff\x9e\x97\x94\xff\x9d\x96\x93\xff\x9d\x96\x93\
\xff\x9c\x95\x92\xff\x9c\x95\x92\xff\x9c\x95\x92\xff\x9c\x95\x92\
\xff\x9c\x95\x92\xff\x9c\x95\x8f\xff\x9b\x95\x8f\xa0\xaa\xa3\x9a\
\xfd\xb4\xa3\x83\xff\xcd\xa2O\xff\xcb\xa6P\xff\xca\xa7P\
\xff\xc9\xa9P\xff\xc9\xaaP\xff\xc8\xabP\xff\xc8\xadQ\
\xff\xc7\xaeQ\xff\xc6\xafP\xff\xc6\xb0P\xff\xc5\xb1P\
\xff\xc5\xb2P\xff\xc4\xb3P\xff\xc4\xb4P\xff\xc3\xb4P\
\xff\xc3\xb5P\xff\xc2\xb5P\xff\xc2\xb6P\xff\xc2\xb6P\
\xff\xc1\xb7P\xff\xc1\xb7O\xff\xc1\xb7O\xff\xc0\xb8O\
\xff\xc0\xb8O\xff\xbf\xb8N\xff\xbf\xb8O\xff\xbf\xb9O\
\xff\xc0\xbaM\xff\xa7\xa0{\xff\x9d\x95\x8f\xfd\xab\xa3\x9c\
\xff\xbc\xa1t\xff\xe7\xa3\x18\xff\xe5\xa6\x1b\xff\xe4\xaa\x1b\
\xff\xe3\xad\x1b\xff\xe1\xb0\x1d\xff\xe2\xb3\x1c\xff\xe1\xb5\x1c\
\xff\xdf\xb7\x1e\xff\xe0\xba\x1e\xff\xde\xbc\x1d\xff\xdf\xbd\x1d\
\xff\xdd\xc0\x1d\xff\xde\xc2\x1d\xff\xdc\xc4\x1f\xff\xdd\xc6\x1f\
\xff\xdb\xc7\x1f\xff\xdc\xc8\x1f\xff\xda\xc9\x1f\xff\xda\xca\x1e\
\xff\xdb\xcb \xff\xd9\xcc \xff\xd9\xce \xff\xda\xcf \
\xff\xd8\xce \xff\xd9\xd0 \xff\xd9\xd0 \xff\xd9\xd1 \
\xff\xda\xd2\x1d\xff\xaf\xa8m\xff\x9d\x96\x90\xff\xab\xa4\x9c\
\xff\xbd\xa2t\xff\xe7\xa0\x19\xff\xe5\xa4\x1e\xff\xe4\xa7\x1e\
\xff\xe3\xaa\x1e\xff\xe2\xad\x1d\xff\xe0\xb0\x1f\xff\xdf\xb3\x1f\
\xff\xe0\xb5\x1e\xff\xde\xb7\x1e\xff\xdf\xb9 \xff\xdd\xbb \
\xff\xde\xbd \xff\xdc\xbf \xff\xdd\xc1\x1f\xff\xdb\xc3\x1f\
\xff\xdc\xc3!\xff\xda\xc6!\xff\xdb\xc7!\xff\xdb\xc8!\
\xff\xd9\xc9 \xff\xda\xca \xff\xda\xcb \xff\xd8\xcc\x22\
\xff\xd9\xcb\x22\xff\xd9\xcd\x22\xff\xd9\xcc\x22\xff\xd7\xce\x22\
\xff\xd9\xcf\x1e\xff\xaf\xa7m\xff\x9d\x96\x90\xff\xab\xa4\x9c\
\xff\xbd\xa1t\xff\xe8\x9c\x19\xff\xe6\xa1\x1c\xff\xe5\xa4\x1e\
\xff\xe3\xa6\x1d\xff\xe2\xa7\x17\xff\xe1\xaa\x16\xff\xe0\xac\x18\
\xff\xe1\xb2\x1f\xff\xdf\xb3\x1f\xff\xe0\xb6\x1e\xff\xde\xb8 \
\xff\xdf\xb9\x1f\xff\xdc\xb9\x18\xff\xdd\xbb\x18\xff\xdc\xbe\x1a\
\xff\xdd\xc2\x1f\xff\xdb\xc1\x1b\xff\xda\xc3\x19\xff\xda\xc4\x19\
\xff\xd9\xc5\x19\xff\xd9\xc6\x19\xff\xd9\xc7\x19\xff\xd8\xc7\x19\
\xff\xd8\xc8\x19\xff\xd9\xca\x1f\xff\xda\xca\x22\xff\xd8\xcc\x22\
\xff\xda\xcd\x1e\xff\xaf\xa6m\xff\x9d\x96\x90\xff\xac\xa4\x9d\
\xff\xbe\xa0t\xff\xe9\x99\x19\xff\xe7\x9c\x1d\xff\xe5\xa0\x1c\
\xff\xe5\xa5%\xff\xf7\xe7\xc8\xff\xfa\xef\xd6\xff\xf6\xe6\xbc\
\xff\xe0\xac\x18\xff\xe1\xb2\x1f\xff\xdf\xb2\x1f\xff\xe0\xb4\x1e\
\xff\xe0\xba*\xff\xf8\xf1\xd5\xff\xf9\xf3\xd7\xff\xf3\xe8\xb5\
\xff\xdb\xba\x14\xff\xf0\xe4\xa6\xff\xf8\xf4\xd7\xff\xf7\xf3\xd5\
\xff\xf7\xf4\xd5\xff\xf7\xf4\xd5\xff\xf7\xf4\xd5\xff\xf7\xf4\xd5\
\xff\xf8\xf5\xda\xff\xe1\xd4X\xff\xd9\xc8\x1e\xff\xda\xca \
\xff\xdb\xcb\x1d\xff\xae\xa6m\xff\x9d\x96\x90\xff\xac\xa5\x9d\
\xff\xbf\x9ft\xff\xea\x96\x18\xff\xe8\x9a\x1d\xff\xe6\x9c\x1c\
\xff\xe6\xa3'\xff\xfb\xf7\xf1\xff\xff\xff\xff\xff\xfb\xf3\xe3\
\xff\xe0\xa7\x16\xff\xe2\xae\x1f\xff\xe1\xb1\x1f\xff\xdf\xb1\x1e\
\xff\xe2\xb8,\xff\xfe\xff\xff\xff\xff\xff\xff\xff\xf9\xf2\xd9\
\xff\xdc\xb7\x13\xff\xf0\xe2\xaa\xff\xff\xff\xff\xff\xff\xff\xff\
\xff\xff\xff\xff\xff\xff\xff\xff\xff\xff\xff\xff\xff\xff\xff\xff\
\xff\xff\xff\xff\xff\xe4\xd5g\xff\xda\xc6\x1e\xff\xdb\xc8!\
\xff\xdc\xc9\x1d\xff\xb0\xa6m\xff\x9d\x96\x90\xff\xad\xa5\x9d\
\xff\xbe\x9ft\xff\xeb\x93\x18\xff\xe9\x97\x1b\xff\xe7\x99\x1c\
\xff\xe8\xa0%\xff\xfc\xf5\xef\xff\xff\xff\xff\xff\xfa\xf3\xe1\
\xff\xe3\xa4\x16\xff\xe3\xa9\x1d\xff\xe2\xad\x1f\xff\xe0\xaf\x1e\
\xff\xe1\xb5,\xff\xfe\xfe\xff\xff\xff\xff\xff\xff\xf8\xf0\xd7\
\xff\xdd\xb5\x17\xff\xdf\xbc*\xff\xf9\xf3\xe2\xff\xff\xff\xff\
\xff\xfe\xff\xff\xff\xed\xde\x94\xff\xe5\xd2_\xff\xe6\xd3b\
\xff\xe6\xd4e\xff\xde\xc84\xff\xdb\xc3 \xff\xdc\xc5!\
\xff\xdd\xc7\x1d\xff\xb1\xa5m\xff\x9d\x96\x90\xff\xad\xa5\x9e\
\xff\xc0\x9dv\xff\xec\x8f\x18\xff\xea\x92\x1c\xff\xe8\x95\x1b\
\xff\xe9\x9d%\xff\xfc\xf5\xef\xff\xff\xff\xff\xff\xfb\xf2\xe1\
\xff\xe4\xa0\x16\xff\xe4\xa7\x1e\xff\xe3\xa8\x1d\xff\xe1\xab\x1d\
\xff\xe3\xb2,\xff\xfd\xfd\xff\xff\xff\xff\xff\xff\xf8\xf0\xd7\
\xff\xdf\xb2\x17\xff\xde\xb6\x1b\xff\xe4\xc4P\xff\xfd\xfd\xfd\
\xff\xff\xff\xff\xff\xf8\xf3\xde\xff\xde\xbc \xff\xdc\xbd\x1c\
\xff\xdc\xbe\x1d\xff\xdc\xbf\x1f\xff\xdd\xc1\x1f\xff\xdd\xc2\x1f\
\xff\xdd\xc3\x1d\xff\xb1\xa4m\xff\x9e\x97\x91\xff\xad\xa6\x9e\
\xff\xbf\x9dt\xff\xee\x8b\x17\xff\xea\x90\x1c\xff\xe9\x92\x1b\
\xff\xea\x98%\xff\xfc\xf6\xef\xff\xff\xff\xff\xff\xfb\xf1\xe0\
\xff\xe4\x99\x0e\xff\xe4\xa0\x16\xff\xe3\xa2\x17\xff\xe3\xa4\x16\
\xff\xe3\xac%\xff\xfd\xfd\xff\xff\xff\xff\xff\xff\xf8\xef\xd7\
\xff\xe0\xaf\x17\xff\xdf\xb2\x1f\xff\xdf\xb3\x18\xff\xea\xd1x\
\xff\xff\xff\xff\xff\xff\xff\xff\xff\xf2\xe6\xb7\xff\xdd\xb8\x19\
\xff\xdd\xbc\x1f\xff\xde\xbb \xff\xde\xbc \xff\xde\xbe \
\xff\xdf\xbf\x1c\xff\xb2\xa4m\xff\x9e\x97\x91\xff\xae\xa6\x9e\
\xff\xc2\x9bt\xff\xef\x87\x17\xff\xeb\x8c\x1a\xff\xea\x8e\x1b\
\xff\xeb\x95$\xff\xfc\xf5\xef\xff\xff\xff\xff\xff\xfe\xfa\xf7\
\xff\xf8\xe5\xc5\xff\xf8\xe7\xc7\xff\xf8\xe7\xc7\xff\xf8\xe8\xc7\
\xff\xf8\xea\xcb\xff\xfe\xfe\xff\xff\xff\xff\xff\xff\xf8\xee\xd7\
\xff\xe1\xac\x17\xff\xe0\xb0\x1f\xff\xe1\xb2\x1e\xff\xdf\xb1\x19\
\xff\xf3\xe4\xb9\xff\xff\xff\xff\xff\xff\xff\xff\xff\xe9\xd0s\
\xff\xde\xb6\x1a\xff\xdf\xb9 \xff\xdf\xba \xff\xdf\xbb \
\xff\xdf\xbc\x1c\xff\xb1\xa2n\xff\x9f\x97\x91\xff\xae\xa7\x9f\
\xff\xc1\x9av\xff\xf0\x83\x17\xff\xee\x86\x1b\xff\xed\x8a\x1a\
\xff\xec\x91$\xff\xfc\xf5\xef\xff\xff\xff\xff\xff\xff\xff\xff\
\xff\xff\xff\xff\xff\xff\xff\xff\xff\xff\xff\xff\xff\xff\xff\xff\
\xff\xff\xff\xff\xff\xff\xff\xff\xff\xff\xff\xff\xff\xf8\xed\xd7\
\xff\xe2\xa7\x16\xff\xe1\xab\x1c\xff\xe1\xab\x19\xff\xe0\xac\x18\
\xff\xe0\xb1!\xff\xf9\xf1\xdf\xff\xff\xff\xff\xff\xfd\xfb\xf8\
\xff\xe4\xc1J\xff\xdf\xb5\x1c\xff\xde\xb7\x1e\xff\xde\xb6\x1e\
\xff\xe0\xb9\x1b\xff\xb3\xa1n\xff\x9f\x98\x92\xff\xaf\xa7\x9f\
\xff\xc3\x99v\xff\xf1}\x16\xff\xef\x83\x1b\xff\xed\x85\x1a\
\xff\xed\x8d$\xff\xfc\xf4\xef\xff\xff\xff\xff\xff\xfe\xfc\xf9\
\xff\xfa\xe9\xd2\xff\xfa\xea\xd4\xff\xfa\xeb\xd4\xff\xfa\xeb\xd4\
\xff\xfa\xed\xd6\xff\xfe\xfe\xfe\xff\xff\xff\xff\xff\xf9\xee\xd7\
\xff\xe2\xa2\x14\xff\xe7\xb5F\xff\xf4\xe2\xb2\xff\xf4\xe0\xae\
\xff\xf4\xe1\xac\xff\xf7\xeb\xce\xff\xff\xff\xff\xff\xff\xff\xff\
\xff\xf9\xef\xd9\xff\xe0\xb3&\xff\xe1\xb2\x1e\xff\xe1\xb2\x1f\
\xff\xe1\xb4\x1b\xff\xb2\xa1n\xff\xa0\x98\x92\xff\xaf\xa7\x9f\
\xff\xc4\x98u\xff\xf4y\x16\xff\xef}\x19\xff\xee\x81\x1a\
\xff\xef\x89#\xff\xfc\xf4\xf0\xff\xff\xff\xff\xff\xfb\xef\xe0\
\xff\xe9\x89\x0d\xff\xe9\x8f\x14\xff\xe8\x92\x14\xff\xe8\x94\x14\
\xff\xe8\x9c#\xff\xfe\xfe\xff\xff\xff\xff\xff\xff\xf9\xed\xd7\
\xff\xe3\x9d\x12\xff\xea\xba_\xff\xff\xff\xff\xff\xff\xff\xff\
\xff\xff\xff\xff\xff\xff\xff\xff\xff\xff\xff\xff\xff\xff\xff\xff\
\xff\xff\xff\xff\xff\xe7\xbfU\xff\xe0\xae\x1c\xff\xe0\xb0\x1f\
\xff\xe2\xb0\x1b\xff\xb4\xa0n\xff\xa0\x99\x92\xff\xaf\xa8\xa0\
\xff\xc3\x97w\xff\xf4t\x16\xff\xf2z\x1a\xff\xf1|\x19\
\xff\xf0\x84#\xff\xfd\xf4\xf0\xff\xff\xff\xff\xff\xfc\xef\xe1\
\xff\xeb\x87\x12\xff\xec\x8f\x1c\xff\xeb\x92\x1c\xff\xe9\x93\x1b\
\xff\xea\x9b)\xff\xfe\xfe\xff\xff\xff\xff\xff\xff\xf9\xec\xd7\
\xff\xe6\x9a\x14\xff\xe8\xaa;\xff\xf2\xce\x8a\xff\xf0\xcc\x87\
\xff\xf0\xcd\x87\xff\xf0\xce\x87\xff\xf0\xce\x87\xff\xef\xcf\x87\
\xff\xf0\xd2\x8a\xff\xe5\xb27\xff\xe2\xaa\x1c\xff\xe1\xaa\x1d\
\xff\xe3\xac\x1a\xff\xb5\x9fn\xff\xa0\x99\x93\xff\xb0\xa8\xa0\
\xff\xc4\x96u\xff\xf5p\x15\xff\xf3u\x1a\xff\xf1w\x19\
\xff\xf2\x80\x22\xff\xfd\xf3\xf0\xff\xff\xff\xff\xff\xfc\xee\xe1\
\xff\xed\x82\x13\xff\xed\x8a\x1a\xff\xec\x8d\x1c\xff\xea\x8e\x1b\
\xff\xec\x98)\xff\xfe\xfd\xff\xff\xff\xff\xff\xff\xfa\xeb\xd7\
\xff\xe7\x95\x15\xff\xe7\x9a\x1b\xff\xe6\x9a\x18\xff\xe6\x9c\x18\
\xff\xe5\x9d\x18\xff\xe5\x9f\x18\xff\xe5\xa0\x18\xff\xe4\xa1\x19\
\xff\xe4\xa2\x19\xff\xe3\xa4\x1c\xff\xe3\xa6\x1e\xff\xe4\xa7\x1e\
\xff\xe5\xa7\x1a\xff\xb4\x9eo\xff\xa1\x99\x93\xff\xb0\xa8\xa1\
\xff\xc5\x94u\xff\xf8k\x15\xff\xf3p\x18\xff\xf4r\x19\
\xff\xf3|\x22\xff\xfd\xf4\xf1\xff\xff\xff\xff\xff\xfc\xee\xe2\
\xff\xee}\x13\xff\xed\x85\x1b\xff\xec\x88\x1a\xff\xec\x8a\x1a\
\xff\xed\x94)\xff\xfe\xfe\xff\xff\xff\xff\xff\xff\xfa\xeb\xd7\
\xff\xe9\x91\x14\xff\xe8\x97\x1b\xff\xe7\x98\x1d\xff\xe8\x98\x1d\
\xff\xe6\x9b\x1d\xff\xe6\x9b\x1d\xff\xe7\x9e\x1d\xff\xe5\x9f\x1c\
\xff\xe5\xa0\x1c\xff\xe6\xa1\x1c\xff\xe6\xa0\x1e\xff\xe4\xa2\x1e\
\xff\xe6\xa3\x1a\xff\xb7\x9co\xff\xa1\x9a\x94\xff\xb1\xa9\xa1\
\xff\xc7\x93w\xff\xf8f\x14\xff\xf6k\x19\xff\xf4m\x18\
\xff\xf4u!\xff\xfc\xe2\xd3\xff\xfd\xee\xe2\xff\xfb\xde\xc6\
\xff\xf0y\x13\xff\xf0\x80\x19\xff\xee\x81\x1b\xff\xef\x84\x1a\
\xff\xee\x8d'\xff\xfb\xee\xe2\xff\xfc\xf0\xe3\xff\xf8\xdd\xbf\
\xff\xea\x8c\x15\xff\xeb\x92\x1c\xff\xea\x92\x1b\xff\xea\x95\x1b\
\xff\xe8\x95\x1b\xff\xe9\x96\x1b\xff\xe9\x99\x1d\xff\xe7\x9a\x1d\
\xff\xe8\x9b\x1d\xff\xe8\x9c\x1d\xff\xe6\x9d\x1c\xff\xe7\x9c\x1c\
\xff\xe9\x9e\x19\xff\xb6\x9bn\xff\xa2\x9a\x94\xff\xb1\xa9\xa1\
\xff\xc6\x92w\xff\xfb`\x14\xff\xf8e\x17\xff\xf7j\x19\
\xff\xf6l\x18\xff\xf4k\x11\xff\xf3m\x12\xff\xf2q\x13\
\xff\xf1x\x1a\xff\xf2y\x1a\xff\xf1}\x19\xff\xef\x80\x1b\
\xff\xee\x82\x1a\xff\xed\x81\x13\xff\xed\x83\x13\xff\xec\x85\x14\
\xff\xed\x8b\x1a\xff\xeb\x8d\x1c\xff\xea\x8f\x1c\xff\xea\x8f\x1c\
\xff\xeb\x92\x1c\xff\xe9\x93\x1c\xff\xea\x94\x1b\xff\xea\x95\x1b\
\xff\xe8\x95\x1b\xff\xe9\x97\x1b\xff\xe9\x98\x1d\xff\xe9\x99\x1d\
\xff\xe9\x98\x19\xff\xb7\x9bo\xff\xa2\x9c\x94\xff\xb2\xab\xa2\
\xff\xc7\x93w\xff\xfc]\x14\xff\xf8`\x18\xff\xf7e\x17\
\xff\xf6h\x17\xff\xf5i\x19\xff\xf6n\x18\xff\xf5o\x18\
\xff\xf4s\x18\xff\xf2v\x1a\xff\xf1w\x1a\xff\xf2{\x19\
\xff\xf1|\x19\xff\xef~\x19\xff\xf0\x80\x1b\xff\xef\x84\x1b\
\xff\xed\x86\x1b\xff\xee\x88\x1a\xff\xec\x88\x1a\xff\xed\x8b\x1a\
\xff\xeb\x8d\x1a\xff\xec\x8e\x1c\xff\xea\x8f\x1c\xff\xea\x8f\x1c\
\xff\xeb\x92\x1c\xff\xe9\x91\x1c\xff\xe9\x93\x1b\xff\xe9\x94\x1b\
\xff\xec\x93\x18\xff\xb9\x9ao\xff\xa2\x9c\x95\xff\xb2\xab\xa2\
\xff\xc8\x92v\xff\xfe\x5c\x12\xff\xfc^\x15\xff\xfb^\x15\
\xff\xfa`\x15\xff\xf9c\x15\xff\xf8f\x17\xff\xf7j\x16\
\xff\xf7k\x16\xff\xf6o\x16\xff\xf5r\x18\xff\xf4t\x18\
\xff\xf4w\x18\xff\xf3y\x18\xff\xf2{\x18\xff\xf2}\x17\
\xff\xf1\x7f\x19\xff\xf1\x81\x19\xff\xf0\x82\x19\xff\xf0\x84\x19\
\xff\xef\x86\x19\xff\xef\x87\x19\xff\xee\x89\x19\xff\xee\x8a\x19\
\xff\xed\x8b\x19\xff\xed\x8c\x1a\xff\xed\x8d\x1a\xff\xed\x8e\x1a\
\xff\xee\x8e\x16\xff\xb9\x99o\xff\xa3\x9c\x95\xff\xb2\xa9\xa2\
\xfd\xc0\x9b\x85\xff\xe2xF\xff\xe0zH\xff\xe0yH\
\xff\xdfyH\xff\xdfzG\xff\xde|G\xff\xdd}H\
\xff\xdc\x7fH\xff\xdb\x80G\xff\xdb\x82G\xff\xda\x83H\
\xff\xda\x84G\xff\xd9\x86G\xff\xd8\x87G\xff\xd8\x88G\
\xff\xd7\x89G\xff\xd7\x8aG\xff\xd6\x8bG\xff\xd6\x8cG\
\xff\xd5\x8cG\xff\xd5\x8dG\xff\xd5\x8eG\xff\xd4\x8fF\
\xff\xd4\x8fF\xff\xd3\x90F\xff\xd3\x90F\xff\xd2\x90F\
\xff\xd4\x91D\xff\xb2\x99|\xff\xa3\x9c\x95\xfd\xb0\xa9\xa1\
\xad\xb2\xaa\xa3\xff\xb0\xac\xa5\xff\xaf\xab\xa4\xff\xaf\xab\xa4\
\xff\xae\xaa\xa5\xff\xae\xaa\xa4\xff\xad\xaa\xa4\xff\xad\xa9\xa2\
\xff\xac\xa9\xa3\xff\xac\xa8\xa1\xff\xab\xa8\xa1\xff\xab\xa6\xa2\
\xff\xaa\xa6\xa0\xff\xaa\xa5\xa0\xff\xa9\xa5\x9f\xff\xa9\xa5\x9f\
\xff\xa8\xa4\x9f\xff\xa8\xa4\x9e\xff\xa7\xa3\x9e\xff\xa7\xa3\x9d\
\xff\xa6\xa2\x9d\xff\xa6\xa2\x9c\xff\xa6\xa2\x9c\xff\xa5\xa0\x9b\
\xff\xa4\xa0\x9b\xff\xa4\x9f\x9b\xff\xa3\x9f\x9a\xff\xa3\x9e\x9a\
\xff\xa2\x9e\x99\xff\xa3\x9d\x97\xff\xa4\x9d\x95\xae\xc4\x95|\
\x07\xbe\x9a\x87E\xc0\x9a\x84N\xc1\x99\x83N\xc1\x98\x81\
N\xc3\x96|N\xc4\x95zN\xc3\x95zN\xc3\x96z\
N\xc2\x96yN\xc1\x96yN\xc1\x97yN\xc0\x97x\
N\xc0\x97xN\xbf\x98xN\xbf\x98xN\xbe\x98w\
N\xbe\x98wN\xbd\x98wN\xbd\x9awN\xbc\x99w\
N\xbc\x99vN\xbb\x99vN\xbb\x99uN\xba\x99u\
N\xba\x99uN\xb9\x99uN\xb7\x99xN\xb6\x99y\
N\xb4\x99zN\xb4\x9azF\xba\x98o\x08\x00\x00\x00\
\x00\x00\x00\x00\x00\x00\x00\x00\x00\x00\x00\x00\x00\x00\x00\x00\
\x00\x00\x00\x00\x00\x00\x00\x00\x00\x00\x00\x00\x00\x00\x00\x00\
\x00\x00\x00\x00\x00\x00\x00\x00\x00\x00\x00\x00\x00\x00\x00\x00\
\x00\x00\x00\x00\x00\x00\x00\x00\x00\x00\x00\x00\x00\x00\x00\x00\
\x00\x00\x00\x00\x00\x00\x00\x00\x00\x00\x00\x00\x00\x00\x00\x00\
\x00\x00\x00\x00\x00\x00\x00\x00\x00\x00\x00\x00\x00\x00\x00\x00\
\x00\x00\x00\x00\x00\x00\x00\x00\x00\x00\x00\x00\x00\x00\x00\x00\
\x00\x00\x00\x00\x00\x00\x00\x00\x00\x00\x00\x00\x00\xfe\x00\x00\
\x7f\xfe\x00\x00\x7f\xfe\x00\x00\x7f\xfe\x00\x00\x7f\xfe\x00\x00\
\x7f\xff\xf0\x0f\xff\x00\x00\x00\x00\x00\x00\x00\x00\x00\x00\x00\
\x00\x00\x00\x00\x00\x00\x00\x00\x00\x00\x00\x00\x00\x00\x00\x00\
\x00\x00\x00\x00\x00\x00\x00\x00\x00\x00\x00\x00\x00\x00\x00\x00\
\x00\x00\x00\x00\x00\x00\x00\x00\x00\x00\x00\x00\x00\x00\x00\x00\
\x00\x00\x00\x00\x00\x00\x00\x00\x00\x00\x00\x00\x00\x00\x00\x00\
\x00\x00\x00\x00\x00\x00\x00\x00\x00\x00\x00\x00\x00\x00\x00\x00\
\x00\x00\x00\x00\x00\x00\x00\x00\x00\xff\xff\xff\xff(\x00\x00\
\x00\x18\x00\x00\x000\x00\x00\x00\x01\x00 \x00\x00\x00\x00\
\x00`\x09\x00\x00\x00\x00\x00\x00\x00\x00\x00\x00\x00\x00\x00\
\x00\x00\x00\x00\x00\x00\x00\x00\x00\x00\x00\x00\x00\x00\x00\x00\
\x00\x00\x00\x00\x00\x00\x00\x00\x00\x83|q\x0b\x85|q\
Y\x84{pY\x85|qY\x84{pY\x86}r\
Y\x86}rY\x84{pY\x86}rY\x84{p\
Y\x84{pY\x84{pY\x85|qY\x85|q\
\x0b\x00\x00\x00\x00\x00\x00\x00\x00\x00\x00\x00\x00\x00\x00\x00\
\x00\x00\x00\x00\x00\x00\x00\x00\x00\x00\x00\x00\x00\x00\x00\x00\
\x00\x00\x00\x00\x00\x00\x00\x00\x00\x84{pI\x84{p\
\xff\x86}r\xff\x84{p\xff\x86}r\xff\x86}r\
\xff\x86}r\xff\x84{p\xff\x86}r\xff\x84{p\
\xff\x86}r\xff\x86}r\xff\x84{p\xff\x84{p\
I\x00\x00\x00\x00\x00\x00\x00\x00\x00\x00\x00\x00\x00\x00\x00\
\x00\x00\x00\x00\x00\x00\x00\x00\x00\x00\x00\x00\x00\x00\x00\x00\
\x00\x00\x00\x00\x00\x00\x00\x00\x00\x89\x80uB\x84{p\
\xff\x84{p\xff\x84{p\xff\x85|q\xff\x85|q\
\xfd\x85|q\xfd\x85|q\xfe\x85|q\xfd\x85|q\
\xff\x84{p\xff\x84{p\xff\x84{p\xff\x87~t\
B\x00\x00\x00\x00\x00\x00\x00\x00\x00\x00\x00\x00\x00\x00\x00\
\x00\x00\x00\x00\x00\x00\x00\x00\x00\x00\x00\x00\x00\x00\x00\x00\
\x00\x00\x00\x00\x00\x00\x00\x00\x00\x00\x00\x00\x00\x90\x86x\
\x22\x8d\x84v$\x8a\x81t!\x84{p\x97\x80xn\
\xff\x80xn\xff\x80wn\xfd\x80xn\xff\x84{o\
\x96\x89\x80s!\x8b\x82t$\x8d\x84u\x22\x00\x00\x00\
\x00\x00\x00\x00\x00\x00\x00\x00\x00\x00\x00\x00\x00\x00\x00\x00\
\x00\x00\x00\x00\x00\xb6\xa2{\x02\xb8\xa2x\x0c\xb8\xa3v\
\x0c\xb5\xa0r\x0c\xb1\x9dm\x0c\xad\x9am\x0c\xa9\x98n\
\x0b\xa2\x94n\x0b\x9e\x92m\x08yp`\x8ae^Y\
\xfff_Y\xffd_Y\xfdd^Y\xffxp`\
\x8a\x9a\x91l\x08\x9d\x94l\x0b\xa1\x98l\x0b\xa5\x9dk\
\x0c\xa8\xa0i\x0c\xaa\xa3k\x0c\xad\xa6m\x0c\xad\xa6n\
\x0c\xad\xa6p\x02\xaa\xa2\x96\x94\xa8\xa0\x9d\xe3\xa6\xa0\x9c\
\xe3\xa5\x9f\x9d\xe3\xa6\x9f\x9c\xe3\xa5\x9e\x9a\xe3\xa4\x9d\x9b\
\xe3\xa4\x9d\x99\xe3\xa3\x9c\x9a\xe3\x9e\x97\x93\xf1\x99\x93\x8f\
\xfe\x9a\x92\x8f\xfd\x99\x92\x8e\xfe\x97\x91\x8e\xfe\x9b\x93\x91\
\xf1\x9e\x98\x95\xe3\x9e\x96\x94\xe3\x9d\x96\x94\xe3\x9c\x95\x93\
\xe3\x9c\x95\x93\xe3\x9a\x93\x92\xe3\x9a\x93\x92\xe3\x9b\x94\x91\
\xe3\x9d\x97\x8a\x92\xa9\xa3\x9c\xff\xc9\xa3W\xff\xd2\xa5A\
\xfe\xd0\xa8B\xff\xcf\xabB\xff\xce\xadB\xfe\xcd\xafC\
\xff\xcd\xb1C\xff\xcc\xb3C\xfe\xcc\xb6B\xff\xcb\xb7C\
\xff\xcb\xb9C\xff\xca\xbaB\xfd\xca\xbbC\xff\xc9\xbcB\
\xfe\xc7\xbbC\xff\xc7\xbcC\xff\xc6\xbdB\xfe\xc6\xbdB\
\xff\xc6\xbfB\xff\xc5\xbeB\xfe\xc6\xc0A\xff\xbb\xb5U\
\xff\x9b\x94\x90\xff\xa9\xa3\x9e\xff\xd7\xa0:\xff\xe5\xa4\x19\
\xfd\xe3\xa9\x1c\xff\xe2\xad\x1c\xff\xe1\xb1\x1c\xfd\xe0\xb4\x1d\
\xff\xdf\xb7\x1d\xff\xde\xba\x1d\xfd\xde\xbc\x1e\xff\xdd\xbf\x1e\
\xff\xdc\xc2\x1e\xff\xdb\xc4\x1e\xfd\xdb\xc6\x1f\xff\xda\xc8\x1e\
\xfd\xda\xc9\x1f\xff\xda\xca\x1f\xff\xd9\xcc\x1f\xfd\xd9\xcd \
\xff\xd8\xce \xff\xd8\xce\x1f\xfd\xd9\xd0\x1f\xff\xc9\xc2:\
\xff\x9b\x94\x91\xfe\xaa\xa3\x9e\xfd\xd8\x9e:\xfd\xe6\x9f\x1b\
\xfe\xe3\xa5\x1c\xfd\xe2\xa7\x1a\xfd\xe1\xaa\x16\xfe\xe0\xae\x19\
\xfd\xe0\xb3\x1d\xfd\xde\xb6\x1f\xfe\xdf\xb9\x1e\xfd\xdd\xb9\x1a\
\xfd\xdb\xbb\x17\xfd\xdb\xbe\x1b\xfe\xdb\xc2\x1d\xfd\xd9\xc2\x18\
\xfe\xd9\xc5\x18\xfd\xd8\xc6\x18\xfd\xd8\xc7\x18\xfe\xd8\xc8\x19\
\xfd\xd8\xc8\x1b\xfd\xd9\xca \xfe\xd9\xcc\x1f\xfd\xca\xbf;\
\xfd\x9b\x94\x91\xfe\xab\xa4\x9e\xff\xd9\x9b:\xff\xe7\x9b\x1a\
\xfd\xe5\x9e\x19\xff\xef\xc7{\xff\xfb\xf6\xe8\xfd\xf1\xda\x9b\
\xff\xe0\xad\x19\xff\xdf\xb2\x1d\xfd\xdf\xb3\x1a\xff\xed\xd9\x8a\
\xff\xfa\xf7\xe8\xff\xee\xde\x93\xfd\xe3\xcbQ\xff\xfb\xf8\xe7\
\xfd\xfa\xf6\xe1\xff\xfa\xf7\xe2\xff\xfa\xf8\xe3\xfd\xfa\xf8\xe5\
\xff\xf1\xea\xb4\xff\xd9\xc7\x1c\xfd\xda\xca\x1f\xff\xcb\xbd;\
\xff\x9b\x94\x91\xfd\xab\xa5\xa0\xff\xdb\x98:\xff\xe9\x97\x1a\
\xfd\xe7\x9a\x18\xff\xf0\xcb\x8a\xff\xff\xff\xff\xfd\xf4\xe0\xae\
\xff\xe2\xa8\x18\xff\xe0\xae\x1d\xfd\xe0\xaf\x1a\xff\xf0\xdc\x9a\
\xff\xff\xff\xff\xff\xf1\xe2\xa6\xfd\xdf\xbd,\xff\xfa\xf6\xe7\
\xfd\xff\xff\xff\xff\xfc\xf9\xee\xff\xf6\xee\xc7\xfd\xf6\xf0\xcb\
\xff\xef\xe3\xa0\xff\xda\xc4\x1d\xfd\xdb\xc6\x1f\xff\xcc\xba:\
\xff\x9c\x95\x92\xfd\xac\xa5\x9f\xff\xdc\x94:\xff\xea\x92\x1a\
\xfd\xe8\x95\x17\xff\xf1\xc8\x89\xff\xfe\xff\xff\xfd\xf5\xdd\xad\
\xff\xe3\xa3\x17\xff\xe2\xa8\x1c\xfd\xe1\xaa\x17\xff\xf1\xda\x99\
\xff\xff\xff\xff\xff\xf1\xe0\xa6\xfd\xdd\xb4\x15\xff\xe5\xc7V\
\xfd\xfe\xff\xff\xff\xfb\xf9\xee\xff\xe0\xc36\xfd\xdb\xbc\x17\
\xff\xdc\xbe\x1b\xff\xdb\xc1\x1f\xfd\xdc\xc2\x1e\xff\xcd\xb9:\
\xff\x9c\x95\x92\xfd\xac\xa5\xa1\xfd\xdd\x90:\xfd\xeb\x8d\x19\
\xfe\xe9\x91\x16\xfd\xf2\xc5\x89\xfd\xfe\xff\xff\xfe\xf5\xde\xb4\
\xfd\xe7\xa6,\xfd\xe6\xac1\xfe\xe5\xad,\xfd\xf2\xdb\xa2\
\xfd\xfe\xff\xff\xfd\xf2\xdf\xa6\xfe\xe0\xb0\x18\xfd\xdf\xb1\x17\
\xfe\xec\xd4\x85\xfd\xff\xff\xff\xfd\xf8\xf2\xdc\xfe\xde\xb9\x1f\
\xfd\xdd\xba\x1e\xfd\xde\xbb\x1e\xfe\xde\xbd\x1d\xfd\xce\xb4:\
\xfd\x9d\x96\x93\xfe\xad\xa7\xa0\xff\xdf\x8c:\xff\xed\x88\x19\
\xfd\xeb\x8a\x16\xff\xf3\xc3\x88\xff\xfe\xff\xff\xfd\xfe\xfd\xfc\
\xff\xfd\xfb\xf8\xff\xfe\xfb\xf8\xfd\xfd\xfc\xf8\xff\xfe\xfd\xfb\
\xff\xff\xff\xff\xff\xf2\xdd\xa6\xfd\xe1\xab\x18\xff\xe0\xae\x19\
\xfd\xe0\xaf\x1a\xff\xf4\xe5\xba\xff\xff\xff\xff\xfd\xef\xdd\x9c\
\xff\xdf\xb5\x1d\xff\xde\xb8\x1e\xfd\xdf\xb9\x1d\xff\xcf\xb1:\
\xff\x9e\x96\x93\xfd\xac\xa7\xa2\xfd\xe0\x88:\xfd\xef\x82\x18\
\xfe\xed\x84\x15\xfd\xf4\xc0\x88\xfd\xfe\xff\xff\xfe\xfd\xf9\xf4\
\xfd\xfb\xf1\xe0\xfd\xfb\xf1\xe1\xfe\xfb\xf1\xe0\xfd\xfd\xf8\xf1\
\xfd\xfe\xff\xff\xfd\xf3\xda\xa5\xfe\xe2\xa6\x1b\xfd\xee\xcf\x7f\
\xfe\xee\xd3\x86\xfd\xf1\xda\x9d\xfd\xfe\xfd\xfd\xfe\xfe\xff\xff\
\xfd\xe9\xc8e\xfd\xdf\xb2\x1b\xfe\xe0\xb4\x1c\xfd\xd0\xad:\
\xfd\x9e\x98\x94\xfe\xae\xa8\xa2\xff\xe2\x839\xff\xf1|\x18\
\xfd\xef~\x15\xff\xf5\xbc\x88\xff\xfe\xff\xff\xfd\xf6\xd4\xaa\
\xff\xe9\x8a\x0e\xff\xe9\x90\x14\xfd\xe7\x92\x0e\xff\xf3\xce\x95\
\xff\xff\xff\xff\xff\xf4\xd8\xa5\xfd\xe5\xa3\x22\xff\xfd\xf9\xf7\
\xfd\xff\xff\xff\xff\xff\xff\xff\xff\xfe\xff\xff\xfd\xff\xff\xff\
\xff\xf5\xe6\xc2\xff\xe1\xab\x18\xfd\xe1\xaf\x1d\xff\xd1\xaa:\
\xff\x9f\x98\x94\xfd\xad\xa9\xa3\xff\xe3~9\xff\xf3u\x17\
\xfd\xf1x\x15\xff\xf6\xb9\x88\xff\xfe\xff\xff\xfd\xf8\xd4\xad\
\xff\xec\x87\x15\xff\xea\x8f\x1a\xfd\xea\x8f\x16\xff\xf5\xce\x98\
\xff\xff\xff\xff\xff\xf5\xd6\xa5\xfd\xe7\x9a\x18\xff\xe8\xa5/\
\xfd\xe8\xa8/\xff\xe7\xaa1\xff\xe7\xab1\xfd\xe6\xac1\
\xff\xe5\xac+\xff\xe2\xa7\x1d\xfd\xe3\xa9\x1c\xff\xd3\xa69\
\xff\x9e\x99\x95\xfd\xae\xa9\xa3\xfd\xe4z9\xfd\xf4o\x17\
\xfe\xf2q\x14\xfd\xf8\xb7\x89\xfd\xfe\xff\xff\xfe\xf9\xd2\xae\
\xfd\xed\x81\x13\xfd\xec\x87\x1b\xfe\xeb\x89\x15\xfd\xf6\xcc\x9a\
\xfd\xfe\xff\xff\xfd\xf5\xd4\xa8\xfe\xe8\x93\x16\xfd\xe7\x97\x1b\
\xfe\xe7\x99\x1a\xfd\xe6\x9b\x1a\xfd\xe5\x9d\x1b\xfe\xe5\x9e\x1b\
\xfd\xe5\xa0\x1c\xfd\xe4\xa2\x1d\xfe\xe5\xa3\x1b\xfd\xd4\xa19\
\xfd\xa0\x99\x95\xfe\xaf\xab\xa4\xff\xe6u8\xff\xf7i\x16\
\xfd\xf4l\x16\xff\xf6\x9a`\xff\xfa\xcf\xb1\xfd\xf7\xafx\
\xff\xf0z\x16\xff\xf0\x81\x19\xfd\xee\x82\x17\xff\xf4\xb0j\
\xff\xf8\xd7\xb2\xff\xf3\xb8s\xfd\xea\x8e\x18\xff\xe9\x92\x1a\
\xfd\xea\x94\x1c\xff\xe8\x96\x1c\xff\xe9\x96\x1c\xfd\xe7\x99\x1b\
\xff\xe8\x99\x1d\xff\xe8\x9a\x1b\xfd\xe7\x9b\x1b\xff\xd6\x9d9\
\xff\x9f\x9a\x96\xfd\xaf\xab\xa4\xff\xe8q8\xff\xf8a\x16\
\xfd\xf7h\x17\xff\xf5i\x16\xff\xf4k\x13\xfd\xf3p\x15\
\xff\xf3w\x18\xff\xf2y\x1a\xfd\xf1~\x1a\xff\xee\x7f\x16\
\xff\xee\x81\x13\xff\xed\x85\x17\xfd\xec\x89\x1b\xff\xeb\x8a\x1b\
\xfd\xec\x8e\x1b\xff\xea\x90\x1a\xff\xeb\x92\x1a\xfd\xe9\x93\x1c\
\xff\xea\x94\x1c\xff\xe8\x95\x1c\xfd\xe9\x95\x1a\xff\xd8\x978\
\xff\xa0\x9b\x96\xfd\xaf\xab\xa4\xfe\xe9p6\xfd\xfc]\x12\
\xfe\xfa_\x13\xfd\xf9c\x15\xfd\xf8f\x15\xfe\xf7j\x14\
\xfd\xf6n\x16\xfd\xf5q\x16\xfe\xf4t\x16\xfd\xf3x\x16\
\xfd\xf2z\x17\xfd\xf1}\x17\xfe\xf1\x81\x17\xfd\xf0\x83\x17\
\xfe\xef\x85\x17\xfd\xee\x87\x18\xfd\xee\x89\x18\xfe\xed\x8b\x18\
\xfd\xed\x8d\x18\xfd\xed\x8e\x18\xfe\xed\x8f\x16\xfd\xda\x936\
\xfd\xa0\x9c\x97\xfe\xb0\xaa\xa3\xf9\xcb\x8eo\xff\xd4\x85^\
\xff\xd3\x86_\xff\xd2\x86_\xff\xd1\x87^\xff\xd0\x88_\
\xff\xcf\x8a^\xff\xcf\x8b^\xff\xce\x8b^\xff\xcd\x8e^\
\xff\xcc\x8d^\xff\xcb\x90]\xff\xcb\x8f]\xff\xca\x90]\
\xff\xca\x91]\xff\xc9\x91]\xff\xc8\x92\x5c\xff\xc8\x93\x5c\
\xff\xc7\x93\x5c\xff\xc6\x93[\xff\xc7\x93Z\xff\xbe\x96i\
\xff\xa2\x9c\x96\xf8\xb7\xa2\x93g\xb4\xa8\x9d\xbd\xb3\xa8\x9d\
\xbd\xb3\xa7\x9c\xbd\xb3\xa6\x9a\xbd\xb2\xa5\x9a\xbd\xb1\xa5\x99\
\xbd\xb1\xa5\x99\xbd\xb0\xa3\x98\xbd\xaf\xa3\x98\xbd\xaf\xa3\x97\
\xbd\xae\xa2\x97\xbd\xad\xa2\x96\xbd\xad\xa1\x96\xbd\xac\xa1\x95\
\xbd\xac\xa1\x95\xbd\xab\x9f\x94\xbd\xaa\xa0\x93\xbd\xa9\x9e\x93\
\xbd\xa9\x9e\x93\xbd\xa8\x9d\x93\xbd\xa7\x9d\x92\xbd\xa7\x9d\x91\
\xbc\xab\x9b\x87h\x00\x00\x00\x00\x00\x00\x00\x00\x00\x00\x00\
\x00\x00\x00\x00\x00\x00\x00\x00\x00\x00\x00\x00\x00\x00\x00\x00\
\x00\x00\x00\x00\x00\x00\x00\x00\x00\x00\x00\x00\x00\x00\x00\x00\
\x00\x00\x00\x00\x00\x00\x00\x00\x00\x00\x00\x00\x00\x00\x00\x00\
\x00\x00\x00\x00\x00\x00\x00\x00\x00\x00\x00\x00\x00\x00\x00\x00\
\x00\x00\x00\x00\x00\x00\x00\x00\x00\x00\x00\x00\x00\x00\x00\x00\
\x00\x00\x00\x00\x00\xf8\x00\x1f\x00\xf8\x00\x1f\x00\xf8\x00\x1f\
\x00\xfc\x00?\x00\x00\x00\x00\x00\x00\x00\x00\x00\x00\x00\x00\
\x00\x00\x00\x00\x00\x00\x00\x00\x00\x00\x00\x00\x00\x00\x00\x00\
\x00\x00\x00\x00\x00\x00\x00\x00\x00\x00\x00\x00\x00\x00\x00\x00\
\x00\x00\x00\x00\x00\x00\x00\x00\x00\x00\x00\x00\x00\x00\x00\x00\
\x00\x00\x00\x00\x00\x00\x00\x00\x00\x00\x00\x00\x00\x00\x00\x00\
\x00\xff\xff\xff\x00(\x00\x00\x00\x10\x00\x00\x00 \x00\x00\
\x00\x01\x00 \x00\x00\x00\x00\x00@\x04\x00\x00\x00\x00\x00\
\x00\x00\x00\x00\x00\x00\x00\x00\x00\x00\x00\x00\x00\x00\x00\x00\
\x00\x00\x00\x00\x00\x00\x00\x00\x00\x84{p\x10\x84{p\
\x92\x84{p\x8f\x84{p\x8f\x86}r\x8f\x86}r\
\x8f\x86}r\x8f\x84{p\x8f\x85|q\x92\x84{p\
\x10\x00\x00\x00\x00\x00\x00\x00\x00\x00\x00\x00\x00\x00\x00\x00\
\x00\x00\x00\x00\x00\x00\x00\x00\x00\x87~t-\x84{q\
\xff\x85|r\xff\x86}r\xff\x86}r\xff\x86}r\
\xff\x86}r\xff\x85|r\xff\x83zp\xff\x87}t\
-\x00\x00\x00\x00\x00\x00\x00\x00\x00\x00\x00\x00\x00\x00\x00\
\x00\x00\x00\x00\x00\x00\x00\x00\x00\x00\x00\x00\x00\x95\x8ar\
\x0f\x91\x85p\x0a|sh\xb4wof\xffwof\
\xff|sh\xb4\x8e\x84o\x0a\x91\x89p\x0f\x00\x00\x00\
\x00\x00\x00\x00\x00\x00\x00\x00\x00\x00\x00\x00\x00\xae\xa2\x8e\
w\xab\xa1\x93\xa3\xa9\x9f\x91\xa2\xa7\x9e\x90\xa2\xa6\x9c\x90\
\xa2\xa3\x9b\x8f\xa0\x8a\x85\x84\xe2\x83}\x7f\xff\x82}~\
\xff\x88\x82\x81\xe2\x9f\x97\x8c\xa0\x9e\x96\x8a\xa2\x9f\x97\x89\
\xa2\x9f\x98\x89\xa2\xa0\x99\x88\xa4\xa2\x9b\x82v\xaf\xa1\x8e\
\xff\xdb\xa5-\xff\xd7\xaa4\xff\xd5\xae4\xff\xd4\xb24\
\xff\xd3\xb64\xff\xd4\xba5\xff\xd3\xbe6\xff\xd2\xc06\
\xff\xd1\xc26\xff\xce\xc35\xff\xce\xc35\xff\xcd\xc45\
\xff\xcc\xc54\xff\xce\xc70\xff\xa2\x9b\x85\xff\xb2\xa2\x8d\
\xff\xe9\xa0\x14\xff\xe4\xa7\x1b\xff\xe1\xa8\x0f\xff\xdf\xaf\x18\
\xff\xdf\xb6\x1c\xff\xde\xba\x1d\xff\xdb\xba\x11\xff\xdc\xc1\x19\
\xff\xd9\xc2\x15\xff\xd9\xc4\x12\xff\xd8\xc6\x12\xff\xd7\xc8\x12\
\xff\xd9\xcc\x1e\xff\xdc\xd0\x1a\xff\xa4\x9c\x82\xff\xb2\xa2\x8d\
\xff\xeb\x98\x14\xff\xe5\x9e\x18\xff\xfd\xfb\xf9\xff\xed\xccv\
\xff\xe0\xae\x19\xff\xdf\xb4\x1c\xff\xfd\xff\xff\xff\xe7\xd1f\
\xff\xf7\xf2\xd7\xff\xfc\xfb\xf3\xff\xfe\xfd\xf9\xff\xff\xff\xff\
\xff\xdd\xcd;\xff\xdc\xcb\x18\xff\xa3\x9c\x82\xff\xb3\xa1\x8e\
\xff\xed\x92\x14\xff\xe7\x97\x18\xff\xff\xff\xff\xff\xee\xc8w\
\xff\xe1\xa4\x12\xff\xe0\xab\x17\xff\xff\xff\xff\xff\xe9\xd0q\
\xff\xe4\xc7S\xff\xff\xff\xff\xff\xe8\xd4q\xff\xdf\xc77\
\xff\xdc\xc2#\xff\xdf\xc6\x19\xff\xa4\x9c\x83\xff\xb4\xa1\x8e\
\xff\xef\x89\x13\xff\xe9\x90\x17\xff\xfe\xff\xff\xff\xf6\xda\xa9\
\xff\xed\xc1i\xff\xec\xc7l\xff\xff\xff\xff\xff\xeb\xcdu\
\xff\xdd\xab\x0a\xff\xee\xd7\x91\xff\xfe\xfe\xff\xff\xde\xb9!\
\xff\xdd\xba\x1d\xff\xe1\xbd\x1a\xff\xa5\x9b\x83\xff\xb5\xa1\x8f\
\xff\xf2\x80\x11\xff\xeb\x88\x16\xff\xfd\xfe\xff\xff\xfd\xfd\xfd\
\xff\xfd\xfc\xf9\xff\xfd\xfa\xf9\xff\xfe\xff\xff\xff\xed\xc7r\
\xff\xe7\xb9F\xff\xe8\xc4[\xff\xfd\xfb\xf6\xff\xf8\xef\xd4\
\xff\xde\xb1\x17\xff\xe3\xb6\x18\xff\xa6\x9a\x85\xff\xb6\xa1\x8f\
\xff\xf5w\x12\xff\xee~\x15\xff\xfd\xff\xff\xff\xf1\xb9r\
\xff\xe7\x89\x08\xff\xe7\x91\x0e\xff\xff\xff\xff\xff\xee\xc0m\
\xff\xf1\xcf\x90\xff\xfa\xed\xd6\xff\xf8\xea\xca\xff\xf9\xed\xd5\
\xff\xe2\xb0-\xff\xe5\xae\x16\xff\xa7\x9b\x85\xff\xb8\xa0\x90\
\xff\xf7m\x10\xff\xf2u\x15\xff\xff\xff\xff\xff\xf5\xb8|\
\xff\xec\x85\x14\xff\xeb\x8d\x19\xff\xff\xff\xff\xff\xf0\xc0w\
\xff\xe6\x93\x0f\xff\xe5\x97\x12\xff\xe4\x9a\x12\xff\xe4\x9c\x12\
\xff\xe4\xa2\x1b\xff\xe7\xa5\x18\xff\xa8\x9b\x86\xff\xb9\xa1\x90\
\xff\xfab\x10\xff\xf5k\x16\xff\xf8\xac{\xff\xf3\x8e?\
\xff\xef{\x17\xff\xee\x83\x19\xff\xf5\xbb\x7f\xff\xee\x9d>\
\xff\xea\x8e\x19\xff\xea\x93\x1c\xff\xe8\x96\x1c\xff\xe9\x98\x1c\
\xff\xe7\x9a\x1b\xff\xeb\x9b\x16\xff\xa9\x9b\x86\xff\xba\xa1\x91\
\xff\xffW\x0a\xff\xfc`\x11\xff\xf9b\x0c\xff\xf7j\x10\
\xff\xf7q\x13\xff\xf5v\x14\xff\xf3w\x0e\xff\xf1\x7f\x11\
\xff\xf1\x82\x15\xff\xf0\x87\x15\xff\xee\x8a\x15\xff\xef\x8c\x15\
\xff\xee\x8e\x16\xff\xf1\x90\x10\xff\xab\x9a\x86\xff\xb3\xa7\x9d\
\xee\xc7\x93x\xff\xc5\x93z\xff\xc3\x94y\xff\xc2\x95z\
\xff\xc2\x95x\xff\xc1\x96x\xff\xbe\x97w\xff\xbe\x96w\
\xff\xbd\x97v\xff\xbb\x97v\xff\xbc\x98u\xff\xb9\x98u\
\xff\xba\x98s\xff\xb9\x98r\xff\xa5\x9c\x92\xee\xc4\x95{\
\x0c\xc3\x96|!\xc7\x93v!\xc9\x90o!\xc8\x91o\
!\xc6\x92n!\xc5\x93n!\xc4\x94m!\xc3\x96m\
!\xc2\x95m!\xc1\x97l!\xc0\x96l!\xbf\x98k\
!\xbd\x97m!\xb8\x99s!\xb9\x97o\x0d\xe0\x07\x00\
\x00\xe0\x07\x00\x00\xf0\x0f\x00\x00\x00\x00\x00\x00\x00\x00\x00\
\x00\x00\x00\x00\x00\x00\x00\x00\x00\x00\x00\x00\x00\x00\x00\x00\
\x00\x00\x00\x00\x00\x00\x00\x00\x00\x00\x00\x00\x00\x00\x00\x00\
\x00\x00\x00\x00\x00\x00\x00\x00\x00\x00\x00\x00\x00\
"

qt_resource_name = b"\
\x00\x06\
\x06\x8a\x9c\xb3\
\x00a\
\x00s\x00s\x00e\x00t\x00s\
\x00\x05\
\x00o\xa6S\
\x00i\
\x00c\x00o\x00n\x00s\
\x00\x0a\
\x0c1\x17S\
\x00t\
\x00r\x00a\x00y\x00-\x00i\x00c\x00o\x00n\x00s\
\x00\x04\
\x00\x06\xa8\x8b\
\x00d\
\x00a\x00r\x00k\
\x00\x05\
\x00r\xfd\xf4\
\x00l\
\x00i\x00g\x00h\x00t\
\x00\x0d\
\x09\xec\xdd\xe7\
\x00f\
\x00l\x00u\x00e\x00n\x00t\x00@\x002\x00x\x00.\x00p\x00n\x00g\
\x00\x0e\
\x00'+\x87\
\x00m\
\x00d\x00l\x002\x00@\x001\x00.\x002\x005\x00x\x00.\x00p\x00n\x00g\
\x00\x0f\
\x06A\xe5\xa7\
\x00f\
\x00l\x00u\x00e\x00n\x00t\x00@\x001\x00.\x005\x00x\x00.\x00p\x00n\x00g\
\x00\x0d\
\x09\xcc\xdd\xe7\
\x00f\
\x00l\x00u\x00e\x00n\x00t\x00@\x004\x00x\x00.\x00p\x00n\x00g\
\x00\x0d\
\x06\x95\x90\x87\
\x00m\
\x00d\x00l\x002\x00@\x001\x00.\x005\x00x\x00.\x00p\x00n\x00g\
\x00\x10\
\x0d`y\x87\
\x00f\
\x00l\x00u\x00e\x00n\x00t\x00@\x001\x00.\x002\x005\x00x\x00.\x00p\x00n\x00g\
\x00\x0b\
\x03|\x09\x87\
\x00m\
\x00d\x00l\x002\x00@\x002\x00x\x00.\x00p\x00n\x00g\
\x00\x0a\
\x0cZ\xe8\xff\
\x00f\
\x00l\x00u\x00e\x00n\x00t\x00.\x00i\x00c\x00o\
\x00\x0d\
\x09\xfc\xdd\xe7\
\x00f\
\x00l\x00u\x00e\x00n\x00t\x00@\x001\x00x\x00.\x00p\x00n\x00g\
\x00\x0b\
\x03l\x09\x87\
\x00m\
\x00d\x00l\x002\x00@\x001\x00x\x00.\x00p\x00n\x00g\
\x00\x08\
\x0a\xf5A\xff\
\x00m\
\x00d\x00l\x002\x00.\x00i\x00c\x00o\
\x00\x0b\
\x03\x5c\x09\x87\
\x00m\
\x00d\x00l\x002\x00@\x004\x00x\x00.\x00p\x00n\x00g\
\x00\x0c\
\x07\xd6\xdc\x07\
\x00s\
\x00u\x00n\x00_\x00d\x00a\x00r\x00k\x00.\x00p\x00n\x00g\
\x00\x0e\
\x0dU\x8eg\
\x00l\
\x00i\x00n\x00k\x00_\x00l\x00i\x00g\x00h\x00t\x00.\x00p\x00n\x00g\
\x00\x10\
\x0e\x9d\x8e\xe7\
\x00s\
\x00e\x00t\x00t\x00i\x00n\x00g\x00_\x00d\x00a\x00r\x00k\x00.\x00p\x00n\x00g\
\x00\x12\
\x05f6\xa7\
\x00i\
\x00c\x00o\x00n\x00_\x00c\x00o\x00l\x00o\x00r\x00_\x00d\x00e\x00v\x00.\x00p\x00n\
\x00g\
\x00\x11\
\x0f\xd1\xae\xa7\
\x00s\
\x00h\x00u\x00t\x00d\x00o\x00w\x00n\x00_\x00d\x00a\x00r\x00k\x00.\x00p\x00n\x00g\
\
\x00\x10\
\x0b/3G\
\x00l\
\x00a\x00p\x00t\x00o\x00p\x00_\x00l\x00i\x00g\x00h\x00t\x00.\x00p\x00n\x00g\
\x00\x13\
\x06\x1a\xe9g\
\x00d\
\x00o\x00w\x00n\x00_\x00a\x00r\x00r\x00o\x00w\x00_\x00d\x00a\x00r\x00k\x00.\x00p\
\x00n\x00g\
\x00\x11\
\x0c\x8a\xbcg\
\x00s\
\x00e\x00t\x00t\x00i\x00n\x00g\x00_\x00l\x00i\x00g\x00h\x00t\x00.\x00p\x00n\x00g\
\
\x00\x0e\
\x09?\x91\x9f\
\x00i\
\x00c\x00o\x00n\x00_\x00l\x00i\x00g\x00h\x00t\x00.\x00i\x00c\x00o\
\x00\x0e\
\x07\xad\xf8\xe7\
\x00i\
\x00c\x00o\x00n\x00_\x00c\x00o\x00l\x00o\x00r\x00.\x00p\x00n\x00g\
\x00\x0f\
\x07\xe3\xd6\x07\
\x00l\
\x00a\x00p\x00t\x00o\x00p\x00_\x00d\x00a\x00r\x00k\x00.\x00p\x00n\x00g\
\x00\x0d\
\x0e\x88}\xc7\
\x00l\
\x00i\x00n\x00k\x00_\x00d\x00a\x00r\x00k\x00.\x00p\x00n\x00g\
\x00\x12\
\x069|\xa7\
\x00c\
\x00o\x00n\x00t\x00r\x00a\x00s\x00t\x00_\x00l\x00i\x00g\x00h\x00t\x00.\x00p\x00n\
\x00g\
\x00\x0c\
\x05\x15<\x07\
\x00e\
\x00y\x00e\x00_\x00d\x00a\x00r\x00k\x00.\x00p\x00n\x00g\
\x00\x12\
\x05f.\x7f\
\x00i\
\x00c\x00o\x00n\x00_\x00c\x00o\x00l\x00o\x00r\x00_\x00d\x00e\x00v\x00.\x00i\x00c\
\x00o\
\x00\x11\
\x082\x8a\xe7\
\x00c\
\x00o\x00n\x00t\x00r\x00a\x00s\x00t\x00_\x00d\x00a\x00r\x00k\x00.\x00p\x00n\x00g\
\
\x00\x0d\
\x04\x01\x93\x07\
\x00e\
\x00y\x00e\x00_\x00l\x00i\x00g\x00h\x00t\x00.\x00p\x00n\x00g\
\x00\x0d\
\x07\xc2\xc5\x7f\
\x00i\
\x00c\x00o\x00n\x00_\x00d\x00a\x00r\x00k\x00.\x00i\x00c\x00o\
\x00\x0e\
\x09?\x89G\
\x00i\
\x00c\x00o\x00n\x00_\x00l\x00i\x00g\x00h\x00t\x00.\x00p\x00n\x00g\
\x00\x12\
\x09\xc8\xb8G\
\x00s\
\x00h\x00u\x00t\x00d\x00o\x00w\x00n\x00_\x00l\x00i\x00g\x00h\x00t\x00.\x00p\x00n\
\x00g\
\x00\x10\
\x0bSE\xe7\
\x00m\
\x00o\x00n\x00i\x00t\x00o\x00r\x00_\x00i\x00c\x00o\x00n\x00.\x00p\x00n\x00g\
\x00\x0d\
\x07\xc2\xdd\xa7\
\x00i\
\x00c\x00o\x00n\x00_\x00d\x00a\x00r\x00k\x00.\x00p\x00n\x00g\
\x00\x0d\
\x08\x7f\x93G\
\x00s\
\x00u\x00n\x00_\x00l\x00i\x00g\x00h\x00t\x00.\x00p\x00n\x00g\
\x00\x14\
\x04\xbbEg\
\x00d\
\x00o\x00w\x00n\x00_\x00a\x00r\x00r\x00o\x00w\x00_\x00l\x00i\x00g\x00h\x00t\x00.\
\x00p\x00n\x00g\
\x00\x11\
\x0a\xd6\x06\x87\
\x00m\
\x00o\x00n\x00i\x00t\x00o\x00r\x00_\x00l\x00i\x00g\x00h\x00t\x00.\x00p\x00n\x00g\
\
\x00\x10\
\x0a\x00EG\
\x00m\
\x00o\x00n\x00i\x00t\x00o\x00r\x00_\x00d\x00a\x00r\x00k\x00.\x00p\x00n\x00g\
\x00\x0e\
\x07\xad\xe0?\
\x00i\
\x00c\x00o\x00n\x00_\x00c\x00o\x00l\x00o\x00r\x00.\x00i\x00c\x00o\
"

qt_resource_struct = b"\
\x00\x00\x00\x00\x00\x02\x00\x00\x00\x01\x00\x00\x00\x01\
\x00\x00\x00\x00\x00\x00\x00\x00\
\x00\x00\x00\x00\x00\x02\x00\x00\x00\x02\x00\x00\x00\x02\
\x00\x00\x00\x00\x00\x00\x00\x00\
\x00\x00\x00\x12\x00\x02\x00\x00\x00\x1b\x00\x00\x00\x1d\
\x00\x00\x00\x00\x00\x00\x00\x00\
\x00\x00\x00\x22\x00\x02\x00\x00\x00\x02\x00\x00\x00\x04\
\x00\x00\x00\x00\x00\x00\x00\x00\
\x00\x00\x00<\x00\x02\x00\x00\x00\x0c\x00\x00\x00\x11\
\x00\x00\x00\x00\x00\x00\x00\x00\
\x00\x00\x00J\x00\x02\x00\x00\x00\x0b\x00\x00\x00\x06\
\x00\x00\x00\x00\x00\x00\x00\x00\
\x00\x00\x00z\x00\x00\x00\x00\x00\x01\x00\x00\x04a\
\x00\x00\x01\x96?\xc2~\x08\
\x00\x00\x01|\x00\x00\x00\x00\x00\x01\x00\x00 \xed\
\x00\x00\x01\x96?\xc2~\x09\
\x00\x00\x01&\x00\x00\x00\x00\x00\x01\x00\x00\x15k\
\x00\x00\x01\x96?\xc2~\x0a\
\x00\x00\x00\x9c\x00\x00\x00\x00\x00\x01\x00\x00\x05\xc4\
\x00\x00\x01\x96?\xc2~\x01\
\x00\x00\x00\xe0\x00\x00\x00\x00\x00\x01\x00\x00\x0fl\
\x00\x00\x01\x96?\xc2~\x09\
\x00\x00\x00\xc0\x00\x00\x00\x00\x00\x01\x00\x00\x09\xff\
\x00\x00\x01\x96?\xc2~\x05\
\x00\x00\x00Z\x00\x00\x00\x00\x00\x01\x00\x00\x00\x00\
\x00\x00\x01\x96?\xc2~\x04\
\x00\x00\x01\x5c\x00\x00\x00\x00\x00\x01\x00\x00\x1c\xdc\
\x00\x00\x01\x96?\xc2~\x04\
\x00\x00\x01\x98\x00\x01\x00\x00\x00\x01\x00\x00\x22\x01\
\x00\x00\x01\x96?\xc2~\x07\
\x00\x00\x01B\x00\x01\x00\x00\x00\x01\x00\x00\x17[\
\x00\x00\x01\x96?\xc2}\xff\
\x00\x00\x01\x00\x00\x00\x00\x00\x00\x01\x00\x00\x11\x0a\
\x00\x00\x01\x96?\xc2~\x00\
\x00\x00\x00z\x00\x00\x00\x00\x00\x01\x00\x00,\xef\
\x00\x00\x01\x96?\xc2}\xf9\
\x00\x00\x01\xae\x00\x00\x00\x00\x00\x01\x00\x00K\xd3\
\x00\x00\x01\x96?\xc2}\xfe\
\x00\x00\x01|\x00\x00\x00\x00\x00\x01\x00\x00J\xbf\
\x00\x00\x01\x96?\xc2}\xfb\
\x00\x00\x01&\x00\x00\x00\x00\x00\x01\x00\x00>\x91\
\x00\x00\x01\x96?\xc2}\xfb\
\x00\x00\x00\x9c\x00\x00\x00\x00\x00\x01\x00\x00.Y\
\x00\x00\x01\x96?\xc2}\xf3\
\x00\x00\x00\xe0\x00\x00\x00\x00\x00\x01\x00\x008\x8d\
\x00\x00\x01\x96?\xc2}\xfa\
\x00\x00\x00\xc0\x00\x00\x00\x00\x00\x01\x00\x002\xae\
\x00\x00\x01\x96?\xc2}\xf6\
\x00\x00\x00Z\x00\x00\x00\x00\x00\x01\x00\x00(n\
\x00\x00\x01\x96?\xc2}\xf6\
\x00\x00\x01\x5c\x00\x00\x00\x00\x00\x01\x00\x00F\xa2\
\x00\x00\x01\x96?\xc2}\xf5\
\x00\x00\x01\x98\x00\x01\x00\x00\x00\x01\x00\x00N\x86\
\x00\x00\x01\x96?\xc2}\xf8\
\x00\x00\x01B\x00\x01\x00\x00\x00\x01\x00\x00@\x8c\
\x00\x00\x01\x96?\xc2}\xf0\
\x00\x00\x01\x00\x00\x00\x00\x00\x00\x01\x00\x00:+\
\x00\x00\x01\x96?\xc2}\xf2\
\x00\x00\x04\x1e\x00\x00\x00\x00\x00\x01\x00\x01\x00\x15\
\x00\x00\x01\x99\xd3\x0c7\xb9\
\x00\x00\x05\x10\x00\x00\x00\x00\x00\x01\x00\x01M7\
\x00\x00\x01\x96?\xc2}\xe5\
\x00\x00\x03\xae\x00\x00\x00\x00\x00\x01\x00\x00\xd8c\
\x00\x00\x01\x99\xd3\x0c7\xb8\
\x00\x00\x03\xcc\x00\x01\x00\x00\x00\x01\x00\x00\xde\xf9\
\x00\x00\x01\x93\xd0\xab\x16Q\
\x00\x00\x020\x00\x00\x00\x00\x00\x01\x00\x00q\xb2\
\x00\x00\x01\x93\xd0\xab\x16S\
\x00\x00\x02\xa8\x00\x00\x00\x00\x00\x01\x00\x00\x8aF\
\x00\x00\x01\x96?\xc2}\xe4\
\x00\x00\x03\x84\x00\x00\x00\x00\x00\x01\x00\x00\xc7U\
\x00\x00\x01\x99\xd3\x0c7\xb6\
\x00\x00\x05\x8c\x00\x00\x00\x00\x00\x01\x00\x01S\xe2\
\x00\x00\x01\x93\xc19-y\
\x00\x00\x03\x1e\x00\x00\x00\x00\x00\x01\x00\x00\xaf^\
\x00\x00\x01\x93\xbdj\x10\x00\
\x00\x00\x04>\x00\x01\x00\x00\x00\x01\x00\x01\x06g\
\x00\x00\x01\x93\xc1GZ\xb2\
\x00\x00\x04\xd0\x00\x00\x00\x00\x00\x01\x00\x014\x90\
\x00\x00\x01\x93\xbc}\xff\xbb\
\x00\x00\x01\xca\x00\x00\x00\x00\x00\x01\x00\x00T\xe9\
\x00\x00\x01\x95>\xa1:\xd2\
\x00\x00\x03@\x00\x00\x00\x00\x00\x01\x00\x00\xbf\xcd\
\x00\x00\x01\x96?\xc2}\xe7\
\x00\x00\x03\xf6\x00\x00\x00\x00\x00\x01\x00\x00\xedw\
\x00\x00\x01\x99\xd3\x0c7\xb4\
\x00\x00\x04\xf0\x00\x00\x00\x00\x00\x01\x00\x01DP\
\x00\x00\x01\x95>\xa1:\xd2\
\x00\x00\x04^\x00\x00\x00\x00\x00\x01\x00\x01\x11\xee\
\x00\x00\x01\x93\xbcz\xd8\xa8\
\x00\x00\x02\xfc\x00\x01\x00\x00\x00\x01\x00\x00\xa2o\
\x00\x00\x01\x93\xc1KQ\xb2\
\x00\x00\x04\x80\x00\x00\x00\x00\x00\x01\x00\x01\x22B\
\x00\x00\x01\x99\xd3\x0c7\xbe\
\x00\x00\x05f\x00\x00\x00\x00\x00\x01\x00\x01Q\x7f\
\x00\x00\x01\x96?\xc2}\xed\
\x00\x00\x05>\x00\x00\x00\x00\x00\x01\x00\x01O\x1a\
\x00\x00\x01\x96?\xc2}\xee\
\x00\x00\x02\x82\x00\x00\x00\x00\x00\x01\x00\x00\x88X\
\x00\x00\x01\x96?\xc2}\xe9\
\x00\x00\x04\xaa\x00\x00\x00\x00\x00\x01\x00\x01'\x97\
\x00\x00\x01\x93\xbde\x8c\x05\
\x00\x00\x02\xd4\x00\x00\x00\x00\x00\x01\x00\x00\x8c*\
\x00\x00\x01\x94\xdf\xdf\xd0s\
\x00\x00\x01\xe8\x00\x00\x00\x00\x00\x01\x00\x00^>\
\x00\x00\x01\x99\xd3\x0c7\xbb\
\x00\x00\x03d\x00\x00\x00\x00\x00\x01\x00\x00\xc1\xa3\
\x00\x00\x01\x99\xd3\x0c7\xb9\
\x00\x00\x02\x0a\x00\x00\x00\x00\x00\x01\x00\x00c\xc5\
\x00\x00\x01\x94#\x9f(\xa7\
\x00\x00\x02Z\x00\x00\x00\x00\x00\x01\x00\x00\x82\xad\
\x00\x00\x01\x99\xd3\x0c7\xbd\
"

def qInitResources():
    QtCore.qRegisterResourceData(0x03, qt_resource_struct, qt_resource_name, qt_resource_data)

def qCleanupResources():
    QtCore.qUnregisterResourceData(0x03, qt_resource_struct, qt_resource_name, qt_resource_data)

qInitResources()
